{"type": "FeatureCollection", "features": [{"type": "Feature", "properties": {"rank": 1, "peak": null, "near": "Seterhamran (li, 1.0 km)", "band_length_m": 1523, "drop": 814.57, "aspect": 49.64, "terrain": "mixed", "approach_h": 0.1, "score": 1385.0}, "geometry": {"type": "LineString", "coordinates": [[8.599656985419754, 62.73756792655564], [8.600240333267518, 62.73759460776805], [8.600823682308041, 62.73762128656496], [8.601407032541228, 62.737647962946326], [8.601990383966971, 62.73767463691219], [8.602573736585166, 62.73770130846249], [8.603157090395706, 62.737727977597245], [8.603740445398493, 62.737754644316425], [8.604323801593415, 62.73778130862006], [8.604907158980373, 62.7378079705081], [8.605490517559257, 62.73783462998056], [8.606073877329967, 62.73786128703742], [8.6066572382924, 62.73788794167868], [8.607240600446444, 62.737914593904314], [8.607765868376072, 62.738208837836616], [8.608291146733077, 62.738503079921166], [8.608816435517722, 62.73879732015796], [8.608758346955327, 62.73906491476683], [8.6087002572016, 62.73933250933503], [8.609031098259685, 62.73961786705673], [8.609361945608322, 62.73990322406975], [8.60988726945359, 62.7401974606976], [8.610412603727998, 62.74049169547736], [8.610937948431811, 62.740785928408975], [8.611463303565317, 62.741080159492334], [8.61198866912879, 62.741374388727394], [8.612514045122513, 62.74166861611406], [8.613039431546758, 62.741962841652274], [8.613564828401813, 62.742257065341924], [8.614090235687948, 62.742551287182984], [8.614615653405444, 62.74284550717535], [8.615141081554578, 62.74313972531897], [8.615666520135633, 62.74343394161372], [8.616191969148884, 62.74372815605959], [8.616717428594615, 62.74402236865645], [8.617242898473098, 62.74431657940426], [8.617184872468698, 62.74458417820827], [8.617710356806613, 62.74487838737029], [8.618235851578056, 62.74517259468306], [8.618761356783299, 62.74546680014652], [8.619286872422618, 62.74576100376062], [8.619812398496293, 62.746055205525266], [8.620337935004605, 62.74634940544038], [8.62086348194783, 62.746643603505895], [8.62138903932625, 62.74693779972173], [8.621914607140145, 62.747231994087784], [8.622440185389785, 62.74752618660405], [8.622965774075459, 62.74782037727038], [8.623491373197435, 62.74811456608674], [8.624016982756006, 62.74840875305304], [8.624542602751436, 62.74870293816923], [8.625068233184017, 62.7489971214352], [8.625399338040001, 62.74928244355149], [8.625341373554358, 62.74955004642515], [8.625672486998228, 62.74983536799337], [8.625614523613478, 62.75010297098841], [8.626140189147003, 62.750397150638484], [8.626140189147003, 62.750397150638484]]}}, {"type": "Feature", "properties": {"rank": 2, "peak": null, "near": "Klevgardan (grend, 0.7 km)", "band_length_m": 1341, "drop": 661.12, "aspect": 163.93, "terrain": "mixed", "approach_h": 0.05, "score": 1277.0}, "geometry": {"type": "LineString", "coordinates": [[9.172164347598038, 62.593405478088464], [9.17279814098921, 62.59316186775836], [9.173431924023868, 62.59291825443305], [9.17367827817109, 62.592658460783205], [9.174312043228182, 62.59241484325655], [9.174558385346206, 62.59215504791335], [9.174417314164199, 62.59187907691093], [9.174082543056704, 62.591595017627384], [9.174135179287914, 62.59132713455024], [9.17418781444369, 62.591059251437635], [9.17424044852406, 62.590791368289615], [9.174293081529056, 62.59052348510615], [9.174539407251078, 62.59026368958917], [9.17459203637971, 62.58999580624273], [9.174838354893561, 62.58973601011116], [9.17489098014609, 62.58946812660179], [9.174943604323476, 62.589200243056936], [9.175189912828834, 62.58894044618331], [9.175436216927478, 62.588680648822645], [9.175488834428585, 62.588412764987346], [9.175735131320197, 62.58815296701219], [9.17578774494598, 62.58788508301397], [9.176034034630938, 62.58762528442434], [9.17608664438166, 62.58735740026321], [9.176139253057626, 62.58708951606663], [9.176579204933082, 62.58683780136818], [9.176825478599996, 62.58657800119028], [9.17726541696567, 62.58632628417236], [9.177318012716825, 62.586058399373826], [9.177951605071971, 62.58581476332405], [9.178004193498815, 62.58554687817856], [9.178056780851389, 62.58527899299769], [9.178109367129734, 62.5850111077814], [9.178161952333872, 62.584743222529724], [9.178214536463837, 62.58447533724266], [9.178267119519667, 62.58420745192017], [9.178319701501382, 62.58393956656232], [9.17837228240902, 62.58367168116905], [9.1786185128489, 62.58341187730544], [9.178671089883618, 62.583143991749374], [9.17911096051558, 62.582892268117924], [9.179357177742625, 62.582632462794024], [9.179409746381308, 62.58236457685574], [9.17946231394624, 62.58209669088207], [9.179514880437452, 62.58182880487301], [9.179761084865202, 62.58156899868023], [9.180007284889324, 62.581309192000774], [9.18005984471037, 62.581041305701554], [9.180306037532896, 62.58078149840806], [9.180552225952132, 62.58052169062788], [9.180798409968201, 62.58026188236107], [9.180850960321925, 62.57999399564441], [9.181290764791319, 62.57974226436759], [9.181536935598613, 62.57948245464093], [9.181536935598613, 62.57948245464093]]}}, {"type": "Feature", "properties": {"rank": 3, "peak": "T\u00f8rrhaugan (haug, 0.8 km)", "near": "Tilsetlia (li, 0.3 km)", "band_length_m": 1397, "drop": 708.69, "aspect": 10.65, "terrain": "trees", "approach_h": 0.1, "score": 1270.0}, "geometry": {"type": "LineString", "coordinates": [[9.300334680828467, 62.56566366794036], [9.300283237332264, 62.56593161157828], [9.3002317927856, 62.566199555181875], [9.300180347188459, 62.56646749875109], [9.300128900540795, 62.56673544228597], [9.300077452842585, 62.56700338578649], [9.300026004093798, 62.56727132925268], [9.299974554294405, 62.5675392726845], [9.29992310344437, 62.56780721608197], [9.299871651543668, 62.568075159445094], [9.299820198592267, 62.56834310277384], [9.299962340372934, 62.56861895869817], [9.29991088704448, 62.56888690204832], [9.30005303201372, 62.56916275790689], [9.300001578308228, 62.5694307012784], [9.299950123551953, 62.56969864461559], [9.300285877139306, 62.5699824127426], [9.300234423730604, 62.570250356191245], [9.300182969271095, 62.570518299605546], [9.300131513760755, 62.57078624298548], [9.30008005719955, 62.57105418633105], [9.300222213083245, 62.57133004210386], [9.300170756145011, 62.57159798547083], [9.30011929815585, 62.57186592880343], [9.300067839115737, 62.572133872101695], [9.300016379024639, 62.57240181536559], [9.299964917882523, 62.57266975859515], [9.299913455689367, 62.57293770179033], [9.299861992445132, 62.573205644951166], [9.299810528149791, 62.57347358807763], [9.299759062803314, 62.57374153116975], [9.299901227267773, 62.574017387322755], [9.300043394248116, 62.57429324335427], [9.30018556374443, 62.57456909926426], [9.30013409936875, 62.574837042489264], [9.30027627205518, 62.575112898333494], [9.30041844725778, 62.575388754056206], [9.300366983179112, 62.57565669735833], [9.300315518049231, 62.57592464062612], [9.300264051868112, 62.57619258385953], [9.300212584635725, 62.57646052705859], [9.300161116352038, 62.57672847022331], [9.300109647017022, 62.57699641335367], [9.300058176630646, 62.577264356449646], [9.300006705192882, 62.57753229951127], [9.29995523270369, 62.57780024253853], [9.29990375916305, 62.57806818553146], [9.300239602793278, 62.57835195462291], [9.300381791613216, 62.578627810482764], [9.300330320095293, 62.578895753642946], [9.3002788475259, 62.57916369676876], [9.300227373905003, 62.57943163986022], [9.30036956726479, 62.5797074957658], [9.300511763141646, 62.57998335154986], [9.301041305321606, 62.58027503139783], [9.301570857857355, 62.58056670934523], [9.301519392786606, 62.58083465298578], [9.301274249184509, 62.581094685164935], [9.300835422223258, 62.58134680481005], [9.300624585108064, 62.58142820688676]]}}, {"type": "Feature", "properties": {"rank": 4, "peak": "Hesth\u00f8gda (haug, 2.2 km)", "near": "Seterhamran (li, 1.5 km)", "band_length_m": 1421, "drop": 481.61, "aspect": 24.32, "terrain": "mixed", "approach_h": 0.19, "score": 1194.0}, "geometry": {"type": "LineString", "coordinates": [[8.622403423794752, 62.73500322934068], [8.622539910295325, 62.735279693624946], [8.622676399214894, 62.735556157802684], [8.622618444146038, 62.7358237597809], [8.62314383272075, 62.736117947495984], [8.623280330767674, 62.7363944111869], [8.623416831233943, 62.736670874771306], [8.623747788270897, 62.73695619913645], [8.62427320788478, 62.73725038297543], [8.624604179507154, 62.73753570548599], [8.624740697131935, 62.73781216797516], [8.625071679336301, 62.73809748950239], [8.625208203671109, 62.73837395161108], [8.625539196458092, 62.73865927215487], [8.625481259601049, 62.738926875508675], [8.625617791196335, 62.73920333729755], [8.62575432521194, 62.73947979897981], [8.626085335161232, 62.73976511842803], [8.626416351403819, 62.74005043716655], [8.626747373939882, 62.740335755195396], [8.627272882422302, 62.74062992881132], [8.627603919548422, 62.740915244984905], [8.627934962968627, 62.74120056044868], [8.628266012683106, 62.74148587520263], [8.628402581029068, 62.741762334693114], [8.628539151796351, 62.74203879407688], [8.628870216389398, 62.74232410757289], [8.629006793870305, 62.74260056657591], [8.62953236446057, 62.7428947324351], [8.629863447939076, 62.74318004380127], [8.63019453771312, 62.74346535445741], [8.630331132364478, 62.74374181236398], [8.630467729437898, 62.74401827016379], [8.63099333938608, 62.74431243099784], [8.631518959768421, 62.744606589981466], [8.632044590585206, 62.74490074711452], [8.632375720139482, 62.74518605307412], [8.632901369690964, 62.745480207210406], [8.633232513842342, 62.74576551131355], [8.633777475466356, 62.74597045999145], [8.634303152845803, 62.74626460919229], [8.634653610229861, 62.7464607076312]]}}, {"type": "Feature", "properties": {"rank": 5, "peak": null, "near": "Klevgardan (grend, 0.8 km)", "band_length_m": 1166, "drop": 554.34, "aspect": 183.45, "terrain": "trees", "approach_h": 0.01, "score": 1154.0}, "geometry": {"type": "LineString", "coordinates": [[9.240815779437147, 62.59589574214946], [9.240867824334442, 62.5956278275753], [9.240919868168106, 62.595359912966266], [9.240971910938171, 62.59509199832238], [9.24102395264467, 62.594824083643616], [9.241075993287627, 62.59455616892997], [9.241128032867083, 62.59428825418145], [9.241180071383063, 62.594020339398064], [9.2412321088356, 62.59375242457982], [9.241284145224721, 62.59348450972671], [9.241336180550466, 62.5932165948387], [9.241388214812849, 62.59294867991588], [9.241440248011923, 62.592680764958146], [9.2414922801477, 62.59241284996558], [9.24154431122022, 62.59214493493813], [9.241596341229512, 62.59187701987585], [9.241648370175609, 62.59160910477867], [9.241700398058539, 62.59134118964665], [9.241752424878335, 62.59107327447975], [9.241804450635026, 62.590805359277994], [9.241856475328644, 62.59053744404139], [9.241714782019082, 62.59026153428033], [9.241766806313183, 62.58999361906507], [9.241818829544274, 62.58972570381493], [9.241870851712376, 62.58945778852995], [9.241922872817527, 62.58918987321009], [9.241974892859755, 62.5889219578554], [9.242026911839092, 62.58865404246582], [9.242078929755568, 62.588386127041396], [9.242130946609214, 62.58811821158214], [9.242182962400058, 62.587850296088], [9.242234977128138, 62.58758238055901], [9.242286990793476, 62.587314464995174], [9.242339003396111, 62.58704654939648], [9.242391014936068, 62.58677863376295], [9.242443025413383, 62.58651071809453], [9.242495034828082, 62.58624280239129], [9.2425470431802, 62.58597488665318], [9.242599050469765, 62.58570697088024], [9.242651056696806, 62.585439055072456], [9.24270306186136, 62.5851711392298], [9.242755065963454, 62.5849032233523], [9.242807069003119, 62.58463530743995], [9.242471713405964, 62.5843514057173], [9.241942687473438, 62.58405950952167], [9.241994695954663, 62.58379159395995], [9.242046703373415, 62.58352367836337], [9.242098709729714, 62.58325576273196], [9.242150715023596, 62.582987847065674], [9.242202719255097, 62.58271993136455], [9.242202719255097, 62.58271993136455]]}}, {"type": "Feature", "properties": {"rank": 6, "peak": null, "near": "Klevgardan (grend, 1.1 km)", "band_length_m": 1303, "drop": 677.74, "aspect": 187.08, "terrain": "mixed", "approach_h": 0.13, "score": 1153.0}, "geometry": {"type": "LineString", "coordinates": [[9.230545079968671, 62.601502942730285], [9.230597229842632, 62.60123503322153], [9.230649378650643, 62.60096712367781], [9.230701526392737, 62.600699214099116], [9.230753673068943, 62.600431304485475], [9.230805818679292, 62.60016339483686], [9.230857963223812, 62.599895485153304], [9.23091010670254, 62.59962757543478], [9.230962249115503, 62.599359665681284], [9.231014390462734, 62.59909175589283], [9.23106653074426, 62.59882384606945], [9.231118669960118, 62.59855593621108], [9.231170808110335, 62.59828802631775], [9.231222945194943, 62.59802011638948], [9.23127508121397, 62.59775220642626], [9.231327216167452, 62.59748429642808], [9.23137935005542, 62.597216386394926], [9.231431482877898, 62.59694847632686], [9.23128985950395, 62.596672556852205], [9.231341991922806, 62.59640464680545], [9.23139412327624, 62.596136736723736], [9.231640003513588, 62.595876835704956], [9.232079627808528, 62.59562494267279], [9.231938004052733, 62.59534902383219], [9.2319901276906, 62.5950811134282], [9.232042250263259, 62.59481320298928], [9.231513147829045, 62.59452126659031], [9.231759012920898, 62.59426136517316], [9.23181113575203, 62.593993454811866], [9.23147578560691, 62.59370952687707], [9.231527909761512, 62.593441616628326], [9.231580032850959, 62.593173706344636], [9.23163215487528, 62.592905796025995], [9.231684275834505, 62.59263788567242], [9.23173639572867, 62.592369975283866], [9.231788514557802, 62.592102064860384], [9.231840632321932, 62.59183415440196], [9.231892749021094, 62.591566243908595], [9.231944864655313, 62.591298333380266], [9.231996979224627, 62.591030422817], [9.232049092729062, 62.59076251221881], [9.232101205168652, 62.590494601585625], [9.232153316543426, 62.59022669091756], [9.232205426853415, 62.589958780214516], [9.232257536098647, 62.58969086947658], [9.23230964427916, 62.589422958703636], [9.232361751394977, 62.5891550478958], [9.232413857446138, 62.588887137053014], [9.232465962432668, 62.58861922617528], [9.232518066354599, 62.588351315262614], [9.232182770287947, 62.58806738953768], [9.231653783212591, 62.58777545483935], [9.231090063587468, 62.58766212510884], [9.230948483222367, 62.58738620562778], [9.231000598065771, 62.58711829538459], [9.230859020867532, 62.58684237583988], [9.230911135307434, 62.586574465618014], [9.230963248682615, 62.58630655536119], [9.230821675312274, 62.58603063580908], [9.230680104447263, 62.58575471613705], [9.2305211644196, 62.585568099711644]]}}, {"type": "Feature", "properties": {"rank": 7, "peak": null, "near": "Klevgardan (grend, 0.5 km)", "band_length_m": 1151, "drop": 479.68, "aspect": 188.14, "terrain": "trees", "approach_h": 0.01, "score": 1140.0}, "geometry": {"type": "LineString", "coordinates": [[9.232074366760752, 62.59364424928004], [9.232126485379721, 62.593376338745934], [9.232178602933645, 62.59310842817693], [9.232230719422565, 62.59284051757296], [9.2322828348465, 62.592572606934056], [9.232334949205487, 62.5923046962602], [9.232387062499557, 62.59203678555142], [9.232439174728736, 62.591768874807705], [9.232491285893062, 62.59150096402904], [9.232543395992565, 62.59123305321541], [9.232595505027271, 62.59096514236687], [9.232647612997214, 62.59069723148338], [9.232506005065051, 62.59042131332195], [9.232558112632008, 62.59015340245979], [9.232610219134262, 62.58988549156269], [9.232662324571839, 62.58961758063067], [9.232714428944776, 62.5893496696637], [9.232766532253098, 62.58908175866181], [9.23281863449684, 62.58881384762496], [9.232870735676032, 62.58854593655319], [9.232922835790704, 62.58827802544647], [9.23297493484089, 62.58801011430484], [9.233027032826614, 62.587742203128265], [9.23307912974791, 62.58747429191676], [9.233131225604815, 62.58720638067032], [9.233183320397353, 62.58693846938896], [9.233235414125561, 62.586670558072655], [9.233287506789459, 62.58640264672144], [9.233339598389092, 62.586134735335264], [9.233391688924476, 62.58586682391421], [9.233443778395655, 62.585598912458174], [9.233495866802656, 62.58533100096723], [9.233547954145502, 62.585063089441405], [9.233600040424237, 62.58479517788059], [9.233652125638882, 62.584527266284894], [9.233704209789472, 62.58425935465425], [9.233368946406307, 62.5839754320774], [9.233227360548183, 62.583699514793686], [9.233051052073025, 62.583602204974376]]}}, {"type": "Feature", "properties": {"rank": 8, "peak": "Seterhaugen (haug, 0.5 km)", "near": "Toreshauglia (li, 0.6 km)", "band_length_m": 1180, "drop": 500.04, "aspect": 108.58, "terrain": "mixed", "approach_h": 0.1, "score": 1073.0}, "geometry": {"type": "LineString", "coordinates": [[8.456529749979952, 62.70553915242341], [8.457151885490875, 62.70538807629226], [8.457754224843042, 62.70532616929671], [8.458356561813128, 62.705264259678636], [8.45895889640103, 62.70520234743806], [8.459561228606645, 62.70514043257499], [8.46020312317989, 62.70490017025928], [8.460825227193668, 62.704749077404365], [8.461447324956984, 62.704597981705824], [8.462049640166684, 62.70453605591998], [8.462632178421904, 62.70456330037163], [8.463234490732384, 62.70450136944933], [8.463817029685952, 62.70452860897639], [8.464399569854239, 62.704555846092916], [8.465041413365551, 62.70431556094867], [8.465683246488416, 62.70407527273067], [8.46632506922297, 62.703834981439016], [8.466966881569356, 62.703594687073775], [8.467569165999244, 62.703532737146666], [8.468191205010971, 62.70338161073581], [8.468832992601284, 62.70314130750282], [8.469455017110045, 62.7029901752931], [8.470057284540221, 62.70292821444513], [8.470639800490112, 62.70295542528327], [8.47122231765333, 62.70298263371097], [8.471804836029767, 62.703009839728225], [8.472407099521678, 62.7029478687166], [8.472989618592909, 62.7029750698095], [8.473552398437382, 62.70309144331723], [8.474134921665675, 62.703118639692605], [8.474717446106668, 62.7031458336575], [8.475299971760263, 62.70317302521187], [8.475882498626351, 62.703200214355746], [8.476484758487546, 62.70313822574691], [8.477106745745413, 62.70298705906137], [8.477689271054093, 62.70301424066362], [8.478311249809007, 62.70286306851835], [8.478311249809007, 62.70286306851835]]}}, {"type": "Feature", "properties": {"rank": 9, "peak": "Bergehaugan (haug, 1.2 km)", "near": "Litllia (li, 0.6 km)", "band_length_m": 1537, "drop": 820.87, "aspect": 99.52, "terrain": "open", "approach_h": 0.44, "score": 1067.0}, "geometry": {"type": "LineString", "coordinates": [[8.435792738695136, 62.80214592235547], [8.436436983902393, 62.80190579859427], [8.437081218645607, 62.80166567174442], [8.437725442924917, 62.80142554180605], [8.438309866067593, 62.80145291062043], [8.438914219055407, 62.80139110963457], [8.439498642910682, 62.80141847350414], [8.440142842561842, 62.80117833215955], [8.44078703174923, 62.800938187726736], [8.441431210472977, 62.80069804020581], [8.442075378733234, 62.80045788959684], [8.442719536530127, 62.80021773589996], [8.4433636838638, 62.79997757911523], [8.444007820734395, 62.79973741924272], [8.444632037493923, 62.79958642471357], [8.445236340191881, 62.79952459586866], [8.445820734468617, 62.799551933034614], [8.446405129972131, 62.799579267780416], [8.446989526702328, 62.799606600106074], [8.447573924659096, 62.79963393001157], [8.448158323842332, 62.79966125749687], [8.448742724251936, 62.799688582562], [8.449327125887796, 62.799715905206924], [8.449911528749812, 62.799743225431634], [8.450495932837875, 62.79977054323615], [8.451080338151884, 62.799797858620416], [8.45166474469173, 62.79982517158446], [8.452249152457311, 62.79985248212825], [8.45283356144852, 62.7998797902518], [8.453417971665255, 62.799907095955085], [8.45400238310741, 62.799934399238076], [8.45458679577488, 62.79996170010081], [8.455171209667558, 62.799988998543235], [8.455755624785338, 62.80001629456535], [8.456340041128124, 62.800043588167156], [8.4569244586958, 62.800070879348645], [8.457508877488264, 62.80009816810981], [8.458073427968014, 62.800214625275736], [8.458657850953832, 62.800241909300176], [8.45922240897888, 62.80035836193264], [8.459786971580522, 62.80047481234797], [8.460371401727766, 62.80050208931919], [8.46095583309921, 62.80052936386999], [8.461540265694738, 62.800556636000366], [8.462124699514257, 62.8005839057103], [8.462709134557654, 62.800611172999794], [8.463293570824828, 62.80063843786883], [8.46385815581183, 62.80075487216788], [8.46444259627048, 62.800782132299865], [8.465007188801327, 62.80089856206495], [8.465571785908175, 62.80101498961262], [8.466156233525519, 62.80104224269083], [8.466760526420353, 62.80098032098798], [8.467344974739632, 62.80100756912124], [8.467969105005547, 62.80085646968352], [8.468553552281975, 62.80088371276802], [8.469138000781134, 62.800910953431945], [8.469682780245293, 62.80111653744871], [8.47024740109014, 62.801232946462605], [8.47081202651039, 62.80134935325884], [8.47139648687701, 62.801376584655614], [8.471980948465877, 62.801403813631765], [8.47256541127689, 62.80143104018726], [8.47314987530994, 62.8014582643221], [8.473754163822314, 62.80139631243479], [8.474358449931808, 62.80133435791468], [8.474942914141373, 62.80136157458003], [8.475567014941754, 62.80121044097606], [8.475976473233219, 62.80113940832227]]}}, {"type": "Feature", "properties": {"rank": 10, "peak": "Skje\u00e5haugen (haug, 0.4 km)", "near": "Seterlia (li, 0.2 km)", "band_length_m": 1140, "drop": 392.42, "aspect": 257.37, "terrain": "trees", "approach_h": 0.07, "score": 1065.0}, "geometry": {"type": "LineString", "coordinates": [[8.513135975122314, 63.027376435531195], [8.512487251294903, 63.027616856545436], [8.511898218848682, 63.027589741967134], [8.511269382867281, 63.02774097972891], [8.510640540469709, 63.027892214611434], [8.510051504628658, 63.027865092282866], [8.509462470023847, 63.0278379675095], [8.508913256181351, 63.02763248635687], [8.508344138933237, 63.02751618003172], [8.50777502633554, 63.02739987146513], [8.50720591838829, 63.02728356065719], [8.50663681509152, 63.02716724760794], [8.506087634193122, 63.02696175583994], [8.505558380195042, 63.02666708563744], [8.505009216375683, 63.02646158986992], [8.504440138233212, 63.02634526825327], [8.503871064741267, 63.026228944395534], [8.503282070374434, 63.026201794291104], [8.50269307724495, 63.026174641742145], [8.502124014429118, 63.026058310962384], [8.501594817279525, 63.02576362655397], [8.501045698980013, 63.02555811588976], [8.500476655029741, 63.02544177868547], [8.499907615730223, 63.025325439240326], [8.499338581081494, 63.02520909755434], [8.498789489435959, 63.02500357841937], [8.49822046572649, 63.02488723235131], [8.497671388157798, 63.02468170902865], [8.49710237538759, 63.024565358578705], [8.496553311895552, 63.02435983106855], [8.495984310064605, 63.02424347623686], [8.495435260649037, 63.024037944539444], [8.494886219021492, 63.02383241079586], [8.49435713580802, 63.02353770056605], [8.493828063243887, 63.02324298847528], [8.493828063243887, 63.02324298847528]]}}, {"type": "Feature", "properties": {"rank": 11, "peak": "Merkesvaet (haug, 0.1 km)", "near": "Kvenn\u00e5lia (li, 0.3 km)", "band_length_m": 1172, "drop": 675.85, "aspect": 172.18, "terrain": "mixed", "approach_h": 0.11, "score": 1056.0}, "geometry": {"type": "LineString", "coordinates": [[8.850876391518668, 62.80016301535972], [8.850932434668886, 62.799895298782886], [8.850988476666917, 62.79962758216758], [8.85104451751278, 62.79935986551381], [8.85110055720652, 62.79909214882157], [8.851156595748165, 62.798824432090875], [8.85140757844226, 62.79856526573387], [8.852048444364312, 62.798323198155], [8.852299414771005, 62.798064030056516], [8.852355439958696, 62.797796312682834], [8.852411463994642, 62.7975285952707], [8.85246748687887, 62.79726087782011], [8.852523508611418, 62.79699316033107], [8.852579529192322, 62.79672544280357], [8.852635548621608, 62.79645772523761], [8.852691566899317, 62.7961900076332], [8.852747584025476, 62.79592228999035], [8.852608673423592, 62.795646024050384], [8.852469765295918, 62.79536975799818], [8.852330859642375, 62.795093491833775], [8.85219195646289, 62.79481722555714], [8.85224797482688, 62.79454950811323], [8.852303992039383, 62.794281790630855], [8.852360008100437, 62.79401407311003], [8.852416023010068, 62.79374635555077], [8.852472036768322, 62.79347863795301], [8.852528049375222, 62.79321092031685], [8.852584060830804, 62.79294320264222], [8.852640071135106, 62.79267548492914], [8.85308589083336, 62.79242486269471], [8.853336799054324, 62.79216569196591], [8.853587702755243, 62.791906520733804], [8.853838601936243, 62.79164734899836], [8.854089496597446, 62.7913881767596], [8.854145489504898, 62.791120458229216], [8.854201481261512, 62.790852739660394], [8.854257471867324, 62.79058502105313], [8.854508353311692, 62.79032584790254], [8.85456433986782, 62.790058129120645], [8.85462032527328, 62.789790410300355], [8.854481422783229, 62.78951414623978], [8.854147638025458, 62.7892293364243], [8.854593391337236, 62.788978708602535], [8.855215359799598, 62.78882586337159], [8.855855978879962, 62.788583775475246], [8.856301707862418, 62.7883331419391], [8.856942307331678, 62.788091048851534], [8.857582896313339, 62.78784895271569], [8.858028599419091, 62.787598313387754], [8.858650521310715, 62.787445452382215], [8.859096209212082, 62.7871948094834], [8.85954188948343, 62.78694416507836], [8.859792692123342, 62.78668498153566], [8.859848621992176, 62.78641725995612], [8.860099417217716, 62.7861580757744], [8.860545072939988, 62.785907427889754], [8.860795857511594, 62.785648242335235], [8.860462052627977, 62.785363447271465], [8.859914752879654, 62.78515935473013], [8.859386104081212, 62.78486601966595], [8.85905232147703, 62.784581221493674], [8.85871854522428, 62.78429642259664], [8.858737189981413, 62.78420718222393]]}}, {"type": "Feature", "properties": {"rank": 12, "peak": "T\u00f8rrhaugan (haug, 1.3 km)", "near": "Skoglund (bruk, 1.2 km)", "band_length_m": 1142, "drop": 548.89, "aspect": 182.23, "terrain": "trees", "approach_h": 0.1, "score": 1038.0}, "geometry": {"type": "LineString", "coordinates": [[9.30197138940267, 62.59372529572678], [9.30260415369419, 62.59348108535596], [9.303236907619372, 62.59323687200183], [9.30348213991256, 62.592976837514115], [9.303727367815291, 62.59271680254429], [9.304360096150456, 62.59247258381195], [9.304799063027144, 62.592220454763364], [9.30543177200815, 62.591976230957826], [9.305676974296837, 62.59171619227136], [9.30572842581824, 62.591448247110144], [9.305973620938243, 62.591188207817254], [9.306025068629278, 62.590920262497306], [9.306076515268929, 62.59065231714305], [9.306321700441888, 62.59039227711943], [9.306373143251523, 62.590124331606454], [9.3064245850099, 62.589856386059175], [9.30647602571705, 62.589588440477584], [9.306527465373, 62.589320494861695], [9.306578903977794, 62.58905254921148], [9.306630341531445, 62.588784603526946], [9.306681778033994, 62.58851665780809], [9.306733213485469, 62.58824871205494], [9.306784647885902, 62.58798076626746], [9.30683608123532, 62.58771282044567], [9.306887513533757, 62.58744487458957], [9.306551507180318, 62.5871611198629], [9.306021790485929, 62.58686945912766], [9.305492084152895, 62.586577796490815], [9.305349813318502, 62.58630194506353], [9.305401255903764, 62.58603399984628], [9.305452697437914, 62.58576605459472], [9.305310430474082, 62.585490203157185], [9.304780755172866, 62.58519853813736], [9.304251090231599, 62.58490687121616], [9.303721435650013, 62.584615202393714], [9.303579189822301, 62.58433934940494], [9.303243249100838, 62.58405558738342], [9.302907314701253, 62.583771824617976], [9.302377693248033, 62.58348015104041], [9.302041773451679, 62.583196386342436], [9.301688703758447, 62.583001935442205]]}}, {"type": "Feature", "properties": {"rank": 13, "peak": null, "near": "Klevgardan (grend, 1.0 km)", "band_length_m": 1035, "drop": 581.59, "aspect": 175.62, "terrain": "trees", "approach_h": 0.0, "score": 1035.0}, "geometry": {"type": "LineString", "coordinates": [[9.1991775029685, 62.59309072800911], [9.199229916591266, 62.59282283304021], [9.199282329143047, 62.59255493803608], [9.199334740623872, 62.59228704299673], [9.199387151033768, 62.592019147922144], [9.199439560372769, 62.59175125281237], [9.199491968640906, 62.59148335766734], [9.199544375838208, 62.59121546248712], [9.199596781964713, 62.59094756727168], [9.199649187020446, 62.590679672021004], [9.199701591005438, 62.59041177673511], [9.19975399391972, 62.590143881414036], [9.199806395763327, 62.58987598605771], [9.199858796536287, 62.589608090666175], [9.199911196238634, 62.589340195239416], [9.199963594870393, 62.58907229977746], [9.2000159924316, 62.58880440428028], [9.20006838892229, 62.588536508747886], [9.200120784342483, 62.588268613180304], [9.20017317869222, 62.58800071757748], [9.200419258250859, 62.587740873654056], [9.200471648734078, 62.5874729778891], [9.200524038146959, 62.58720508208898], [9.200576426489542, 62.586937186253614], [9.200628813761854, 62.58666929038305], [9.200681199963928, 62.58640139447729], [9.200733585095794, 62.58613349853633], [9.200785969157485, 62.58586560256014], [9.20083835214903, 62.58559770654877], [9.20089073407046, 62.58532981050217], [9.200943114921808, 62.5850619144204], [9.200995494703106, 62.58479401830339], [9.201047873414378, 62.584526122151225], [9.201100251055664, 62.58425822596382], [9.201152627626989, 62.58399032974125], [9.20178598503425, 62.58374658289712], [9.20203201343804, 62.583486735507286], [9.202278037440609, 62.58322688763161], [9.202330401106822, 62.58295899080992], [9.202382763703405, 62.58269109395302], [9.202435125230387, 62.58242319706095], [9.202487485687804, 62.5821553001337], [9.202539845075684, 62.58188740317124], [9.202785850704196, 62.58162755417552], [9.203225497755076, 62.581375752069604], [9.203471492976641, 62.581115901743324], [9.203523841187259, 62.58084800427358], [9.203576188328627, 62.580580106768664], [9.20362853440079, 62.580312209228566], [9.203663431188236, 62.58013361084897]]}}, {"type": "Feature", "properties": {"rank": 14, "peak": "Furuhaugen (haug, 0.4 km)", "near": "Seterbakken (li, 0.3 km)", "band_length_m": 1103, "drop": 449.23, "aspect": 74.73, "terrain": "trees", "approach_h": 0.08, "score": 1021.0}, "geometry": {"type": "LineString", "coordinates": [[8.569362769713477, 62.850138737011086], [8.57000703227303, 62.84989800065241], [8.570612142851209, 62.84983564143909], [8.571197681950393, 62.84986246980357], [8.571783222257883, 62.84988929574121], [8.572368763773587, 62.84991611925201], [8.572934742571773, 62.850032130852505], [8.573520288255972, 62.85005894961192], [8.57410583514807, 62.85008576594445], [8.574632706437646, 62.85038015229355], [8.575198703549912, 62.85049615498699], [8.575784261074975, 62.850522964448096], [8.576330711509712, 62.85072815369322], [8.576916274954783, 62.850754958504986], [8.57748228876213, 62.850870952193034], [8.578067856374348, 62.85089775225308], [8.578633877719685, 62.85101374138939], [8.579180357653545, 62.85121891989508], [8.579707300629243, 62.85151328804953], [8.580273340564675, 62.851629270797666], [8.580819843542141, 62.851834443194456], [8.581385894252486, 62.85195042158589], [8.581932411108161, 62.8521555898167], [8.582498472593425, 62.85227156385125], [8.58304500332749, 62.85247672791587], [8.583591541743216, 62.85268188994388], [8.584138087840707, 62.852887049935205], [8.584684641620058, 62.85309220788979], [8.585250732471064, 62.85320817117782], [8.585797300129387, 62.85341332496572], [8.586343875469803, 62.853618476716704], [8.586929507959447, 62.85364524059917], [8.587476095693988, 62.85385038809009], [8.588061734101244, 62.85387714732199], [8.588647373714062, 62.853903904126426], [8.589213496610375, 62.85401985182096], [8.589760107647813, 62.85422499069822], [8.59034575613624, 62.85425174052657], [8.590931405829844, 62.854278487927395], [8.591126622662177, 62.854287403188245]]}}, {"type": "Feature", "properties": {"rank": 15, "peak": "Holhaugen (haug, 1.0 km)", "near": "Bekkalia (li, 1.1 km)", "band_length_m": 1037, "drop": 454.85, "aspect": 15.33, "terrain": "trees", "approach_h": 0.05, "score": 988.0}, "geometry": {"type": "LineString", "coordinates": [[9.256070943482932, 62.56654801306607], [9.25601909985358, 62.56681593592347], [9.25596725516566, 62.567083858746116], [9.255915409419131, 62.567351781534065], [9.255863562613973, 62.56761970428726], [9.25619886725621, 62.56790357352603], [9.256147021781294, 62.568171496391344], [9.256095175247719, 62.568439419221924], [9.256043327655458, 62.56870734201778], [9.255991479004472, 62.56897526477894], [9.255939629294739, 62.569243187505336], [9.255887778526223, 62.569511110197034], [9.255835926698891, 62.569779032854015], [9.255784073812722, 62.570046955476236], [9.255732219867674, 62.57031487806377], [9.255680364863721, 62.57058280061655], [9.25562850880083, 62.57085072313464], [9.255576651678979, 62.571118645617965], [9.255524793498129, 62.57138656806658], [9.25547293425825, 62.57165449048046], [9.255421073959312, 62.571922412859614], [9.255369212601286, 62.572190335204034], [9.255317350184141, 62.57245825751371], [9.255265486707843, 62.57272617978867], [9.255407231360152, 62.57300207661307], [9.255355367489928, 62.57326999890937], [9.255690728187092, 62.573553869900536], [9.25602609519394, 62.57383774015097], [9.255974235044313, 62.57410566270627], [9.255922373835535, 62.57437358522681], [9.255870511567556, 62.574641507712634], [9.25620589205465, 62.57492537766285], [9.25673490289595, 62.57521721977696], [9.257263924085809, 62.57550905999511], [9.257616610628379, 62.57570361908724]]}}, {"type": "Feature", "properties": {"rank": 16, "peak": null, "near": "Pellan (li, 0.2 km)", "band_length_m": 1114, "drop": 465.32, "aspect": 194.35, "terrain": "trees", "approach_h": 0.14, "score": 977.0}, "geometry": {"type": "LineString", "coordinates": [[8.593000141015898, 62.7726663848794], [8.59305845607767, 62.77239879981411], [8.59311676994222, 62.77213121470798], [8.592785737955769, 62.77184581740209], [8.592844052910287, 62.77157823241786], [8.592902366667618, 62.77131064739276], [8.592960679227788, 62.77104306232687], [8.593018990590833, 62.770775477220106], [8.593077300756795, 62.77050789207253], [8.593135609725698, 62.77024030688411], [8.593193917497588, 62.76997272165486], [8.593252224072494, 62.76970513638476], [8.59331052945045, 62.76943755107385], [8.593368833631494, 62.76916996572209], [8.593427136615661, 62.76890238032952], [8.593485438402983, 62.76863479489608], [8.593543738993494, 62.76836720942185], [8.593602038387239, 62.76809962390677], [8.593660336584238, 62.767832038350875], [8.59371863358454, 62.76756445275415], [8.593776929388168, 62.76729686711659], [8.593835223995168, 62.76702928143821], [8.59389351740556, 62.766761695719026], [8.593562535170602, 62.76647630079569], [8.593231559236738, 62.76619090516371], [8.593095222747024, 62.7659144144104], [8.592958888676408, 62.7656379235511], [8.592627927630197, 62.76535252666454], [8.5922969728844, 62.765067129069415], [8.592355275332233, 62.76479954408202], [8.592218952811423, 62.764523052631716], [8.59208263270928, 62.76424656107547], [8.592102066955647, 62.764157366111185]]}}, {"type": "Feature", "properties": {"rank": 17, "peak": "Furuhaugen (haug, 0.4 km)", "near": "Seterbakken (li, 0.3 km)", "band_length_m": 1058, "drop": 511.75, "aspect": 59.03, "terrain": "trees", "approach_h": 0.09, "score": 971.0}, "geometry": {"type": "LineString", "coordinates": [[8.570225001916514, 62.84441268886737], [8.570751734870916, 62.84470708817731], [8.571278478335202, 62.8450014856341], [8.571805232309652, 62.8452958812377], [8.572136844859399, 62.84558133437714], [8.572273309924158, 62.84585784636289], [8.57280008896758, 62.846152238525775], [8.573326878522224, 62.84644662883522], [8.573853678588375, 62.846741017291095], [8.57443915984427, 62.84676783145474], [8.575005087301093, 62.84688383411159], [8.575590572723746, 62.84691064352442], [8.576156507717013, 62.847026641630514], [8.576722447287358, 62.84714263751004], [8.577249294230949, 62.84743701377988], [8.57777615168718, 62.84773138819571], [8.578303019656323, 62.84802576075749], [8.578849442757972, 62.84823093989315], [8.579395873538974, 62.84843611699289], [8.579922770348382, 62.84873048381483], [8.580469217972594, 62.84893565693564], [8.581015673276504, 62.849140828020346], [8.581562136260207, 62.84934599706886], [8.582128142637698, 62.849461971950454], [8.582713687553762, 62.8494887523721], [8.583279701467001, 62.849604722701905], [8.583826189232767, 62.84980988323284], [8.584392213918534, 62.849925849206016], [8.584938715559908, 62.85013100557094], [8.5855047510182, 62.850246967187346], [8.58583655185697, 62.85053239016691], [8.58636355108345, 62.85082673402241], [8.586714889743378, 62.85102296222878], [8.5872614281309, 62.85122810998538], [8.587807974199153, 62.85143325570513], [8.58837404647843, 62.851549206190526], [8.58894012333471, 62.851665154448376], [8.58950620476796, 62.85178110047869], [8.590072290778133, 62.851897044281415], [8.590618869310873, 62.85210217944432], [8.591184966093847, 62.85221811888934], [8.591770576269877, 62.85224486232376], [8.592336680587406, 62.8523607972158], [8.592883283903756, 62.852565923858045], [8.592883283903756, 62.852565923858045]]}}, {"type": "Feature", "properties": {"rank": 18, "peak": "R\u00f8dhaugen (haug, 2.3 km)", "near": "Hattlia (li, 0.3 km)", "band_length_m": 986, "drop": 433.19, "aspect": 230.03, "terrain": "trees", "approach_h": 0.02, "score": 967.0}, "geometry": {"type": "LineString", "coordinates": [[11.42997348926785, 63.109405298362894], [11.429413168179703, 63.109121612412146], [11.428852858008883, 63.10883792430767], [11.428292558755123, 63.10855423404959], [11.427732270418154, 63.10827054163798], [11.42717199299771, 63.10798684707289], [11.426611726493528, 63.10770315035442], [11.426051470905335, 63.107419451482656], [11.425491226232866, 63.107135750457665], [11.424930992475854, 63.10685204727956], [11.424370769634036, 63.106568341948375], [11.423810557707137, 63.106284634464245], [11.423250356694897, 63.106000924827214], [11.422690166597045, 63.10571721303737], [11.422129987413316, 63.105433499094794], [11.42156981914344, 63.10514978299961], [11.421009661787155, 63.10486606475183], [11.420438483077604, 63.10467192071724], [11.419856278018036, 63.10456735073568], [11.419296148634647, 63.1042836258771], [11.418736030164002, 63.103999898866284], [11.4181648837543, 63.10380574585748], [11.417604785519798, 63.10352201449117], [11.417033656092027, 63.103327857022336], [11.416473578092889, 63.10304412130082], [11.416473578092889, 63.10304412130082]]}}, {"type": "Feature", "properties": {"rank": 19, "peak": "Hesth\u00f8gda (haug, 1.9 km)", "near": "Haugen (li, 1.7 km)", "band_length_m": 1071, "drop": 574.25, "aspect": 18.87, "terrain": "mixed", "approach_h": 0.14, "score": 939.0}, "geometry": {"type": "LineString", "coordinates": [[8.630276142052885, 62.73401063157082], [8.630218259593464, 62.73427823757428], [8.63016037594707, 62.73454584353728], [8.630102491113666, 62.734813449459885], [8.630044605093225, 62.735081055341986], [8.6299867178857, 62.73534866118367], [8.629928829491067, 62.73561626698489], [8.629870939909287, 62.735883872745674], [8.629813049140328, 62.73615147846598], [8.62975515718415, 62.73641908414585], [8.629697264040725, 62.73668668978526], [8.629639369710013, 62.73695429538423], [8.62958147419198, 62.73722190094273], [8.629523577486596, 62.73748950646075], [8.629660141312863, 62.73776596470689], [8.629796707559946, 62.73804242284632], [8.62993327622792, 62.73831888087905], [8.629875379987451, 62.738586486538544], [8.629817482559556, 62.73885409215759], [8.629954054750199, 62.739130550204855], [8.630479575110318, 62.73942471194278], [8.631005105900648, 62.7397188718307], [8.631530647121473, 62.740013029868564], [8.632056198773068, 62.74030718605628], [8.632581760855706, 62.74060134039379], [8.633107333369676, 62.74089549288099], [8.63343843056968, 62.74118079597929], [8.63376953406481, 62.741466098367454], [8.634100643855257, 62.741751400045466], [8.634626251694195, 62.74204554724403], [8.634762882322862, 62.74232200127085], [8.63528850675851, 62.742616146177], [8.63581414162731, 62.74291028923245], [8.636339786929552, 62.743204430437096], [8.63686544266551, 62.743498569790894], [8.637410389335917, 62.743703504172316], [8.637936064596579, 62.7439976397366], [8.638072734452386, 62.74427409098508], [8.63859842631309, 62.744568224256255], [8.639124128608783, 62.74486235567625], [8.63964984133975, 62.74515648524496], [8.639825081235738, 62.74525452802312]]}}, {"type": "Feature", "properties": {"rank": 20, "peak": null, "near": "Klevgardan (grend, 0.9 km)", "band_length_m": 994, "drop": 489.72, "aspect": 175.08, "terrain": "mixed", "approach_h": 0.06, "score": 938.0}, "geometry": {"type": "LineString", "coordinates": [[9.215091647062845, 62.59060060638015], [9.21514391182934, 62.59033270376418], [9.215196175527941, 62.59006480111314], [9.215248438158687, 62.58979689842701], [9.215300699721599, 62.5895289957058], [9.215352960216721, 62.589261092949485], [9.215405219644069, 62.58899319015813], [9.215457478003687, 62.588725287331634], [9.215509735295594, 62.58845738447011], [9.215561991519834, 62.58818948157349], [9.215614246676429, 62.58792157864178], [9.215666500765417, 62.587653675674986], [9.21571875378682, 62.587385772673116], [9.215771005740676, 62.58711786963618], [9.215823256627013, 62.58684996656415], [9.215875506445864, 62.58658206345705], [9.215927755197256, 62.586314160314885], [9.215980002881224, 62.586046257137646], [9.216032249497799, 62.58577835392529], [9.21608449504701, 62.5855104506779], [9.216136739528888, 62.585242547395424], [9.216188982943464, 62.58497464407788], [9.216241225290773, 62.58470674072525], [9.21629346657084, 62.584438837337565], [9.2163457067837, 62.5841709339148], [9.216397945929383, 62.583903030456966], [9.216837514478266, 62.58365118464352], [9.216889748038971, 62.583383280932686], [9.216941980532662, 62.58311537718678], [9.216994211959367, 62.58284747340582], [9.21704644231912, 62.58257956958977], [9.21709867161195, 62.58231166573867], [9.21715089983789, 62.58204376185251], [9.217396780333168, 62.58178388573002], [9.217449004700297, 62.581515981682294], [9.21788852812822, 62.58126413202926], [9.218328044063245, 62.58101228090615], [9.218573905358554, 62.580752402484], [9.218573905358554, 62.580752402484]]}}, {"type": "Feature", "properties": {"rank": 21, "peak": null, "near": "Ivarbrennan (li, 0.2 km)", "band_length_m": 974, "drop": 416.23, "aspect": 200.15, "terrain": "trees", "approach_h": 0.05, "score": 928.0}, "geometry": {"type": "LineString", "coordinates": [[11.661633059717808, 63.45294194002679], [11.661464204587334, 63.45266848048474], [11.661495545127131, 63.45239969625542], [11.661526885005726, 63.45213091200738], [11.661558224223139, 63.45186212774056], [11.661589562779394, 63.451593343454995], [11.661620900674507, 63.45132455915068], [11.661652237908497, 63.451055774827594], [11.661483393189071, 63.45078231531137], [11.660914193146835, 63.45049950396705], [11.660345004327652, 63.450216690413285], [11.65977582673125, 63.449933874650135], [11.659406833286077, 63.44965573499149], [11.659238017939794, 63.449382272952334], [11.659069205746178, 63.44910881072393], [11.659100563875931, 63.4488400270157], [11.658731590816567, 63.44856188569931], [11.658162461734157, 63.44827906374426], [11.65759334387272, 63.44799623958024], [11.657424555215446, 63.44772277550506], [11.656855455613794, 63.447439948492736], [11.656686677147343, 63.44716648358895], [11.65651790183253, 63.44689301849597], [11.656349129669252, 63.446619553213814], [11.65618036065741, 63.44634608774251], [11.656011594796906, 63.44607262208203], [11.655442541606948, 63.44578978966431], [11.65527378593545, 63.445516323175426], [11.654904892171503, 63.44523817234361], [11.654335866365448, 63.44495533565447], [11.653966988839906, 63.44467718247994], [11.653777319106535, 63.44458290261827]]}}, {"type": "Feature", "properties": {"rank": 22, "peak": "Knopp\u00e5tberget (haug, 1.0 km)", "near": "Jarberget (li, 0.1 km)", "band_length_m": 921, "drop": 457.79, "aspect": 190.01, "terrain": "trees", "approach_h": 0.0, "score": 921.0}, "geometry": {"type": "LineString", "coordinates": [[8.65107610610148, 62.85331893893254], [8.651134095017559, 62.853051326625156], [8.651192082739808, 62.852783714277415], [8.651250069268267, 62.85251610188929], [8.651308054602968, 62.852248489460806], [8.65136603874395, 62.85198087699194], [8.651619244549874, 62.85172209574121], [8.652262888660344, 62.851480974943854], [8.652320862205704, 62.85121336194937], [8.652378834557622, 62.850945748914505], [8.652436805716134, 62.85067813583931], [8.652494775681278, 62.850410522723706], [8.652162319116115, 62.85012524961319], [8.652220290201607, 62.84985763661914], [8.65227826009376, 62.84959002358473], [8.652336228792615, 62.849322410509956], [8.6523941962982, 62.849054797394835], [8.652452162610556, 62.84878718423935], [8.652510127729716, 62.84851957104351], [8.652568091655711, 62.8482519578073], [8.65262605438858, 62.84798434453075], [8.65268401592836, 62.84771673121384], [8.65254678133877, 62.84744028848584], [8.652409549194992, 62.84716384564996], [8.652272319496937, 62.846887402706216], [8.652330281523875, 62.84661978953124], [8.652193054831463, 62.8463433465404], [8.65205583058458, 62.84606690344174], [8.652113792538442, 62.84579929034789], [8.652171753299315, 62.845531677213685], [8.651839352500742, 62.845246403948515], [8.651311780084287, 62.844952299080546], [8.650979394000638, 62.844667023947736], [8.650842188195881, 62.844390579864964], [8.650509812790581, 62.84410530374119], [8.650177443733119, 62.8438200269028], [8.6500402490332, 62.843543582159526], [8.649903056777864, 62.843267137308494], [8.64976586696704, 62.84299069234966], [8.649433517246068, 62.8427054139678], [8.649257681551642, 62.84260737646806]]}}, {"type": "Feature", "properties": {"rank": 23, "peak": "Litlnonshaugan (haug, 0.4 km)", "near": "Viklandet (li, 0.5 km)", "band_length_m": 962, "drop": 581.27, "aspect": 62.96, "terrain": "trees", "approach_h": 0.05, "score": 916.0}, "geometry": {"type": "LineString", "coordinates": [[8.471304457961375, 62.685778000953015], [8.4712452593762, 62.68604552486359], [8.471380122980475, 62.686322116382414], [8.471903119899583, 62.68661684196737], [8.47242612719365, 62.68691156572192], [8.472949144862957, 62.68720628764596], [8.473472172907785, 62.68750100773941], [8.473995211328402, 62.68779572600223], [8.4745182601251, 62.6880904424343], [8.474847240965397, 62.68837609428258], [8.475370308381885, 62.688670807752665], [8.475893386175258, 62.68896551939183], [8.476455914500718, 62.689081878171145], [8.477018447361726, 62.68919823474334], [8.47760070144382, 62.68922541338969], [8.478163241780724, 62.68934176544895], [8.478745500013927, 62.68936893938037], [8.479308047826471, 62.68948528692658], [8.479870600174316, 62.689601632265536], [8.48043315705742, 62.6897179753972], [8.48101542532145, 62.68974514000178], [8.481597694795706, 62.68977230219719], [8.482160262093823, 62.68988863850959], [8.482742535717955, 62.6899157959898], [8.483285410295192, 62.69012130451207], [8.483828292463695, 62.69032681101937], [8.484410576636494, 62.69035396168464], [8.484973166609532, 62.69047028695959], [8.48553576111745, 62.69058661002696], [8.486078667807387, 62.69079210809811], [8.486621582088853, 62.690997604154], [8.48718419339236, 62.69111392079543], [8.48776649693111, 62.6911410577268], [8.488329115708538, 62.691257369854185], [8.48889173902067, 62.69137367977377], [8.489474049646514, 62.691400809683074], [8.490036680432187, 62.69151711508849], [8.490599315752426, 62.69163341828597], [8.491161955607186, 62.69174971927552], [8.491704923600569, 62.6919551962534], [8.492267574120154, 62.692071492925436], [8.492830229174194, 62.69218778738941], [8.49337321702028, 62.69239325813227], [8.493916212458494, 62.692598726859195], [8.49449855299232, 62.69262583621649], [8.495080894734176, 62.69265294316413], [8.495643572459947, 62.692769226587345], [8.496031802917686, 62.69278729500932]]}}, {"type": "Feature", "properties": {"rank": 24, "peak": null, "near": "St\u00f8llia (li, 0.3 km)", "band_length_m": 1056, "drop": 432.88, "aspect": 144.24, "terrain": "trees", "approach_h": 0.16, "score": 910.0}, "geometry": {"type": "LineString", "coordinates": [[9.546001388918029, 62.48666174501307], [9.546629888109543, 62.48641638401479], [9.547258377001612, 62.48617102006849], [9.547886855594372, 62.48592565317432], [9.548515323887985, 62.48568028333232], [9.548950643122234, 62.4854273483665], [9.549579092201423, 62.485181973514976], [9.550207530981927, 62.4849365957159], [9.550835959463887, 62.48469121496936], [9.551271244531948, 62.484438272375854], [9.55189965380078, 62.48419288662037], [9.55214179240737, 62.48393238286172], [9.552770183847244, 62.48368699298333], [9.553398564989381, 62.48344160015782], [9.554026935833926, 62.483196204385315], [9.554655296381029, 62.482950805665894], [9.555283646630837, 62.482705403999645], [9.555911986583503, 62.48245999938666], [9.55654031623917, 62.482214591827], [9.557168635597991, 62.481969181320785], [9.557796944660108, 62.48172376786808], [9.558232127245867, 62.48147080239768], [9.558860417098728, 62.48122538393785], [9.559488696655357, 62.48097996253177], [9.559923853997965, 62.480726991498294], [9.560342695374171, 62.480563374217134]]}}, {"type": "Feature", "properties": {"rank": 25, "peak": "Vassliknebba (haug, 1.1 km)", "near": "Vasslia (grend, 0.6 km)", "band_length_m": 999, "drop": 418.92, "aspect": 186.07, "terrain": "mixed", "approach_h": 0.1, "score": 908.0}, "geometry": {"type": "LineString", "coordinates": [[9.241726520109466, 63.231929919160905], [9.241582002311644, 63.23165398862393], [9.241635482750365, 63.23138609798475], [9.241688962072926, 63.231118207310196], [9.241742440279362, 63.23085031660026], [9.241795917369709, 63.23058242585495], [9.241849393343994, 63.23031453507427], [9.241902868202255, 63.23004664425821], [9.24195634194452, 63.22977875340676], [9.24200981457083, 63.22951086251994], [9.242063286081208, 63.22924297159777], [9.242116756475694, 63.228975080640204], [9.242170225754322, 63.22870718964728], [9.242223693917126, 63.228439298618966], [9.24227716096413, 63.228171407555315], [9.242330626895377, 63.22790351645627], [9.242384091710896, 63.22763562532186], [9.242437555410724, 63.22736773415206], [9.242491017994888, 63.22709984294693], [9.242544479463424, 63.226831951706394], [9.242597939816367, 63.226564060430526], [9.242651399053747, 63.22629616911927], [9.2427048571756, 63.22602827777268], [9.242758314181957, 63.225760386390704], [9.242811770072853, 63.22549249497336], [9.242865224848321, 63.22522460352065], [9.242918678508397, 63.22495671203257], [9.242972131053104, 63.224688820509165], [9.242827634033823, 63.22441289134778], [9.242881086160942, 63.22414499984667], [9.242934537172765, 63.22387710831019], [9.24297017056105, 63.223698513932895]]}}, {"type": "Feature", "properties": {"rank": 26, "peak": null, "near": "Seterhamran (li, 0.8 km)", "band_length_m": 1000, "drop": 440.08, "aspect": 40.38, "terrain": "trees", "approach_h": 0.11, "score": 901.0}, "geometry": {"type": "LineString", "coordinates": [[8.612456922061622, 62.74283707733933], [8.612982328061547, 62.743131303315344], [8.61350774449321, 62.74342552744272], [8.614033171356885, 62.74371974972137], [8.614558608652851, 62.74401397015126], [8.615084056381386, 62.7443081887323], [8.615609514542772, 62.744602405464384], [8.616134983137282, 62.74489662034747], [8.616660462165202, 62.745190833381486], [8.617185951626805, 62.74548504456634], [8.61771145152237, 62.745779253901965], [8.618236961852176, 62.74607346138829], [8.618762482616507, 62.74636766702523], [8.61928801381563, 62.74666187081272], [8.619813555449838, 62.74695607275067], [8.620339107519397, 62.74725027283902], [8.620864670024595, 62.74754447107769], [8.62139024296571, 62.7478386674666], [8.621915826343015, 62.74813286200569], [8.62244142015679, 62.74842705469487], [8.622967024407316, 62.74872124553407], [8.623492639094872, 62.74901543452322], [8.624018264219732, 62.74930962166223], [8.624543899782184, 62.74960380695104], [8.625069545782496, 62.74989799038959], [8.625595202220955, 62.75019217197776], [8.625945645645695, 62.75038829200855]]}}, {"type": "Feature", "properties": {"rank": 27, "peak": "S\u00f8lih\u00f8gda (haug, 2.2 km)", "near": "T\u00f8rrfinnlia (li, 0.7 km)", "band_length_m": 977, "drop": 413.65, "aspect": 220.01, "terrain": "trees", "approach_h": 0.09, "score": 896.0}, "geometry": {"type": "LineString", "coordinates": [[8.709668294037284, 62.74931137499031], [8.709141796361052, 62.74901749909692], [8.708615309129142, 62.74872362134523], [8.70808883234128, 62.74842974173527], [8.707562365997191, 62.74813586026714], [8.70703591009659, 62.74784197694091], [8.706509464639204, 62.747548091756634], [8.705983029624747, 62.74725420471444], [8.705456605052952, 62.746960315814356], [8.704930190923534, 62.74666642505649], [8.704403787236217, 62.74637253244088], [8.703877393990718, 62.746078637967635], [8.703351011186767, 62.745784741636804], [8.702824638824078, 62.74549084344849], [8.702298276902384, 62.74519694340273], [8.701771925421395, 62.74490304149965], [8.70124558438084, 62.744609137739275], [8.700719253780436, 62.74431523212171], [8.700192933619912, 62.744021324647], [8.69966662389898, 62.743727415315284], [8.699334849949112, 62.743442260903], [8.699197605767132, 62.74316586272164], [8.69906036402021, 62.74288946443196], [8.698923124708273, 62.74261306603392], [8.698923124708273, 62.74261306603392]]}}, {"type": "Feature", "properties": {"rank": 28, "peak": "Skarven (haug, 1.4 km)", "near": "Skredlia (li, 0.4 km)", "band_length_m": 918, "drop": 469.42, "aspect": 190.23, "terrain": "trees", "approach_h": 0.03, "score": 891.0}, "geometry": {"type": "LineString", "coordinates": [[10.298176661748487, 62.211448963377606], [10.298218486866057, 62.21118058075203], [10.29826031113795, 62.2109121980999], [10.298302134564194, 62.210643815421165], [10.29834395714481, 62.21037543271588], [10.298385778879826, 62.210107049983996], [10.298427599769264, 62.20983866722556], [10.298469419813147, 62.20957028444052], [10.298511239011496, 62.209301901628955], [10.298553057364346, 62.209033518790775], [10.29859487487171, 62.20876513592604], [10.298636691533625, 62.20849675303472], [10.298678507350102, 62.20822837011685], [10.298720322321174, 62.20795998717237], [10.298762136446863, 62.207691604201365], [10.298803949727189, 62.20742322120376], [10.29884576216218, 62.2071548381796], [10.29888757375186, 62.20688645512887], [10.298929384496258, 62.20661807205153], [10.29897119439539, 62.206349688947675], [10.299013003449287, 62.206081305817214], [10.299054811657967, 62.2058129226602], [10.299096619021459, 62.20554453947661], [10.298755285371334, 62.205263140426766], [10.298797094421221, 62.204994757337154], [10.298838902625922, 62.204726374220996], [10.299263840024016, 62.204471006476595], [10.299305643161926, 62.204202623160185], [10.29915588376503, 62.20392773239723], [10.298814567179582, 62.203646333615836], [10.29885637284687, 62.20337795044036], [10.298898177669086, 62.203109567238364], [10.298748426990688, 62.20283467609142], [10.298407126157494, 62.20255327642767], [10.298257382510805, 62.20227838480284], [10.298107641488865, 62.202003493034375], [10.297957903091593, 62.20172860112229], [10.297999712971276, 62.20146021820223], [10.297849978041343, 62.2011853261935], [10.297700245735873, 62.20091043404117], [10.297550516054782, 62.20063554174523], [10.297592327617446, 62.20036715893958], [10.2976062646172, 62.20027769799844]]}}, {"type": "Feature", "properties": {"rank": 29, "peak": "S\u00f8lih\u00f8gda (haug, 2.3 km)", "near": "T\u00f8rrfinnlia (li, 0.5 km)", "band_length_m": 1040, "drop": 534.94, "aspect": 187.95, "terrain": "trees", "approach_h": 0.17, "score": 889.0}, "geometry": {"type": "LineString", "coordinates": [[8.68407190238408, 62.75599535661082], [8.684713153176405, 62.75575405819098], [8.685354393520994, 62.755512756711084], [8.685801025213458, 62.75526267601259], [8.686053052691888, 62.75500381800867], [8.686694265739277, 62.754762510068154], [8.68733546833957, 62.75452119906787], [8.687392883631029, 62.754253564183976], [8.687450297744213, 62.75398592926019], [8.68750771067917, 62.75371829429642], [8.687565122435917, 62.753450659292746], [8.687817118206649, 62.75319179772487], [8.687874525866134, 62.75292416254109], [8.687931932347547, 62.7526565273174], [8.687989337650938, 62.752388892053766], [8.688046741776331, 62.75212125675023], [8.688104144723765, 62.75185362140674], [8.687577822645322, 62.75155966659444], [8.687051511011486, 62.75126570992565], [8.686914350389445, 62.750989300778016], [8.686582623723973, 62.750704116799405], [8.686640036447871, 62.75043648215842], [8.686502883128183, 62.75016007268646], [8.685976606646978, 62.74986611238171], [8.685450340608897, 62.749572150220764], [8.684924085013652, 62.74927818620371], [8.684592396193665, 62.748992997944235], [8.68406615935011, 62.74869903092082], [8.683539932948584, 62.748405062041485], [8.683013716988807, 62.74811109130632], [8.682876607463843, 62.74783467878139], [8.682739500371717, 62.747558266148424], [8.682213307203451, 62.747264292668305], [8.68207620871887, 62.74698787948278], [8.6821336531137, 62.746720247029785], [8.68219109632997, 62.74645261453681], [8.682248538367702, 62.74618498200387], [8.682305979226944, 62.74591734943094], [8.68255795252565, 62.74565849698874], [8.682226325662974, 62.74537330382618], [8.681700175490644, 62.74507932890608], [8.681524794419644, 62.74498133685373]]}}, {"type": "Feature", "properties": {"rank": 30, "peak": "Knopp\u00e5tberget (haug, 0.9 km)", "near": "Jarberget (li, 0.2 km)", "band_length_m": 888, "drop": 409.6, "aspect": 216.27, "terrain": "trees", "approach_h": 0.0, "score": 888.0}, "geometry": {"type": "LineString", "coordinates": [[8.66047938459677, 62.850861523899496], [8.660537281867773, 62.850593906613625], [8.660009527348384, 62.85029983233379], [8.659676997933632, 62.850014576154415], [8.659344474871057, 62.84972931925971], [8.65881674761455, 62.84943524081007], [8.658289030879072, 62.84914116049845], [8.657761324664353, 62.848847078324894], [8.6572336289701, 62.848552994289506], [8.656705943796041, 62.84825890839234], [8.65617826914189, 62.847964820633486], [8.655650605007363, 62.84767073101303], [8.65512295139218, 62.84737663953103], [8.654985695108119, 62.84710019892791], [8.654653249683607, 62.84681493181293], [8.654320810608915, 62.846529663983], [8.653988377883845, 62.84624439543821], [8.653655951508213, 62.84595912617854], [8.653128348099884, 62.845665027776995], [8.652581436521679, 62.84546013197325], [8.652015212310005, 62.84534443849097], [8.651487636387891, 62.84505033424331], [8.651155247515497, 62.84476505949482], [8.650822864991367, 62.84447978403168], [8.650685661444978, 62.84420333982083], [8.650353289598987, 62.84391806336674], [8.650020924100723, 62.84363278619805], [8.64988373165892, 62.84335634132677], [8.649746541661639, 62.843079896347696], [8.649609354108806, 62.842803451260835], [8.649257681551642, 62.84260737646806], [8.649257681551642, 62.84260737646806]]}}, {"type": "Feature", "properties": {"rank": 31, "peak": "Durm\u00e5lhaugen (haug, 0.5 km)", "near": "Gardan (li, 0.4 km)", "band_length_m": 914, "drop": 380.88, "aspect": 44.61, "terrain": "trees", "approach_h": 0.03, "score": 887.0}, "geometry": {"type": "LineString", "coordinates": [[8.392301475179272, 62.86677983482943], [8.392045872641193, 62.867038117583185], [8.39218071725513, 62.86731478378773], [8.392120336428558, 62.867582258202546], [8.392255183951093, 62.86785892436748], [8.3927804972526, 62.868153972878744], [8.39330582106783, 62.868449019551974], [8.393831155397077, 62.86874406438707], [8.394356500240615, 62.86903910738398], [8.394901975819007, 62.86924498993357], [8.395487696171307, 62.86927255303439], [8.396053301050886, 62.8693892725279], [8.396598795301017, 62.869595148715355], [8.397124183351062, 62.86989018188377], [8.397689806902513, 62.870006895014846], [8.398215213306713, 62.87030192432418], [8.398740630226847, 62.87059695179478], [8.399266057663201, 62.870891977426545], [8.399791495616059, 62.87118700121939], [8.400316944085693, 62.87148202317331], [8.400842403072405, 62.87177704328815], [8.401367872576465, 62.872072061563905], [8.401893352598165, 62.87236707800044], [8.402418843137784, 62.872662092597714], [8.402594008988357, 62.87276043038807]]}}, {"type": "Feature", "properties": {"rank": 32, "peak": null, "near": "Soknesliin (li, 1.3 km)", "band_length_m": 932, "drop": 336.75, "aspect": 163.97, "terrain": "trees", "approach_h": 0.06, "score": 879.0}, "geometry": {"type": "LineString", "coordinates": [[10.236062232938997, 63.032341992859514], [10.23610612088458, 63.03207366599399], [10.236150007918823, 63.03180533910108], [10.236193894041746, 63.031537012180806], [10.236237779253383, 63.03126868523314], [10.236281663553756, 63.0310003582581], [10.236325546942897, 63.030732031255674], [10.236369429420828, 63.030463704225895], [10.23661025576753, 63.030202019893956], [10.236851077709423, 63.029940335107796], [10.236894953859075, 63.029672007842635], [10.237135768687885, 63.02941032249822], [10.237573517107501, 63.02915527802393], [10.23801125783177, 63.028900232121394], [10.238448990860874, 63.02864518479064], [10.238886716194997, 63.02839013603176], [10.239521365551171, 63.02814172440025], [10.239565213758159, 63.02787339602438], [10.23960906105475, 63.027605067621195], [10.239849833867538, 63.027343377242794], [10.240090602276965, 63.027081686410334], [10.240528289419004, 63.02682663220209], [10.241162890509457, 63.02657821274693], [10.241600560669358, 63.02632315505919], [10.242235141689587, 63.02607473060363], [10.242672794868087, 63.02581966943665], [10.242913524989333, 63.02555797342934], [10.243154250708287, 63.02529627696809], [10.243788796071351, 63.02504784520435], [10.244226420073508, 63.02479277895043], [10.244649438134742, 63.024627154769135]]}}, {"type": "Feature", "properties": {"rank": 33, "peak": "Sandhaugen (haug, 0.8 km)", "near": "Vedalia (li, 1.0 km)", "band_length_m": 1577, "drop": 659.36, "aspect": 259.53, "terrain": "trees", "approach_h": 0.82, "score": 866.0}, "geometry": {"type": "LineString", "coordinates": [[8.459108000950295, 62.67799973791086], [8.458525988898467, 62.67797248525813], [8.457943978059886, 62.67794523019769], [8.457361968434661, 62.677917972729546], [8.456779960022894, 62.67789071285368], [8.456197952824684, 62.677863450570165], [8.455655492882938, 62.67765784197594], [8.455113040526491, 62.67745223136974], [8.454550819885311, 62.67733579051697], [8.45402815856909, 62.677041004121705], [8.453505507618734, 62.67674621589851], [8.45298286703396, 62.67645142584749], [8.45244045551802, 62.67624580537089], [8.451898051586703, 62.676040182882694], [8.451335870893228, 62.675923729591936], [8.45077369473412, 62.675807274096364], [8.450231310641058, 62.67560164538506], [8.449669145143208, 62.67548518557902], [8.449106984179789, 62.675368723568305], [8.448564619924726, 62.675163088634314], [8.448022263253836, 62.674957451689046], [8.447499709120542, 62.674662642197966], [8.44695736907493, 62.67445700132474], [8.446434834346062, 62.674162188089824], [8.445852912410066, 62.674134883796704], [8.44533039444071, 62.673840066638896], [8.444768282490728, 62.673723587784544], [8.444245782602462, 62.673428766793705], [8.443703488058416, 62.67322311385493], [8.443161201097649, 62.673017458905385], [8.442599113653372, 62.67290097163042], [8.442037030743586, 62.6727844821513], [8.441494763618623, 62.67257882098108], [8.440932691369678, 62.67246232719292], [8.440350809221473, 62.67243500048951], [8.439768928289318, 62.67240767137919], [8.43918704857332, 62.67238033986192], [8.438605170073583, 62.67235300593774], [8.43802329279021, 62.67232566960666], [8.43742159352027, 62.672387499633594], [8.436800066677959, 62.67253849569286], [8.436198360801756, 62.67260032037259], [8.435596652553565, 62.67266214243296], [8.43499494193348, 62.67272396187397], [8.434393228941616, 62.67278577869556], [8.433791513578074, 62.67284759289775], [8.43320963221531, 62.6728202364804], [8.432607913970777, 62.67288204555234], [8.432026033316117, 62.67285468421728], [8.431618272443705, 62.67292560970831], [8.431598431195987, 62.673014777421855]]}}, {"type": "Feature", "properties": {"rank": 34, "peak": "Holhaugen (haug, 1.7 km)", "near": "Bekkalia (li, 0.4 km)", "band_length_m": 881, "drop": 373.9, "aspect": 353.18, "terrain": "trees", "approach_h": 0.02, "score": 864.0}, "geometry": {"type": "LineString", "coordinates": [[9.277815907165296, 62.56609171284766], [9.277764260153043, 62.566359645934504], [9.277712612086203, 62.566627578986825], [9.277660962964752, 62.566895512004585], [9.277609312788654, 62.56716344498781], [9.27755766155788, 62.567431377936494], [9.277506009272397, 62.567699310850635], [9.27745435593218, 62.56796724373024], [9.277402701537191, 62.56823517657532], [9.277351046087409, 62.56850310938582], [9.277299389582792, 62.568771042161806], [9.276860550471365, 62.569023086463446], [9.276808888408578, 62.569291018989446], [9.2767572252908, 62.56955895148088], [9.276705561118, 62.56982688393777], [9.27665389589015, 62.5700948163601], [9.276602229607217, 62.5703627487479], [9.27655056226917, 62.57063068110114], [9.276498893875985, 62.57089861341982], [9.276447224427617, 62.57116654570398], [9.27639555392405, 62.57143447795354], [9.276343882365248, 62.57170241016857], [9.276292209751182, 62.57197034234906], [9.276240536081813, 62.57223827449498], [9.27618886135712, 62.572506206606334], [9.276137185577069, 62.572774138683165], [9.275891892274746, 62.57303412474764], [9.275259358788011, 62.573278216856224], [9.274820434165527, 62.57353025374406], [9.274381502057512, 62.573782289166076], [9.274381502057512, 62.573782289166076]]}}, {"type": "Feature", "properties": {"rank": 35, "peak": "T\u00f8rrhaugan (haug, 0.9 km)", "near": "Tilsetlia (li, 0.4 km)", "band_length_m": 919, "drop": 485.38, "aspect": 357.69, "terrain": "trees", "approach_h": 0.07, "score": 859.0}, "geometry": {"type": "LineString", "coordinates": [[9.296938296135462, 62.56912543912672], [9.296499615046226, 62.56937754689814], [9.296448128898241, 62.569645488601715], [9.296396641698815, 62.56991343027092], [9.29634515344791, 62.570181371905726], [9.296293664145498, 62.57044931350615], [9.296242173791548, 62.5707172550722], [9.29619068238603, 62.57098519660385], [9.296139189928912, 62.57125313810111], [9.296087696420168, 62.57152107956398], [9.296036201859762, 62.571789020992476], [9.295984706247665, 62.572056962386576], [9.295933209583847, 62.572324903746285], [9.295881711868281, 62.5725928450716], [9.295830213100928, 62.57286078636254], [9.296165961015584, 62.573144564290175], [9.296308089361734, 62.57342042371735], [9.296256592613908, 62.57368836517559], [9.296205094814283, 62.573956306599435], [9.296153595962824, 62.574224247988916], [9.296102096059508, 62.574492189343985], [9.296050595104294, 62.574760130664686], [9.295999093097164, 62.575028071950975], [9.295753952195009, 62.575288094547005], [9.295702446358675, 62.575556035674346], [9.295650939470294, 62.57582397676728], [9.295599431529839, 62.57609191782582], [9.295547922537263, 62.57635985884998], [9.295496412492554, 62.57662779983972], [9.295444901395669, 62.576895740795074], [9.295393389246586, 62.57716368171602], [9.295341876045267, 62.5774316226026], [9.295290361791691, 62.577699563454765], [9.295238846485816, 62.57796750427252], [9.295187330127625, 62.57823544505586], [9.29513581271707, 62.57850338580483], [9.294890634096877, 62.57876340642371], [9.294839112855817, 62.57903134701367], [9.294787590562274, 62.57929928756922], [9.294736067216222, 62.57956722809037], [9.294684542817626, 62.579835168577105], [9.294245680145018, 62.58008726713385], [9.29419415018949, 62.580355207371355], [9.294370644157135, 62.58045244197799]]}}, {"type": "Feature", "properties": {"rank": 36, "peak": "Sjurshaugen (haug, 2.4 km)", "near": "Seminglia (li, 0.4 km)", "band_length_m": 948, "drop": 404.55, "aspect": 188.99, "terrain": "mixed", "approach_h": 0.11, "score": 854.0}, "geometry": {"type": "LineString", "coordinates": [[9.231241475019983, 62.67417925096761], [9.231293780722785, 62.67391134392634], [9.231346085353914, 62.67364343685005], [9.231398388913407, 62.673375529738756], [9.231450691401289, 62.673107622592426], [9.231502992817594, 62.67283971541111], [9.231555293162348, 62.67257180819478], [9.231607592435592, 62.672303900943405], [9.23165989063735, 62.67203599365706], [9.231712187767657, 62.67176808633566], [9.231764483826542, 62.67150017897929], [9.231816778814036, 62.671232271587904], [9.231869072730168, 62.670964364161506], [9.231921365574976, 62.67069645670009], [9.231973657348487, 62.67042854920368], [9.232025948050731, 62.670160641672254], [9.232078237681742, 62.66989273410581], [9.232130526241551, 62.66962482650438], [9.232182813730187, 62.66935691886794], [9.232235100147683, 62.6690890111965], [9.232287385494066, 62.66882110349006], [9.232339669769377, 62.66855319574861], [9.232197729839818, 62.66827727475766], [9.23186157127265, 62.66799333998649], [9.231525419057288, 62.667709404472696], [9.23138349040321, 62.66743348276661], [9.230853133681203, 62.66714153121745], [9.23071121378052, 62.66686560891678], [9.230763507924639, 62.66659770184486], [9.230621591210186, 62.66632177948019], [9.230479677016522, 62.666045856995105], [9.230531971420044, 62.665777950001115], [9.230566833760639, 62.66559934531899]]}}, {"type": "Feature", "properties": {"rank": 37, "peak": "S\u00f8lih\u00f8gda (haug, 2.4 km)", "near": "T\u00f8rrfinnlia (li, 0.3 km)", "band_length_m": 1048, "drop": 507.06, "aspect": 215.74, "terrain": "mixed", "approach_h": 0.23, "score": 852.0}, "geometry": {"type": "LineString", "coordinates": [[8.707528128014138, 62.753808889446525], [8.707001574300842, 62.75351500489639], [8.706455951198965, 62.75331033341616], [8.705872172690084, 62.753284089561056], [8.705345644920817, 62.75299019908885], [8.704819127598755, 62.75269630675832], [8.704292620723608, 62.752402412569566], [8.703766124295106, 62.75210851652267], [8.703239638312963, 62.75181461861772], [8.70271316277691, 62.75152071885474], [8.702186697686658, 62.751226817233885], [8.701660243041935, 62.750932913755165], [8.701133798842461, 62.75063900841867], [8.700607365087963, 62.750345101224475], [8.700080941778157, 62.75005119217265], [8.699554528912765, 62.74975728126331], [8.699028126491514, 62.74946336849647], [8.698501734514116, 62.74916945387225], [8.698169913696058, 62.748884296201325], [8.69764354047306, 62.74859037856841], [8.697311734274578, 62.748305219031984], [8.696785379804968, 62.74801129839057], [8.69645358822517, 62.747726136988796], [8.69592725250793, 62.74743221333914], [8.695595475545925, 62.74714705007219], [8.695652797906956, 62.746879410639], [8.695515574259135, 62.746603009126495], [8.695183810215113, 62.74631784502914], [8.695046593308062, 62.746041443131595], [8.695103917925396, 62.745773803939386], [8.695161241366634, 62.745506164707294], [8.694634957195463, 62.74521223678935], [8.694108683464389, 62.74491830701481], [8.693757840110257, 62.744722352800345]]}}, {"type": "Feature", "properties": {"rank": 38, "peak": "Knollan (haug, 0.9 km)", "near": "St\u00f8llia (li, 0.3 km)", "band_length_m": 865, "drop": 374.76, "aspect": 203.5, "terrain": "trees", "approach_h": 0.02, "score": 848.0}, "geometry": {"type": "LineString", "coordinates": [[8.73164191090398, 62.83334169328951], [8.731018375824819, 62.833493971791555], [8.730471126144993, 62.8332893753932], [8.730138086552138, 62.83300428004824], [8.729609927006749, 62.8327104625123], [8.729081777974685, 62.832416643109006], [8.72855363945566, 62.832122821838425], [8.728220631322838, 62.831837722299994], [8.728277865656004, 62.8315700693114], [8.72794486620368, 62.83128496921436], [8.727806987329929, 62.83100859250725], [8.727864223386154, 62.830740939699396], [8.727726347543793, 62.83046456294303], [8.727783582996656, 62.83019691015578], [8.727840817271918, 62.829929257328864], [8.727898050369609, 62.82966160446236], [8.727955282289765, 62.8293939515562], [8.72801251303242, 62.82912629861044], [8.727874642518218, 62.82884992204574], [8.72793187265764, 62.82858226912055], [8.727989101619633, 62.82831461615573], [8.728046329404219, 62.828046963151316], [8.727908463069301, 62.827770586657785], [8.727770599190901, 62.827494210054795], [8.727632737768939, 62.82721783334231], [8.72749487880334, 62.82694145652033], [8.72755210770708, 62.8266738037172], [8.727590259655498, 62.82649536849308]]}}, {"type": "Feature", "properties": {"rank": 39, "peak": "Snekkerhaugen (haug, 1.5 km)", "near": "Brennan (li, 0.2 km)", "band_length_m": 1038, "drop": 549.35, "aspect": 313.38, "terrain": "mixed", "approach_h": 0.24, "score": 837.0}, "geometry": {"type": "LineString", "coordinates": [[9.69609743030077, 62.56462459028684], [9.695516334169264, 62.56460249717544], [9.69493523901614, 62.56458040165494], [9.694354144841501, 62.56455830372532], [9.693773051645458, 62.564536203386574], [9.693191959428106, 62.56451410063873], [9.692610868189556, 62.56449199548181], [9.69202977792991, 62.56446988791579], [9.691432714956695, 62.56453715129339], [9.690803698010777, 62.564783158610645], [9.690190648496273, 62.56493978981978], [9.689561612863255, 62.565185791343055], [9.688932566859027, 62.565431789922016], [9.688303510483427, 62.56567778555661], [9.687674443736316, 62.565923778246706], [9.687045366617534, 62.56616976799226], [9.686416279126936, 62.56641575479313], [9.68578718126436, 62.56666173864929], [9.68515807302966, 62.566907719560625], [9.684528954422689, 62.567153697527054], [9.683899825443287, 62.56739967254845], [9.683464400635053, 62.56765302641639], [9.682835252312183, 62.567898996434764], [9.682399811072822, 62.56815234680623], [9.682158081449318, 62.56841307938933], [9.681916347495976, 62.56867381150519], [9.681480886896635, 62.56892715879999], [9.680851695118522, 62.569173119415005], [9.680416218086343, 62.56942646321288], [9.679980733592929, 62.56967980557199], [9.67973896988867, 62.56994053359221], [9.679690931833346, 62.570208648329185], [9.67944916108762, 62.57046937576662], [9.679207386010997, 62.57073010273671], [9.678771871763606, 62.57098344099966], [9.67853008640474, 62.57124416668307], [9.678288296714596, 62.5715048918991], [9.677852763102074, 62.57175822708441], [9.677610963128853, 62.57201895101365], [9.677610963128853, 62.57201895101365]]}}, {"type": "Feature", "properties": {"rank": 40, "peak": "Ormhaugen (haug, 1.1 km)", "near": "B\u00f8rsetlia (li, 0.7 km)", "band_length_m": 857, "drop": 486.91, "aspect": 196.44, "terrain": "trees", "approach_h": 0.03, "score": 832.0}, "geometry": {"type": "LineString", "coordinates": [[8.569171101871701, 62.7746371443959], [8.568587057757846, 62.77461032541636], [8.568061561281779, 62.774315932164384], [8.567536075258687, 62.774021537065444], [8.567010599688302, 62.77372714011963], [8.566485134570335, 62.773432741327014], [8.565959679904514, 62.77313834068768], [8.565434235690551, 62.77284393820168], [8.564908801928176, 62.77254953386911], [8.564383378617098, 62.77225512769003], [8.563857965757046, 62.77196071966452], [8.563332563347736, 62.771666309792664], [8.56280717138889, 62.77137189807453], [8.562671101064364, 62.77109538099574], [8.562535033154095, 62.7708188638116], [8.562204315749623, 62.77053339808075], [8.562068254542833, 62.770256880519476], [8.562126843908064, 62.76998931162712], [8.562185432070603, 62.76972174269365], [8.562244019030487, 62.76945417371901], [8.56230260478775, 62.76918660470328], [8.562361189342429, 62.76891903564641], [8.562419772694552, 62.76865146654844], [8.562478354844162, 62.76838389740932], [8.562536935791291, 62.76811632822909], [8.56259551553598, 62.76784875900773], [8.562654094078251, 62.767581189745265], [8.562712671418153, 62.76731362044164], [8.56277124755571, 62.76704605109693], [8.562829822490968, 62.766778481711086], [8.56288839622395, 62.76651091228414], [8.562946968754702, 62.766243342816054], [8.563005540083251, 62.76597577330688], [8.563064110209634, 62.76570820375657], [8.563122679133894, 62.765440634165145], [8.56318124685605, 62.765173064532625], [8.563239813376155, 62.76490549485897], [8.563298378694231, 62.764637925144214], [8.563356942810321, 62.76437035538834], [8.563395984886624, 62.764191975528256]]}}, {"type": "Feature", "properties": {"rank": 41, "peak": "Storfotgr\u00f8et (haug, 1.3 km)", "near": "Vasslia (grend, 0.2 km)", "band_length_m": 824, "drop": 354.52, "aspect": 156.08, "terrain": "mixed", "approach_h": 0.0, "score": 824.0}, "geometry": {"type": "LineString", "coordinates": [[9.226115204510299, 63.22715412641336], [9.226762696667818, 63.22691042494687], [9.227410177946165, 63.22666672041112], [9.228057648345487, 63.22642301280624], [9.228705107865945, 63.2261793021323], [9.229352556507692, 63.22593558838942], [9.22999999427089, 63.22569187157767], [9.23064742115569, 63.225448151697165], [9.231294837162249, 63.22520442874796], [9.231744294016737, 63.22495264966842], [9.232391689707793, 63.22470892149993], [9.233039074521091, 63.22446519026304], [9.233686448456805, 63.2242214559578], [9.234135869127343, 63.2239696689188], [9.234585281925849, 63.223717880372234], [9.235034686852496, 63.22346609031819], [9.235484083907467, 63.22321429875667], [9.235537601204918, 63.22294641067496], [9.235591117385768, 63.22267852255785], [9.235842564705601, 63.22241868186281], [9.235896076840689, 63.22215079358171], [9.23594958785932, 63.22188290526518], [9.236003097761515, 63.22161501691323], [9.236056606547319, 63.22134712852584], [9.236092278450979, 63.221168536247916]]}}, {"type": "Feature", "properties": {"rank": 42, "peak": null, "near": "Seminglia (li, 1.1 km)", "band_length_m": 1069, "drop": 482.54, "aspect": 193.58, "terrain": "open", "approach_h": 0.3, "score": 822.0}, "geometry": {"type": "LineString", "coordinates": [[9.219808157541435, 62.678568276351776], [9.219860576394066, 62.67830037488698], [9.21991299417257, 62.67803247338709], [9.219965410876986, 62.6777645718521], [9.220017826507346, 62.677496670281954], [9.220070241063675, 62.67722876867672], [9.220122654546012, 62.67696086703638], [9.22017506695438, 62.67669296536092], [9.220227478288813, 62.676425063650335], [9.220279888549342, 62.676157161904676], [9.220332297736002, 62.675889260123874], [9.220384705848822, 62.67562135830798], [9.220437112887833, 62.67535345645697], [9.220489518853066, 62.67508555457084], [9.220541923744555, 62.674817652649615], [9.220594327562328, 62.674549750693274], [9.220646730306417, 62.674281848701824], [9.220699131976852, 62.67401394667528], [9.22075153257367, 62.67374604461362], [9.220803932096894, 62.673478142516856], [9.22085633054656, 62.673210240385], [9.2209087279227, 62.67294233821802], [9.220961124225346, 62.67267443601595], [9.221013519454523, 62.6724065337788], [9.220677424746482, 62.67212257289539], [9.220147094113226, 62.67183058111661], [9.220005254386555, 62.67155464890233], [9.219669178734296, 62.671270685792756], [9.219138873083024, 62.6709786904526], [9.218608577853468, 62.67068669321194], [9.218078293045341, 62.67039469407087], [9.217548018658382, 62.670102693029435], [9.217406210754405, 62.669826758503945], [9.217458631723373, 62.66955885784055], [9.217299353243293, 62.66937222345767]]}}, {"type": "Feature", "properties": {"rank": 43, "peak": null, "near": "St\u00f8llia (li, 0.1 km)", "band_length_m": 881, "drop": 373.8, "aspect": 139.67, "terrain": "trees", "approach_h": 0.08, "score": 816.0}, "geometry": {"type": "LineString", "coordinates": [[9.543598297908625, 62.4827878382632], [9.544226733146811, 62.482542487373586], [9.544855158088746, 62.48229713353628], [9.545483572734573, 62.482051776751284], [9.546111977084449, 62.48180641701875], [9.546740371138519, 62.48156105433873], [9.54736875489693, 62.48131568871132], [9.547997128359828, 62.481070320136624], [9.548625491527366, 62.48082494861469], [9.549253844399693, 62.48057957414564], [9.549882186976955, 62.48033419672955], [9.550510519259303, 62.48008881636649], [9.55113884124688, 62.47984343305659], [9.55176715293984, 62.479598046799886], [9.55239545433833, 62.4793526575965], [9.553023745442495, 62.47910726544652], [9.553652026252493, 62.47886187035], [9.55428029676846, 62.47861647230707], [9.55471546201216, 62.4783635175926], [9.55476443320276, 62.47809545442425], [9.555183264457956, 62.47793185252507]]}}, {"type": "Feature", "properties": {"rank": 44, "peak": null, "near": "\u00d8lstadskriu (li, 0.8 km)", "band_length_m": 952, "drop": 394.52, "aspect": 179.82, "terrain": "trees", "approach_h": 0.19, "score": 800.0}, "geometry": {"type": "LineString", "coordinates": [[8.897023351289612, 62.131913786434396], [8.897077416797147, 62.13164602090562], [8.897131481216805, 62.13137825533938], [8.897185544548611, 62.131110489735704], [8.897239606792601, 62.13084272409457], [8.897293667948798, 62.130574958416005], [8.897347728017243, 62.13030719269998], [8.897401786997957, 62.130039426946546], [8.897455844890985, 62.12977166115563], [8.897509901696342, 62.1295038953273], [8.89756395741407, 62.12923612946151], [8.897618012044191, 62.12896836355831], [8.897672065586749, 62.12870059761763], [8.897726118041763, 62.12843283163954], [8.897780169409264, 62.12816506562402], [8.897834219689296, 62.127897299571046], [8.897888268881877, 62.127629533480636], [8.897751680404184, 62.12735333226469], [8.897615094285696, 62.12707713093935], [8.897669143541835, 62.12680936492651], [8.89772319171058, 62.12654159887626], [8.897777238791976, 62.12627383278858], [8.89783128478604, 62.12600606666344], [8.897885329692814, 62.12573830050088], [8.89793937351232, 62.125470534300874], [8.897993416244596, 62.12520276806344], [8.89804745788967, 62.12493500178858], [8.898101498447573, 62.12466723547628], [8.898155537918335, 62.12439946912655], [8.898209576301992, 62.1241317027394], [8.898263613598566, 62.12386393631481], [8.898317649808098, 62.1235961698528], [8.89856229645282, 62.12333683727924], [8.898616328825957, 62.123069070647446], [8.898670360112172, 62.12280130397823], [8.898724390311498, 62.12253353727158], [8.898587814551131, 62.122257336981306], [8.898641844239032, 62.121989570294744], [8.898641844239032, 62.121989570294744]]}}, {"type": "Feature", "properties": {"rank": 45, "peak": "Litlnonshaugan (haug, 0.9 km)", "near": "Sollia (li, 0.5 km)", "band_length_m": 1104, "drop": 570.79, "aspect": 73.43, "terrain": "mixed", "approach_h": 0.4, "score": 789.0}, "geometry": {"type": "LineString", "coordinates": [[8.477660313676916, 62.67742562114003], [8.478242337251356, 62.677452794286], [8.478824362035404, 62.67747996502407], [8.47940638802896, 62.67750713335424], [8.479988415231913, 62.67753429927648], [8.480570443644167, 62.67756146279083], [8.481152473265615, 62.67758862389722], [8.481734504096154, 62.67761578259566], [8.48231653613568, 62.67764293888617], [8.48289856938409, 62.67767009276871], [8.483480603841281, 62.67769724424329], [8.484042951955143, 62.67781357032532], [8.48460530459963, 62.67792989420104], [8.485187346138906, 62.67795703865792], [8.485769388886572, 62.677984180706765], [8.486351432842522, 62.678011320347586], [8.486913798827135, 62.67812763510217], [8.487476169342099, 62.678243947650294], [8.488058220378814, 62.678271080273134], [8.488640272623424, 62.67829821048788], [8.48922232607582, 62.678325338294535], [8.48980438073591, 62.67835246369306], [8.49036676752539, 62.67846876481454], [8.490929158844887, 62.678585063729344], [8.491491554694345, 62.67870136043745], [8.492053955073741, 62.67881765493886], [8.492636022684284, 62.6788447687088], [8.493198430529132, 62.67896105869823], [8.493741183391208, 62.67916652520228], [8.494303601890003, 62.6792828108764], [8.494846368460708, 62.679488273257206], [8.49540879761345, 62.67960455461584], [8.495971231295917, 62.67972083376749], [8.49653366950807, 62.67983711071216], [8.497115762329662, 62.67986420614281], [8.497658559521298, 62.680069657980255], [8.498201364297723, 62.6802751078026], [8.498744176659022, 62.68048055560981], [8.499326284677716, 62.68050764202453], [8.499888751661995, 62.68062390582466], [8.500470863821425, 62.68065098752538], [8.50103333826981, 62.68076724681267], [8.501615454569626, 62.68079432379931], [8.50217793648185, 62.68091057857365], [8.502740422923337, 62.681026831140606], [8.50330291389405, 62.681143081500146], [8.503496955862925, 62.68115210432146]]}}, {"type": "Feature", "properties": {"rank": 46, "peak": "Brennh\u00f8e (haug, 1.2 km)", "near": "Svalie (li, 0.6 km)", "band_length_m": 990, "drop": 384.59, "aspect": 123.38, "terrain": "open", "approach_h": 0.27, "score": 780.0}, "geometry": {"type": "LineString", "coordinates": [[8.910880630479664, 62.21492323260976], [8.910934763116027, 62.21465546339024], [8.910988894660239, 62.21438769413334], [8.911043025112342, 62.214119924839046], [8.911670714365481, 62.21387742466041], [8.912298393574984, 62.213634921508664], [8.912926062740986, 62.21339241538389], [8.913535686652388, 62.213239163151634], [8.91412727105861, 62.213175165121775], [8.914754916207865, 62.212932650400724], [8.915328462564041, 62.212957904220154], [8.91592003804213, 62.212893898412105], [8.91652963725672, 62.21274063267935], [8.917139230382, 62.21258736418463], [8.917712772733111, 62.212612608066976], [8.918304336904157, 62.2125485919214], [8.918877879762865, 62.212573830977625], [8.919469440972398, 62.212509809812005], [8.920060999803495, 62.21244578608686], [8.920634542585864, 62.212471017856444], [8.921226098454817, 62.212406989111265], [8.921799641743709, 62.21243221605476], [8.922391194650096, 62.21236818228964], [8.922982745177544, 62.21230414596506], [8.923574293325958, 62.21224010708107], [8.924165839095242, 62.21217606563764], [8.924757382485302, 62.21211202163484], [8.924948562850284, 62.21212042598953]]}}, {"type": "Feature", "properties": {"rank": 47, "peak": "Bruhaugan (haug, 1.0 km)", "near": "Vikskarlia (li, 0.5 km)", "band_length_m": 984, "drop": 408.91, "aspect": 202.69, "terrain": "open", "approach_h": 0.29, "score": 763.0}, "geometry": {"type": "LineString", "coordinates": [[9.031582316960124, 62.533977869356015], [9.031636103783207, 62.533710052887045], [9.031689889509675, 62.5334422363815], [9.03174367413957, 62.53317441983932], [9.031797457672917, 62.53290660326052], [9.031851240109752, 62.53263878664509], [9.031905021450102, 62.532370969993075], [9.031958801694005, 62.5321031533044], [9.032012580841485, 62.53183533657916], [9.032066358892582, 62.531567519817266], [9.032120135847322, 62.531299703018774], [9.032173911705739, 62.53103188618366], [9.03164791361927, 62.530739227989], [9.031121925829574, 62.5304465679236], [9.030595948336376, 62.53015390598756], [9.030069981139405, 62.529861242181], [9.029544024238401, 62.529568576503905], [9.029018077633083, 62.52927590895642], [9.028492141323195, 62.52898323953859], [9.027966215308451, 62.528690568250525], [9.027440299588598, 62.52839789509223], [9.026914394163354, 62.52810522006384], [9.02638849903246, 62.527812543165396], [9.025862614195637, 62.52751986439702], [9.025336739652623, 62.527227183758725], [9.024986162342595, 62.52703206229442]]}}, {"type": "Feature", "properties": {"rank": 48, "peak": "Sjurshaugen (haug, 2.1 km)", "near": "Dalslia (li, 1.0 km)", "band_length_m": 1354, "drop": 491.59, "aspect": 295.02, "terrain": "open", "approach_h": 0.78, "score": 761.0}, "geometry": {"type": "LineString", "coordinates": [[9.313375355259945, 62.661521086434895], [9.313323818641669, 62.66178903246298], [9.313272280967725, 62.662056978456725], [9.31322074223808, 62.66232492441618], [9.313169202452706, 62.662592870341314], [9.313117661611567, 62.662860816232126], [9.312483469661867, 62.663105057861], [9.312431921497884, 62.66337300341266], [9.311991932547711, 62.66362514440889], [9.311746157371262, 62.66388518695821], [9.311500377781735, 62.6641452290244], [9.31106036923048, 62.664397366868535], [9.310814579194583, 62.66465740760985], [9.31018032952081, 62.66490163815046], [9.309740298362062, 62.665153771588166], [9.309106029226049, 62.66539799704147], [9.308471749666126, 62.66564221950331], [9.307837459682158, 62.665886438973544], [9.307203159273989, 62.66613065545213], [9.306568848441474, 62.666374868938924], [9.30593452718446, 62.666619079433865], [9.305369022318263, 62.666506030805614], [9.304786313719388, 62.66648229389039], [9.304220816063042, 62.666369240697634], [9.303672534208879, 62.666166871486894], [9.303107047002284, 62.6660538139028], [9.302541564210687, 62.66594075407987], [9.301993301963142, 62.66573837849472], [9.30142782962137, 62.66562531428068], [9.30084514232631, 62.66560156117814], [9.300279677195118, 62.66548849240007], [9.299714216479131, 62.665375421383295], [9.299165984405576, 62.66517303503726], [9.298583308292919, 62.6651492726338], [9.298000633238898, 62.66512550781477], [9.29740072980496, 62.66519105339955], [9.296818055131395, 62.66516728365896], [9.296218148486197, 62.665232824137505], [9.295635474193537, 62.66520904947536], [9.295052800960056, 62.66518527239765], [9.294470128785864, 62.665161492904424], [9.293887457671064, 62.66513771099565], [9.29330478761576, 62.66511392667136], [9.292722118620063, 62.66509013993153], [9.292139450684068, 62.665066350776215], [9.291574030735207, 62.66495324729453], [9.291574030735207, 62.66495324729453]]}}, {"type": "Feature", "properties": {"rank": 49, "peak": "Veslefjellet (topp, 1.5 km)", "near": "Sandfl\u00e5e (li, 1.6 km)", "band_length_m": 896, "drop": 447.6, "aspect": 145.32, "terrain": "open", "approach_h": 0.18, "score": 759.0}, "geometry": {"type": "LineString", "coordinates": [[8.96873730410521, 62.24483404448208], [8.96936519677757, 62.24459128525976], [8.969993079378659, 62.24434852306587], [8.970620951908606, 62.24410575790051], [8.971057416660617, 62.243854646828154], [8.971685270365906, 62.243611876604035], [8.972313114000498, 62.24336910340865], [8.972940947564522, 62.24312632724211], [8.973533009934082, 62.243062080908025], [8.974142948733265, 62.242908565514334], [8.974770758204672, 62.24266578075409], [8.975398557605862, 62.242422993023006], [8.976026346936976, 62.24218020232115], [8.976654126198149, 62.24193740864863], [8.977281895389513, 62.2416946120055], [8.977909654511214, 62.241451812391865], [8.978537403563381, 62.24120900980782], [8.979165142546162, 62.24096620425341], [8.979601490637503, 62.24071506480973], [8.9802292107994, 62.24047225419868], [8.980856920892347, 62.240229440617505], [8.981484620916467, 62.23998662406635], [8.981920935440018, 62.239735476897806], [8.981974495022524, 62.23946767341989], [8.982219425599224, 62.2392081973646], [8.98227298134059, 62.23894039371908], [8.982326536000471, 62.23867259003677], [8.982380089578895, 62.23840478631769], [8.982433642075891, 62.23813698256179], [8.982678557297719, 62.23787750549533], [8.983114830571305, 62.23762635404675], [8.983132678764594, 62.237537086001424]]}}, {"type": "Feature", "properties": {"rank": 50, "peak": null, "near": "Seterhamran (li, 1.1 km)", "band_length_m": 954, "drop": 521.44, "aspect": 47.27, "terrain": "mixed", "approach_h": 0.27, "score": 751.0}, "geometry": {"type": "LineString", "coordinates": [[8.610216380281997, 62.738681087608576], [8.610799762146213, 62.738707725244815], [8.611383145201353, 62.73873436046532], [8.611966529447324, 62.73876099327009], [8.612549914884015, 62.73878762365906], [8.613075251979666, 62.73908184849874], [8.61360059950382, 62.73937607149012], [8.614125957456759, 62.739670292633114], [8.61465132583876, 62.73996451192768], [8.615176704650093, 62.74025872937372], [8.615702093891054, 62.74055294497115], [8.616227493561906, 62.74084715871992], [8.616752903662938, 62.741141370619935], [8.617278324194421, 62.74143558067114], [8.617803755156636, 62.74172978887342], [8.618329196549867, 62.74202399522673], [8.618660160809226, 62.74230933165123], [8.618602152622207, 62.74257693127278], [8.61912761676919, 62.74287113489533], [8.619653091348201, 62.743165336668696], [8.62017857635953, 62.74345953659277], [8.620704071803447, 62.74375373466751], [8.621229577680227, 62.74404793089283], [8.621755093990162, 62.74434212526864], [8.622280620733516, 62.74463631779489], [8.622806157910583, 62.744930508471505], [8.623331705521627, 62.7452246972984], [8.623857263566935, 62.74551888427546], [8.62438283204678, 62.74581306940268], [8.62490841096145, 62.746107252679955], [8.625434000311214, 62.7464014341072], [8.625959600096357, 62.74669561368435], [8.626485210317151, 62.746989791411345], [8.627010830973882, 62.747283967288084], [8.627536462066827, 62.74757814131448], [8.627886888593489, 62.74777425630411]]}}, {"type": "Feature", "properties": {"rank": 51, "peak": "Toreshaugen (haug, 0.5 km)", "near": "Toreshauglia (li, 0.4 km)", "band_length_m": 799, "drop": 436.87, "aspect": 89.61, "terrain": "trees", "approach_h": 0.07, "score": 747.0}, "geometry": {"type": "LineString", "coordinates": [[8.462743275269705, 62.69609931976718], [8.46328611729387, 62.69630490547273], [8.463868495095085, 62.696332142806874], [8.464470636268235, 62.69627020444223], [8.46507277505969, 62.696208263456185], [8.465655153041757, 62.696235493354266], [8.466237532237447, 62.69626272084267], [8.46681991264665, 62.69628994592138], [8.467402294269272, 62.696317168590376], [8.468004428611323, 62.696255214930254], [8.468586810930066, 62.69628243267636], [8.4691691944619, 62.69630964801273], [8.469731832891807, 62.69642603516918], [8.470314220579938, 62.69645324578951], [8.470896609480855, 62.6964804540001], [8.471478999594463, 62.696507659800915], [8.472061390920654, 62.69653486319194], [8.472643783459324, 62.696562064173186], [8.47328538460278, 62.69632173817983], [8.473867774374638, 62.69634893403132], [8.474450165358624, 62.69637612747301], [8.475032557554643, 62.69640331850491], [8.475614950962582, 62.69643050712699], [8.476197345582342, 62.696457693339255], [8.476779741413822, 62.696484877141685], [8.477362138456916, 62.696512058534275], [8.47794453671152, 62.696539237517015], [8.478526936177529, 62.696566414089915], [8.479109336854838, 62.696593588252924], [8.479691738743348, 62.69662076000605], [8.480274141842953, 62.696647929349304], [8.480856546153547, 62.696675096282654], [8.481438951675027, 62.6967022608061], [8.482021358407291, 62.696729422919624], [8.482603766350236, 62.69675658262323], [8.483166469260665, 62.69687291653276], [8.48374888135533, 62.69690007151971], [8.484311591744175, 62.69701640091435], [8.484874306670255, 62.6971327281008], [8.485068446264775, 62.69714177768972]]}}, {"type": "Feature", "properties": {"rank": 52, "peak": "Litlt\u00e5ga (haug, 2.2 km)", "near": "Hallarvasslia (li, 1.5 km)", "band_length_m": 845, "drop": 351.37, "aspect": 102.28, "terrain": "open", "approach_h": 0.14, "score": 741.0}, "geometry": {"type": "LineString", "coordinates": [[8.466296890315226, 62.55337171147709], [8.466935380050822, 62.553131375069434], [8.467554227252611, 62.552980211285856], [8.46813380730257, 62.55300739624495], [8.468772274676697, 62.55276705114092], [8.46939110531845, 62.552615878993265], [8.46997068041078, 62.552643056252585], [8.470550256702909, 62.55267023111691], [8.471129834194729, 62.552697403586265], [8.471709412886145, 62.55272457366056], [8.472288992777049, 62.552751741339854], [8.472868573867343, 62.55277890662413], [8.473448156156923, 62.55280606951335], [8.474027739645685, 62.55283323000753], [8.47460732433353, 62.55286038810665], [8.475186910220353, 62.5528875438107], [8.475766497306054, 62.552914697119675], [8.476365691514593, 62.552852670787935], [8.476945279286081, 62.552879819203895], [8.477524868256122, 62.55290696522475], [8.478104458424621, 62.5529341088505], [8.478664450714145, 62.55305042773804], [8.479244044990963, 62.55307756667634], [8.479823640465947, 62.5531047032195], [8.480422831081144, 62.55304265940224], [8.481022019337718, 62.5529806129796], [8.481640795354975, 62.55282938576698], [8.481853582444195, 62.552749249993326]]}}, {"type": "Feature", "properties": {"rank": 53, "peak": "Guruskarshaugen (haug, 0.5 km)", "near": "Meldal helsestasjon (helseinstitusjon, 1.0 km)", "band_length_m": 797, "drop": 348.9, "aspect": 192.6, "terrain": "trees", "approach_h": 0.08, "score": 738.0}, "geometry": {"type": "LineString", "coordinates": [[9.722645296345508, 63.05619160650768], [9.72289091475262, 63.0559308505995], [9.722939567088522, 63.05566273573673], [9.723185178201353, 63.055401979238006], [9.723824701370809, 63.055155937518734], [9.723873343495113, 63.05488782222277], [9.724118939459874, 63.054627063942654], [9.724364530936546, 63.054366305188196], [9.724413166440597, 63.054098189628796], [9.724264851357418, 63.05382271751897], [9.724510434419113, 63.05356195841624], [9.724559066893638, 63.053293842763104], [9.724410754166037, 63.05301837081407], [9.724262444130746, 63.05274289873011], [9.724114136787675, 63.05246742651122], [9.723965832136743, 63.05219195415742], [9.723817530177861, 63.051916481668684], [9.723275361933386, 63.05162629381042], [9.723324001697952, 63.05135817861739], [9.722781848596123, 63.05106798900011], [9.722830491724924, 63.050799873999125], [9.722485280345676, 63.05051704167762], [9.72214007558366, 63.05023420857096], [9.721597954895906, 63.0499440147009], [9.721055844975089, 63.049653818848824], [9.720513745820934, 63.04936362101481], [9.720168573582477, 63.04908078338251], [9.719823407960167, 63.048797944965195], [9.719478248953802, 63.04851510576296], [9.719116872768645, 63.04832163694586], [9.71855859209786, 63.04812080316096], [9.71855859209786, 63.04812080316096]]}}, {"type": "Feature", "properties": {"rank": 54, "peak": "T\u00f8rrhaugan (haug, 1.1 km)", "near": "Utemslia (li, 1.7 km)", "band_length_m": 811, "drop": 362.6, "aspect": 193.14, "terrain": "trees", "approach_h": 0.1, "score": 737.0}, "geometry": {"type": "LineString", "coordinates": [[9.305546742804125, 62.59036065405438], [9.30559819252311, 62.590092708901636], [9.305649641190692, 62.58982476371462], [9.305701088806915, 62.58955681849324], [9.305752535371797, 62.58928887323757], [9.305803980885381, 62.58902092794757], [9.305855425347687, 62.58875298262325], [9.305906868758754, 62.58848503726459], [9.305958311118605, 62.58821709187163], [9.306009752427276, 62.587949146444345], [9.306061192684794, 62.587681200982736], [9.305918911772512, 62.58740535004236], [9.305389197180311, 62.587113686933805], [9.304859492949614, 62.58682202192368], [9.30432979908016, 62.58653035501207], [9.30399382738118, 62.58624659449335], [9.30404528205391, 62.58597864990659], [9.304096735675286, 62.58571070528549], [9.304148188245339, 62.58544276063004], [9.304005934861456, 62.58516690800627], [9.30405738705558, 62.58489896337225], [9.303527734551013, 62.584607293837415], [9.303191791427844, 62.58432353167004], [9.30304955180534, 62.58404767820484], [9.302907314701253, 62.583771824617976], [9.302377693248033, 62.58348015104041], [9.302041773451679, 62.583196386342436], [9.301688703758447, 62.583001935442205]]}}, {"type": "Feature", "properties": {"rank": 55, "peak": null, "near": "Liin (li, 0.6 km)", "band_length_m": 733, "drop": 316.0, "aspect": 150.87, "terrain": "trees", "approach_h": 0.0, "score": 733.0}, "geometry": {"type": "LineString", "coordinates": [[10.41986776533296, 63.02583213424561], [10.420458666314207, 63.02585129504973], [10.421091743840746, 63.02560205545797], [10.421724810574919, 63.02535281293437], [10.422329757863773, 63.02528249976623], [10.42294875481276, 63.02512271776554], [10.423581795442153, 63.0248734666941], [10.424214825279636, 63.0246242126912], [10.424847844325377, 63.02437495575691], [10.425283895744547, 63.02411931631554], [10.425522984349726, 63.02385729623033], [10.42556511524503, 63.0235888965433], [10.42560724526549, 63.023320496830195], [10.425649374411128, 63.02305209709107], [10.42569150268197, 63.02278369732588], [10.425733630078042, 63.02251529753464], [10.42597270094251, 63.02225327650427], [10.426211767432857, 63.02199125502698], [10.426253888608263, 63.02172285501045], [10.426296008909079, 63.02145445496786], [10.426338128335326, 63.02118605489924], [10.426380246887037, 63.020917654804556], [10.426422364564232, 63.02064925468384], [10.426436403595636, 63.02055978797113]]}}, {"type": "Feature", "properties": {"rank": 56, "peak": "Litlnonshaugan (haug, 0.3 km)", "near": "Sollia (li, 0.3 km)", "band_length_m": 734, "drop": 375.96, "aspect": 74.25, "terrain": "trees", "approach_h": 0.01, "score": 727.0}, "geometry": {"type": "LineString", "coordinates": [[8.484371588033273, 62.68431575858202], [8.48495375472175, 62.6843429055461], [8.485535922619244, 62.68437005010152], [8.486118091725645, 62.684397192248234], [8.48670026204085, 62.684424331986264], [8.48728243356476, 62.684451469315576], [8.487864606297268, 62.68447860423617], [8.488446780238275, 62.684505736747994], [8.48902895538767, 62.684532866851136], [8.489611131745354, 62.684559994545495], [8.490193309311223, 62.6845871198311], [8.490755814933935, 62.68470342082838], [8.49129865339828, 62.684908897832585], [8.49186116968018, 62.685025194513706], [8.4923843530907, 62.68531984579572], [8.492713479776741, 62.68560545742238], [8.493236681806938, 62.68590010573969], [8.493779559578234, 62.686105573589714], [8.49432244493799, 62.68631103942439], [8.49486533788631, 62.6865165032436], [8.495408238423277, 62.68672196504734], [8.49595114654899, 62.68692742483554], [8.496513720188396, 62.687043703499874], [8.497076298359946, 62.687159979956476], [8.49765853566341, 62.68718707489569], [8.498221121303633, 62.68730334683836], [8.498783711475863, 62.6874196165732], [8.499346306180058, 62.687535884100164], [8.499928553499684, 62.68756296971167], [8.500471509184223, 62.68776841253033], [8.500665593447534, 62.68777743979767]]}}, {"type": "Feature", "properties": {"rank": 57, "peak": null, "near": "Skreali (li, 0.2 km)", "band_length_m": 791, "drop": 369.76, "aspect": 98.81, "terrain": "trees", "approach_h": 0.09, "score": 726.0}, "geometry": {"type": "LineString", "coordinates": [[9.564946262253065, 62.50864073308381], [9.565575082043642, 62.50839529031871], [9.566203891516228, 62.50814984460476], [9.566816382445621, 62.50799375174368], [9.567412560655836, 62.50792701201424], [9.568041345331528, 62.5076815577435], [9.568653817288016, 62.507525456604476], [9.569266282920164, 62.507369352706235], [9.569862443597868, 62.50730260231127], [9.570474898522402, 62.50714649298761], [9.571071052263829, 62.50707973734937], [9.571699789398204, 62.50683426606309], [9.57229593437277, 62.50676750509248], [9.572892076794052, 62.50670074154498], [9.573471929235057, 62.50672333222555], [9.574051782672356, 62.50674592050411], [9.574647921093664, 62.50667914940437], [9.575227774803675, 62.50670173279323], [9.575807629509656, 62.506724313780026], [9.576387485211503, 62.506746892364795], [9.576967341909114, 62.50676946854749], [9.577547199602382, 62.50679204232812], [9.57809451083991, 62.50699332868274], [9.578658101791497, 62.50710525539863], [9.579237967630025, 62.507127822229684], [9.579801565620631, 62.507239744394425], [9.580381435169281, 62.50726230650677], [9.580912508838182, 62.507552939916245], [9.581282828493315, 62.507657336509205]]}}, {"type": "Feature", "properties": {"rank": 58, "peak": null, "near": "Gravemseterlia (li, 0.1 km)", "band_length_m": 811, "drop": 345.16, "aspect": 312.27, "terrain": "trees", "approach_h": 0.12, "score": 724.0}, "geometry": {"type": "LineString", "coordinates": [[9.123718394832435, 62.5392451124472], [9.12308538343313, 62.53948850938849], [9.122452361723294, 62.53973190333658], [9.121819329702786, 62.539975294291374], [9.121186287371462, 62.540218682252785], [9.120553234729178, 62.5404620672207], [9.119920171775783, 62.54070544919507], [9.119287098511148, 62.54094882817579], [9.118671688792228, 62.54110291801869], [9.118038596983764, 62.54134629111663], [9.117405494863688, 62.541589661220705], [9.11677238243186, 62.54183302833075], [9.116139259688131, 62.542076392446766], [9.115506126632365, 62.54231975356858], [9.114872983264412, 62.54256311169617], [9.114239829584134, 62.542806466829404], [9.113606665591378, 62.543049818968214], [9.112973491286013, 62.54329316811253], [9.112973491286013, 62.54329316811253]]}}, {"type": "Feature", "properties": {"rank": 59, "peak": "Storhaugen (haug, 1.1 km)", "near": "Kvannlia (li, 0.7 km)", "band_length_m": 783, "drop": 320.89, "aspect": 88.57, "terrain": "mixed", "approach_h": 0.09, "score": 718.0}, "geometry": {"type": "LineString", "coordinates": [[9.633426520429905, 62.47431127338467], [9.634021886598546, 62.474244240200804], [9.634601167946876, 62.474266570676335], [9.63518045027801, 62.474288898752555], [9.635759733591847, 62.47431122442947], [9.636339017888286, 62.474333547707076], [9.636918303167224, 62.47435586858536], [9.63749758942855, 62.47437818706431], [9.638076876672173, 62.47440050314392], [9.63865616489798, 62.47442281682419], [9.639235454105874, 62.474445128105096], [9.639798677368924, 62.47455680397557], [9.640377970256768, 62.47457911054226], [9.640957264126397, 62.474601414709554], [9.641536558977707, 62.47462371647747], [9.642115854810593, 62.47464601584598], [9.642695151624954, 62.47466831281506], [9.643274449420685, 62.474690607384744], [9.643837693174703, 62.47480226713177], [9.644416994649038, 62.47482455698703], [9.644996297104447, 62.47484684444285], [9.645575600540818, 62.4748691294992], [9.646170953116298, 62.474802044241564], [9.646734210356055, 62.474913692413516], [9.647297471899948, 62.47502533835128], [9.647297471899948, 62.47502533835128]]}}, {"type": "Feature", "properties": {"rank": 60, "peak": "Furuhaugen (haug, 0.4 km)", "near": "Skoremslia (li, 0.5 km)", "band_length_m": 826, "drop": 362.83, "aspect": 100.91, "terrain": "trees", "approach_h": 0.15, "score": 718.0}, "geometry": {"type": "LineString", "coordinates": [[9.574635485257954, 62.52917646567411], [9.575199478291177, 62.529288410423725], [9.575779771954947, 62.529310996084256], [9.576360066616273, 62.529333579340424], [9.576940362275058, 62.529356160192215], [9.577520658931196, 62.52937873863963], [9.57810095658458, 62.52940131468266], [9.578681255235107, 62.52942388832131], [9.579261554882677, 62.52944645955555], [9.579841855527187, 62.52946902838537], [9.580422157168526, 62.529491594810786], [9.581002459806596, 62.52951415883179], [9.58158276344129, 62.529536720448355], [9.582163068072505, 62.529559279660475], [9.582743373700144, 62.52958183646813], [9.583323680324094, 62.52960439087137], [9.583903987944254, 62.52962694287012], [9.584484296560523, 62.529649492464394], [9.585080874799171, 62.52958268142853], [9.585693717160156, 62.52942650949523], [9.586306553183736, 62.52927033480118], [9.586903120075275, 62.52920351585], [9.587499684406461, 62.52913669431979], [9.58807998693844, 62.529159228888695], [9.588660290465729, 62.52918176105313], [9.589289362036915, 62.52893621425539], [9.589885916125708, 62.5288693824094], [9.5904662157477, 62.5288919070186], [9.591079016620679, 62.5287357109807], [9.591079016620679, 62.5287357109807]]}}, {"type": "Feature", "properties": {"rank": 61, "peak": null, "near": "Sliperlia (li, 0.8 km)", "band_length_m": 840, "drop": 406.82, "aspect": 182.35, "terrain": "trees", "approach_h": 0.18, "score": 712.0}, "geometry": {"type": "LineString", "coordinates": [[9.252133642718652, 62.5939318353845], [9.252185581329435, 62.59366391540078], [9.25243125981446, 62.593403975534244], [9.252483194575369, 62.59313605539009], [9.252535128274966, 62.59286813521115], [9.252587060913278, 62.59260021499747], [9.252638992490335, 62.592332294749006], [9.252690923006174, 62.59206437446576], [9.252742852460818, 62.59179645414777], [9.252794780854307, 62.591528533794985], [9.252846708186663, 62.59126061340744], [9.252898634457923, 62.59099269298515], [9.252950559668115, 62.590724772528056], [9.253002483817268, 62.59045685203623], [9.25305440690542, 62.5901889315096], [9.25310632893259, 62.58992101094824], [9.25315824989882, 62.58965309035211], [9.253210169804136, 62.589385169721204], [9.253262088648572, 62.589117249055526], [9.253120294852167, 62.58884134974837], [9.25317221330142, 62.58857342910407], [9.253224130689848, 62.58830550842499], [9.253276047017483, 62.58803758771115], [9.25332796228435, 62.587769666962565], [9.253379876490493, 62.5875017461792], [9.253431789635929, 62.58723382536109], [9.253483701720693, 62.586965904508226], [9.25353561274482, 62.586697983620596], [9.25358752270834, 62.586430062698206], [9.253639431611276, 62.58616214174105], [9.253691339453667, 62.585894220749154], [9.253743246235542, 62.58562629972249], [9.25379515195693, 62.58535837866109], [9.253847056617865, 62.58509045756492], [9.253898960218374, 62.58482253643399], [9.253933562029605, 62.5846439223274]]}}, {"type": "Feature", "properties": {"rank": 62, "peak": "Vesletron (haug, 1.1 km)", "near": "Vesletronlia (li, 1.7 km)", "band_length_m": 998, "drop": 554.86, "aspect": 32.36, "terrain": "open", "approach_h": 0.42, "score": 703.0}, "geometry": {"type": "LineString", "coordinates": [[10.701480875182412, 62.17753692275558], [10.702017191559488, 62.17782330527211], [10.7025535180684, 62.17810968578976], [10.7030898547094, 62.178396064308394], [10.70362620148273, 62.17868244082798], [10.704162558388644, 62.17896881534838], [10.70469892542738, 62.17925518786956], [10.705235302599196, 62.17954155839143], [10.705771689904328, 62.17982792691394], [10.705733533685205, 62.18009646103239], [10.705886896184143, 62.18037093959331], [10.706423304160534, 62.18065730574591], [10.706959722271158, 62.18094366989895], [10.707496150516267, 62.1812300320523], [10.708032588896105, 62.181516392205914], [10.707994450008725, 62.18178492705423], [10.707956310350477, 62.182053461878624], [10.708301234860754, 62.182333879415765], [10.708263097039268, 62.18260241432668], [10.708224958446918, 62.182870949213694], [10.708569894501624, 62.18315136615906], [10.709106376583719, 62.18343772247489], [10.709642868802316, 62.18372407679063], [10.710179371157658, 62.1840104291062], [10.710715883649996, 62.18429677942153], [10.711252406279577, 62.184583127736566], [10.711788939046643, 62.1848694740512], [10.712325481951444, 62.18515581836539], [10.71286203499423, 62.18544216067902], [10.713398598175246, 62.18572850099204], [10.71393517149474, 62.18601483930435], [10.714471754952957, 62.18630117561591], [10.714816787441348, 62.18658157772929], [10.714970263377245, 62.18685604702955], [10.715123742008581, 62.18713051617568], [10.715085656985785, 62.18739905329792], [10.715622275568629, 62.187685385413594], [10.715775764062352, 62.187959853899976], [10.715941948298184, 62.1881448097729]]}}, {"type": "Feature", "properties": {"rank": 63, "peak": "Magnhildhaugen (haug, 2.1 km)", "near": "Kinna (li, 0.4 km)", "band_length_m": 1208, "drop": 572.56, "aspect": 89.14, "terrain": "open", "approach_h": 0.72, "score": 702.0}, "geometry": {"type": "LineString", "coordinates": [[9.733122725040106, 62.64502755750714], [9.733737233052233, 62.64487075327997], [9.734319935886077, 62.64489270331638], [9.734902639697111, 62.64491465093504], [9.73548534448523, 62.64493659613591], [9.736068050250326, 62.644958538919035], [9.736650756992296, 62.64498047928437], [9.737233464711034, 62.645002417231936], [9.737816173406438, 62.645024352761695], [9.738382995711465, 62.645135664967505], [9.73896570809954, 62.64515759574511], [9.739548421463974, 62.6451795241049], [9.74013113580466, 62.64520145004685], [9.740666209246152, 62.645491511833185], [9.741233051655938, 62.64560281268698], [9.741799898412776, 62.645714111286296], [9.742382625356198, 62.64573602797381], [9.742965353275391, 62.645757942243435], [9.743548082170248, 62.645779854095125], [9.744130812040671, 62.64580176352887], [9.744713542886549, 62.64582367054469], [9.745280407567305, 62.645934955216674], [9.74584727659466, 62.646046237633946], [9.746430013846002, 62.64606813756256], [9.7470127520724, 62.64609003507319], [9.747595491273742, 62.64611193016584], [9.748178231449929, 62.646133822840476], [9.748760972600856, 62.64615571309709], [9.749343714726411, 62.64617760093569], [9.749926457826497, 62.64619948635627], [9.750509201901002, 62.646221369358784], [9.751091946949824, 62.64624324994328], [9.751674692972857, 62.646265128109725], [9.752257439969997, 62.64628700385811], [9.752840187941135, 62.646308877188424], [9.75342293688617, 62.646330748100674], [9.754021527954917, 62.64626323527493], [9.754604277107424, 62.64628510126779], [9.755187027233498, 62.646306964842566], [9.755785614154775, 62.64623944442632], [9.756384198461232, 62.646171921422194], [9.756966948027337, 62.646193777576315], [9.757549698566569, 62.64621563131234], [9.75813245007883, 62.64623748263025], [9.758731029469368, 62.64616994953449], [9.75932960624456, 62.64610241385089], [9.75991235719516, 62.646124257748184], [9.760106607728162, 62.64613153850992]]}}, {"type": "Feature", "properties": {"rank": 64, "peak": "Sandvikhaugan (haug, 0.8 km)", "near": "St\u00f8lan (li, 0.7 km)", "band_length_m": 722, "drop": 240.86, "aspect": 270.88, "terrain": "mixed", "approach_h": 0.03, "score": 701.0}, "geometry": {"type": "LineString", "coordinates": [[8.578348301074001, 62.7083047218259], [8.577804417100587, 62.70809957032388], [8.577279972796793, 62.707805223709606], [8.576716671945773, 62.70768926125028], [8.576172810764177, 62.70748410367885], [8.575628957179665, 62.70727894408436], [8.575104549136139, 62.70698458974878], [8.574580151492368, 62.706690233571216], [8.574036323634044, 62.706485068093485], [8.573473061157838, 62.70636909303741], [8.572890359262443, 62.70634230811111], [8.572307658562, 62.70631552077284], [8.571705511509844, 62.70637792315685], [8.57106446282983, 62.70661870696258], [8.570442855560687, 62.706770295800816], [8.569860149242142, 62.70674349820328], [8.569238533433484, 62.706895081587874], [8.568636368764459, 62.70695747055081], [8.568053660833325, 62.70693066541157], [8.56749041483975, 62.70681466647597], [8.566888248558831, 62.706877047897166], [8.566286079874779, 62.706939426697915], [8.565839212535247, 62.70718912366958], [8.565839212535247, 62.70718912366958]]}}, {"type": "Feature", "properties": {"rank": 65, "peak": "Furuhaugen (haug, 0.4 km)", "near": "Remman (li, 0.1 km)", "band_length_m": 750, "drop": 295.55, "aspect": 85.88, "terrain": "trees", "approach_h": 0.08, "score": 694.0}, "geometry": {"type": "LineString", "coordinates": [[8.575080564607159, 62.85283299200219], [8.575666168506304, 62.85285980250587], [8.576251773613215, 62.852886610582324], [8.576837379927781, 62.85291341623157], [8.577422987449898, 62.852940219453586], [8.577989045036155, 62.8530562116126], [8.578535557542642, 62.853261393001844], [8.579062529423277, 62.853555763900694], [8.579609058779257, 62.85376094131026], [8.580175141156538, 62.85387692495102], [8.58076077169845, 62.8539037145298], [8.581326861614627, 62.854019693618035], [8.581892956109634, 62.8541356704788], [8.58245905518343, 62.85425164511211], [8.583044695811632, 62.854278425288015], [8.583610802423843, 62.85439439536855], [8.5841769136147, 62.854510363221486], [8.584762561368471, 62.85453713631945], [8.585348210328478, 62.85456390698991], [8.58593386049461, 62.854590675232885], [8.586519511866767, 62.85461744104834], [8.587105164444843, 62.8546442044363], [8.587729864263382, 62.85449257930661], [8.588335036809712, 62.85443014448116], [8.588940206921249, 62.85436770701936], [8.589545374597884, 62.85430526692125], [8.590131024437767, 62.85433201766091], [8.590716675482868, 62.854358765973025], [8.591107110182456, 62.85437659683248]]}}, {"type": "Feature", "properties": {"rank": 66, "peak": "Sjurshaugen (haug, 1.0 km)", "near": "Brattlia (li, 0.7 km)", "band_length_m": 831, "drop": 384.4, "aspect": 14.5, "terrain": "mixed", "approach_h": 0.2, "score": 692.0}, "geometry": {"type": "LineString", "coordinates": [[9.24990321832461, 62.65073258192709], [9.25043348102756, 62.65102446047008], [9.25038139924947, 62.65129237742054], [9.25032931640503, 62.65156029433613], [9.2502772324942, 62.65182821121691], [9.250225147516959, 62.65209612806284], [9.250173061473268, 62.65236404487393], [9.250120974363103, 62.65263196165018], [9.250068886186423, 62.652899878391594], [9.250016796943205, 62.653167795098184], [9.250158838690261, 62.653443699330666], [9.250689151135552, 62.653735577405], [9.250637065632779, 62.65400349437157], [9.250584979063484, 62.65427141130328], [9.250532891427634, 62.65453932820016], [9.250480802725193, 62.654807245062216], [9.250622855897737, 62.655083148924035], [9.250570766797274, 62.655351065807544], [9.25051867663017, 62.65561898265619], [9.250466585396389, 62.655886899470026], [9.250414493095901, 62.65615481624901], [9.25036239972867, 62.65642273299314], [9.250310305294674, 62.65669064970246], [9.250258209793873, 62.65695856637695], [9.250400270169337, 62.65723447051196], [9.250542333067527, 62.65751037452619], [9.250490237837274, 62.65777829127839], [9.250438141540162, 62.658046207995774], [9.250386044176167, 62.6583141246783], [9.250386044176167, 62.6583141246783]]}}, {"type": "Feature", "properties": {"rank": 67, "peak": "T\u00f8rrhaugan (haug, 0.6 km)", "near": "Tilsetlia (li, 0.7 km)", "band_length_m": 758, "drop": 372.11, "aspect": 11.65, "terrain": "trees", "approach_h": 0.1, "score": 689.0}, "geometry": {"type": "LineString", "coordinates": [[9.30005561813201, 62.5732135577761], [9.300004155561709, 62.57348150099268], [9.299952691940305, 62.573749444174894], [9.30009485824667, 62.57402530015065], [9.300043394248116, 62.57429324335427], [9.30018556374443, 62.57456909926426], [9.30013409936875, 62.574837042489264], [9.30027627205518, 62.575112898333494], [9.30041844725778, 62.575388754056206], [9.300366983179112, 62.57565669735833], [9.300315518049231, 62.57592464062612], [9.300264051868112, 62.57619258385953], [9.300212584635725, 62.57646052705859], [9.300161116352038, 62.57672847022331], [9.300109647017022, 62.57699641335367], [9.300058176630646, 62.577264356449646], [9.300006705192882, 62.57753229951127], [9.29995523270369, 62.57780024253853], [9.29990375916305, 62.57806818553146], [9.300239602793278, 62.57835195462291], [9.300381791613216, 62.578627810482764], [9.300330320095293, 62.578895753642946], [9.3002788475259, 62.57916369676876], [9.300227373905003, 62.57943163986022], [9.30036956726479, 62.5797074957658], [9.300511763141646, 62.57998335154986], [9.301041305321606, 62.58027503139783], [9.301570857857355, 62.58056670934523], [9.301519392786606, 62.58083465298578], [9.301274249184509, 62.581094685164935], [9.300835422223258, 62.58134680481005], [9.300624585108064, 62.58142820688676]]}}, {"type": "Feature", "properties": {"rank": 68, "peak": "R\u00f8dhaugen (haug, 2.2 km)", "near": "Hattlia (li, 0.6 km)", "band_length_m": 751, "drop": 336.69, "aspect": 235.61, "terrain": "trees", "approach_h": 0.09, "score": 689.0}, "geometry": {"type": "LineString", "coordinates": [[11.430226882649544, 63.10572764609397], [11.429666628795163, 63.10544396146768], [11.429106385855002, 63.105160274688025], [11.428546153828801, 63.10487658575504], [11.427985932716288, 63.104592894668855], [11.427425722517201, 63.10430920142952], [11.426865523231267, 63.10402550603716], [11.426305334858226, 63.10374180849181], [11.425745157397806, 63.10345810879356], [11.425184990849743, 63.10317440694249], [11.424624835213766, 63.10289070293874], [11.424064690489613, 63.102606996782306], [11.423504556677015, 63.102323288473315], [11.422944433775704, 63.10203957801183], [11.422384321785414, 63.101755865397976], [11.421813194152737, 63.1015617271715], [11.421253102395154, 63.101278010201895], [11.420693021547866, 63.10099429108015], [11.420110888743622, 63.10088972257201], [11.419528760189204, 63.100785151698254], [11.41893560085291, 63.10077015472718], [11.41893560085291, 63.10077015472718]]}}, {"type": "Feature", "properties": {"rank": 69, "peak": "T\u00f8mmerhaugen (haug, 0.5 km)", "near": "Knuklia (li, 1.0 km)", "band_length_m": 695, "drop": 282.55, "aspect": 97.84, "terrain": "trees", "approach_h": 0.01, "score": 688.0}, "geometry": {"type": "LineString", "coordinates": [[8.417889160980604, 62.85915209423724], [8.418534826860588, 62.858912070427614], [8.419180482232106, 62.858672043520485], [8.419826127095298, 62.85843201351595], [8.420471761450298, 62.85819198041414], [8.42107732316551, 62.85813027114748], [8.421662853094182, 62.85815772280925], [8.422248384259559, 62.85818517204504], [8.42283391666154, 62.85821261885487], [8.423419450300017, 62.858240063238725], [8.424004985174886, 62.85826750519656], [8.424590521286037, 62.85829494472839], [8.42517605863337, 62.85832238183424], [8.425761597216777, 62.85834981651405], [8.426347137036155, 62.858377248767816], [8.426932678091392, 62.85840467859556], [8.427518220382389, 62.858432105997245], [8.428103763909036, 62.858459530972866], [8.42868930867123, 62.85848695352242], [8.429274854668867, 62.85851437364589], [8.429470036942604, 62.858523513147915]]}}, {"type": "Feature", "properties": {"rank": 70, "peak": "Seterhaugen (haug, 0.3 km)", "near": "Toreshauglia (li, 0.5 km)", "band_length_m": 754, "drop": 317.89, "aspect": 110.6, "terrain": "trees", "approach_h": 0.1, "score": 685.0}, "geometry": {"type": "LineString", "coordinates": [[8.46494257581014, 62.70476142734243], [8.465525121870465, 62.70478865984499], [8.46616696169454, 62.704548369493494], [8.466808791129893, 62.70430807606832], [8.467450610176655, 62.70406777956957], [8.468092418834962, 62.70382747999733], [8.468674950188861, 62.70385469920505], [8.469257482756529, 62.70388191600226], [8.469840016537859, 62.703909130388965], [8.470481802866262, 62.70366881958054], [8.471064333880344, 62.703696028835815], [8.471686359397031, 62.70354488672045], [8.47230837866212, 62.70339374176217], [8.472950134116125, 62.70315341924855], [8.473532657862973, 62.70318061813782], [8.474115182822642, 62.703207814616604], [8.474697708995025, 62.70323500868487], [8.475280236380014, 62.70326220034266], [8.475862764977517, 62.70328938958988], [8.47646502670483, 62.70322740108911], [8.477106745745413, 62.70298705906137], [8.477689271054093, 62.70301424066362], [8.478311249809007, 62.70286306851835], [8.478311249809007, 62.70286306851835]]}}, {"type": "Feature", "properties": {"rank": 71, "peak": "Magnhildhaugen (haug, 2.2 km)", "near": "Kinna (li, 0.0 km)", "band_length_m": 1176, "drop": 630.81, "aspect": 106.61, "terrain": "open", "approach_h": 0.72, "score": 684.0}, "geometry": {"type": "LineString", "coordinates": [[9.731938902269075, 62.64948183086546], [9.732473969345165, 62.64977192384056], [9.733009046862552, 62.65006201486785], [9.733591850937836, 62.65008396894333], [9.734174655990827, 62.650105920600524], [9.734757462021417, 62.65012786983943], [9.7353402690295, 62.65014981666005], [9.735923077014972, 62.65017176106236], [9.736521782431137, 62.650104324287206], [9.737136379731242, 62.64994750607386], [9.737766863043001, 62.64970130615126], [9.738349664495141, 62.649723240379394], [9.738932466924087, 62.64974517218927], [9.739515270329733, 62.64976710158083], [9.740098074711973, 62.64978902855408], [9.740680880070702, 62.64981095310902], [9.741279568285556, 62.64974349579825], [9.741894133810069, 62.64958665636122], [9.742476936876672, 62.64960857341096], [9.743075617252748, 62.64954110833446], [9.74365842053101, 62.64956302046416], [9.744241224785092, 62.64958493017552], [9.744824030014888, 62.64960683746856], [9.745406836220296, 62.64962874234326], [9.746005510924583, 62.649561264671426], [9.746588317340535, 62.649583164626094], [9.747186988666087, 62.6495156818641], [9.747817381223973, 62.64926943573335], [9.748416043624339, 62.649201947621044], [9.74901470341066, 62.649134456920365], [9.749613360582837, 62.649066963631334], [9.750196160666379, 62.649088848492745], [9.750810667084373, 62.64893196928832], [9.751393465636326, 62.64895384914649], [9.751992114199526, 62.648886345590945], [9.752606607228172, 62.648729458361665], [9.753205248713446, 62.648661949542955], [9.753819730858712, 62.64850505687385], [9.754418365265742, 62.648437542792124], [9.75504867588891, 62.64819126324106], [9.755663138773807, 62.6480343622775], [9.756277595238554, 62.64787745854923], [9.756907878666786, 62.6476311703405], [9.75752232033473, 62.647474260992965], [9.758120926111774, 62.647406730776666], [9.7587353568958, 62.64724981599004], [9.759349781259598, 62.64709289843901], [9.759948375493392, 62.6470253602858], [9.760562788973, 62.64686843729598], [9.76075704457849, 62.646875717204615]]}}, {"type": "Feature", "properties": {"rank": 72, "peak": "Blakhaugen (haug, 1.1 km)", "near": "Skreali (li, 1.3 km)", "band_length_m": 1060, "drop": 394.82, "aspect": 109.17, "terrain": "mixed", "approach_h": 0.56, "score": 679.0}, "geometry": {"type": "LineString", "coordinates": [[9.545256310377114, 62.49923168245263], [9.545835991181708, 62.49925438631275], [9.546432036189803, 62.499187734890604], [9.54702807865086, 62.499121080891804], [9.547640477997568, 62.49896507125224], [9.548236513534894, 62.498898412010554], [9.548816190750879, 62.49892110343557], [9.549428576967523, 62.498765085797416], [9.550057308760008, 62.49851971197033], [9.550636980385075, 62.498542395762456], [9.551216653009957, 62.49856507715361], [9.551796326634559, 62.49858775614376], [9.552376001258772, 62.498610432732946], [9.552955676882492, 62.49863310692115], [9.553535353505616, 62.498655778708326], [9.554115031128044, 62.4986784480945], [9.554694709749668, 62.498701115079655], [9.555290725688332, 62.49863442545708], [9.555919407722829, 62.49838902465503], [9.55651541490581, 62.49832232970075], [9.55709508893181, 62.498344986652356], [9.557674763956445, 62.49836764120294], [9.558254439979606, 62.498390293352536], [9.558834117001197, 62.49841294310107], [9.559413795021111, 62.49843559044858], [9.560026117962147, 62.49827952556848], [9.560428889553945, 62.49820526577523], [9.560477850837358, 62.49793720082621], [9.560526811122783, 62.497669135845], [9.560575770410246, 62.4974010708316], [9.560624728699777, 62.49713300578603], [9.560673685991405, 62.49686494070829], [9.560722642285157, 62.49659687559839], [9.560738960827996, 62.49650752055459]]}}, {"type": "Feature", "properties": {"rank": 73, "peak": null, "near": "Skardalslia (li, 0.4 km)", "band_length_m": 1100, "drop": 574.01, "aspect": 44.02, "terrain": "mixed", "approach_h": 0.63, "score": 675.0}, "geometry": {"type": "LineString", "coordinates": [[9.554820105009869, 62.55441162247296], [9.555400868188444, 62.55443429781367], [9.555965259236007, 62.55454632433855], [9.556496911252067, 62.55483705596123], [9.557028573622032, 62.555127785661135], [9.55756024634616, 62.55541851343819], [9.558091929424725, 62.555709239292334], [9.55862362285799, 62.555999963223464], [9.559155326646218, 62.55629068523155], [9.55968704078968, 62.55658140531646], [9.56021876528864, 62.55687212347815], [9.560750500143369, 62.55716283971655], [9.561282245354123, 62.557453554031575], [9.561830358747407, 62.55765491200428], [9.56236212327898, 62.55794562239709], [9.562893898167315, 62.55823633086629], [9.563425683412673, 62.558527037411835], [9.563957479015329, 62.55881774203362], [9.564489284975545, 62.55910844473159], [9.565021101293587, 62.55939914550566], [9.565552927969723, 62.55968984435576], [9.566084765004211, 62.55998054128181], [9.56661661239733, 62.56027123628373], [9.567148470149343, 62.56056192936142], [9.567680338260512, 62.56085262051486], [9.56801858117514, 62.561135768844245], [9.568356830439908, 62.561418916414986], [9.568695086055001, 62.56170206322704], [9.569226989424113, 62.56199274883264], [9.569758903153655, 62.56228343251364], [9.570290827243896, 62.56257411426995], [9.570822761695101, 62.56286479410154], [9.571354706507542, 62.56315547200828], [9.571693009975336, 62.56343861202153], [9.572224973450453, 62.56372928679517], [9.572756947287576, 62.56401995964381], [9.572901616044637, 62.564295562128244], [9.573078945040116, 62.56439245248617]]}}, {"type": "Feature", "properties": {"rank": 74, "peak": "Mannvikhaugen (haug, 0.5 km)", "near": "Viklandet (li, 0.6 km)", "band_length_m": 708, "drop": 364.25, "aspect": 93.41, "terrain": "trees", "approach_h": 0.05, "score": 674.0}, "geometry": {"type": "LineString", "coordinates": [[8.484635451291984, 62.692887114563796], [8.485217786727517, 62.69291426249649], [8.4858001233728, 62.69294140801963], [8.486382461227725, 62.69296855113319], [8.486964800292192, 62.69299569183716], [8.487547140566095, 62.693022830131525], [8.48812948204933, 62.693049966016275], [8.488711824741792, 62.69307709949144], [8.48931385326357, 62.693015052803624], [8.489896196643917, 62.693042181356375], [8.490458860073511, 62.693158485459065], [8.491041207601853, 62.69318560929566], [8.491603878505543, 62.69330190888367], [8.492186230181517, 62.69332902800399], [8.492768583066004, 62.69335614471462], [8.493350937158905, 62.69338325901554], [8.493933292460108, 62.69341037090676], [8.494515648969516, 62.693437480388255], [8.49509800668702, 62.693464587460014], [8.495680365612518, 62.69349169212204], [8.49626272574591, 62.69351879437432], [8.496845087087088, 62.69354589421682], [8.497407788972145, 62.69366217083649], [8.497970495391511, 62.69377844524775], [8.49855286381636, 62.693805538066904], [8.499135233448605, 62.69383262847622], [8.499717604288143, 62.69385971647574], [8.500299976334862, 62.6938868020654], [8.500882349588672, 62.69391388524523], [8.501464724049457, 62.69394096601519], [8.502047099717121, 62.693968044375296], [8.502629476591554, 62.69399512032554], [8.503211854672658, 62.6940221938659], [8.503794233960326, 62.69404926499634], [8.504376614454454, 62.69407633371689], [8.504376614454454, 62.69407633371689]]}}, {"type": "Feature", "properties": {"rank": 75, "peak": "S\u00f8lih\u00f8gda (haug, 2.1 km)", "near": "T\u00f8rrfinnlia (li, 1.3 km)", "band_length_m": 679, "drop": 286.63, "aspect": 227.42, "terrain": "trees", "approach_h": 0.01, "score": 672.0}, "geometry": {"type": "LineString", "coordinates": [[8.714081058155207, 62.744285422723465], [8.713554602508248, 62.743991563856454], [8.713028157301947, 62.74369770313112], [8.712501722536034, 62.74340384054752], [8.711975298210222, 62.74310997610578], [8.711448884324238, 62.74281610980591], [8.710922480877802, 62.74252224164804], [8.71039608787064, 62.7422283716322], [8.709869705302468, 62.7419344997585], [8.70934333317301, 62.741640626027014], [8.708797908413697, 62.74143596592013], [8.708252491264977, 62.741231303777944], [8.707726147752934, 62.740937424300235], [8.707199814678635, 62.74064354296501], [8.706673492041801, 62.74034965977235], [8.706322616082364, 62.740153736612044]]}}, {"type": "Feature", "properties": {"rank": 76, "peak": "Engelsbekkh\u00f8a (topp, 0.7 km)", "near": "Langoddlia (li, 0.3 km)", "band_length_m": 966, "drop": 399.65, "aspect": 36.94, "terrain": "mixed", "approach_h": 0.45, "score": 666.0}, "geometry": {"type": "LineString", "coordinates": [[9.352970729867739, 62.68067824654703], [9.353519622596425, 62.680880428873856], [9.354085593243507, 62.6809932877307], [9.35466863693911, 62.681016822860045], [9.355200480647696, 62.68130832028425], [9.355732334796238, 62.68159981579408], [9.356264199385018, 62.6818913093894], [9.356796074414296, 62.6821828010702], [9.357327959884351, 62.68247429083636], [9.357859855795459, 62.682765778687795], [9.358391762147875, 62.68305726462449], [9.358923678941888, 62.6833487486463], [9.359455606177757, 62.683640230753184], [9.359987543855762, 62.68393171094505], [9.360519491976168, 62.684223189221846], [9.361051450539259, 62.68451466558345], [9.36158341954529, 62.68480614002985], [9.362115398994543, 62.685097612560924], [9.362647388887282, 62.685389083176624], [9.363179389223788, 62.68568055187683], [9.363517016459209, 62.68596418606781], [9.363660264672715, 62.68623998709342], [9.363997902695427, 62.68652362023046], [9.363946768748654, 62.68679158877343], [9.363895633753508, 62.68705955728251], [9.364427675855293, 62.687351021655815], [9.364427675855293, 62.687351021655815]]}}, {"type": "Feature", "properties": {"rank": 77, "peak": "Kleva (haug, 1.4 km)", "near": "Skredlia (li, 0.4 km)", "band_length_m": 692, "drop": 296.67, "aspect": 195.11, "terrain": "trees", "approach_h": 0.04, "score": 665.0}, "geometry": {"type": "LineString", "coordinates": [[10.312095927925718, 62.206165379614404], [10.312137620189464, 62.205896991426684], [10.312179311610345, 62.2056286032125], [10.312029427931611, 62.205353725249616], [10.311879546880682, 62.20507884714272], [10.311729668457488, 62.204803968891845], [10.31138822384511, 62.20452259993796], [10.311429919493955, 62.204254211958144], [10.311471614299908, 62.20398582395188], [10.311321744604857, 62.20371094531594], [10.311171877537161, 62.20343606653606], [10.311213573191079, 62.203167678597055], [10.311255268002137, 62.20289929063159], [10.311296961970362, 62.20263090263964], [10.311147100065945, 62.202356023856424], [10.310997240788588, 62.202081144929245], [10.311038935604586, 62.20181275700456], [10.31108062957778, 62.201544369053394], [10.310930774617836, 62.20126949007605], [10.310780922284694, 62.20099461095473], [10.310822617105472, 62.20072622307085], [10.31086431108347, 62.20045783516049], [10.31052292200945, 62.2001764644902], [10.310564617677608, 62.199908076673594], [10.310414774914422, 62.199633197214276], [10.310456470584814, 62.19936480941805], [10.310484267230212, 62.199185884205846]]}}, {"type": "Feature", "properties": {"rank": 78, "peak": "Bruhaugen (haug, 1.1 km)", "near": "Skavlia (li, 1.3 km)", "band_length_m": 1010, "drop": 389.54, "aspect": 89.08, "terrain": "mixed", "approach_h": 0.53, "score": 660.0}, "geometry": {"type": "LineString", "coordinates": [[8.75720661558064, 62.88906266615714], [8.757850254357178, 62.88882106203841], [8.758474849599141, 62.88866867695054], [8.759099438454372, 62.88851628901378], [8.75970499186206, 62.88845312054134], [8.760291515494925, 62.88847917184513], [8.76087804030458, 62.8885052207159], [8.76146456629092, 62.88853126715363], [8.762051093453838, 62.888557311158294], [8.762637621793225, 62.88858335272992], [8.763224151308977, 62.888609391868485], [8.763810682000988, 62.88863542857395], [8.764397213869147, 62.88866146284636], [8.764983746913352, 62.888687494685655], [8.765570281133494, 62.888713524091884], [8.76615681652947, 62.88873955106496], [8.766743353101168, 62.88876557560495], [8.767329890848485, 62.8887915977118], [8.767916429771315, 62.888817617385506], [8.76850296986955, 62.88884363462608], [8.769070510115695, 62.88895887333422], [8.769657054324778, 62.88898488580787], [8.770243599708959, 62.88901089584835], [8.770792154383951, 62.88921535184045], [8.771378705638828, 62.889241357213294], [8.771965258068505, 62.88926736015293], [8.772532820816286, 62.88938258514333], [8.773119377355705, 62.889408583315834], [8.773686947603482, 62.889523803733425], [8.774273508252277, 62.889549797138734], [8.774841085999762, 62.889665012983464], [8.774841085999762, 62.889665012983464]]}}, {"type": "Feature", "properties": {"rank": 79, "peak": "Gr\u00e5haugen (haug, 2.1 km)", "near": "B\u00e5rdsgardslia (li, 2.1 km)", "band_length_m": 757, "drop": 364.45, "aspect": 242.41, "terrain": "trees", "approach_h": 0.15, "score": 658.0}, "geometry": {"type": "LineString", "coordinates": [[9.163366016116298, 62.68567652399101], [9.162783076526406, 62.68565219307841], [9.162200138021694, 62.68562785974951], [9.161617200602276, 62.68560352400431], [9.161034264268247, 62.685579185842855], [9.160433671742032, 62.68564413624053], [9.159850735840948, 62.685619793153926], [9.15926780102558, 62.68559544765105], [9.158684867296039, 62.685571099731916], [9.158101934652423, 62.68554674939654], [9.157519003094844, 62.68552239664495], [9.156936072623399, 62.68549804147713], [9.1563531432382, 62.68547368389309], [9.155770214939347, 62.68544932389283], [9.15524030612693, 62.68515709104029], [9.154710407742737, 62.684864856292165], [9.154180519786504, 62.68457261964852], [9.15423354535464, 62.68430474966169], [9.15409227042106, 62.6840287571496], [9.153562403246562, 62.68373651838288], [9.153032546499041, 62.68344427772082], [9.152502700178209, 62.683152035163566], [9.151972864283808, 62.68285979071112], [9.151443038815552, 62.682567544363614], [9.150913223773177, 62.68227529612107], [9.150383419156405, 62.68198304598363], [9.149853624964964, 62.68169079395132], [9.149853624964964, 62.68169079395132]]}}, {"type": "Feature", "properties": {"rank": 80, "peak": "Fagerhaugen (haug, 1.6 km)", "near": "Sild\u00f8yan (li, 1.7 km)", "band_length_m": 734, "drop": 349.86, "aspect": 121.9, "terrain": "mixed", "approach_h": 0.12, "score": 655.0}, "geometry": {"type": "LineString", "coordinates": [[9.595540996426296, 62.317433354453286], [9.596165490510689, 62.31718772515572], [9.596789974423539, 62.31694209293485], [9.597414448164987, 62.316696457790826], [9.598022828221048, 62.31654018261375], [9.59859903851033, 62.316562630653735], [9.599207409916199, 62.31640635018832], [9.59979969698174, 62.31633943014181], [9.600424134014991, 62.31609378105002], [9.601032486707888, 62.3159374923772], [9.601656905420164, 62.31569183753521], [9.602281313961672, 62.315446179770646], [9.602905712332559, 62.31520051908357], [9.603530100532975, 62.31495485547406], [9.604154478563059, 62.314709188942246], [9.604778846422962, 62.31446351948817], [9.605387143979625, 62.31430721111658], [9.60601149352001, 62.31406153591343], [9.60663583289059, 62.31381585778827], [9.607260162091501, 62.31357017674121], [9.607868428962487, 62.313413857154], [9.608492739844667, 62.31316817035847], [9.60911704055756, 62.312922480641255], [9.60932513853537, 62.312840583419614]]}}, {"type": "Feature", "properties": {"rank": 81, "peak": "Holhaugen (haug, 1.0 km)", "near": "Klevgardan (grend, 1.5 km)", "band_length_m": 667, "drop": 362.47, "aspect": 9.03, "terrain": "trees", "approach_h": 0.02, "score": 654.0}, "geometry": {"type": "LineString", "coordinates": [[9.24645095338436, 62.567861814263225], [9.246399020309406, 62.568129732539894], [9.246347086174028, 62.56839765078176], [9.246295150978192, 62.568665568988834], [9.246243214721863, 62.56893348716109], [9.246191277405014, 62.569201405298564], [9.246139339027618, 62.569469323401194], [9.246087399589637, 62.56973724146905], [9.246035459091043, 62.570005159502074], [9.245983517531807, 62.570273077500296], [9.245931574911898, 62.570540995463716], [9.245879631231277, 62.570808913392334], [9.24582768648993, 62.57107683128613], [9.245775740687808, 62.57134474914511], [9.245723793824894, 62.57161266696929], [9.24567184590115, 62.57188058475863], [9.245619896916544, 62.572148502513194], [9.245567946871052, 62.572416420232926], [9.24590320362918, 62.572700313608216], [9.245851254910434, 62.57296823144023], [9.245992912688529, 62.57324413686357], [9.246328182490222, 62.57352802934921], [9.246082624519588, 62.57378796007615], [9.246030675005915, 62.574055877950805], [9.245978724431275, 62.57432379579064], [9.245539540317706, 62.57457573770116], [9.244906731165628, 62.574819689170106], [9.244854768784963, 62.57508760645069], [9.24519004746105, 62.57537150174057], [9.245718955642484, 62.57566338446764], [9.246247874172017, 62.575955265299825], [9.246424182648155, 62.57605255848944]]}}, {"type": "Feature", "properties": {"rank": 82, "peak": "Knopp\u00e5tberget (haug, 0.6 km)", "near": "Jarberget (li, 0.5 km)", "band_length_m": 651, "drop": 282.87, "aspect": 237.64, "terrain": "trees", "approach_h": 0.0, "score": 651.0}, "geometry": {"type": "LineString", "coordinates": [[8.66070200894459, 62.84618754829237], [8.660135737018374, 62.84607188699269], [8.659588767574254, 62.84586701780052], [8.659061105076905, 62.84557294099201], [8.658533453097485, 62.845278862321805], [8.657967207535274, 62.84516319258513], [8.657400966538322, 62.845047520618664], [8.656834730106667, 62.84493184642246], [8.65628780521807, 62.844726964890846], [8.655721579537481, 62.84461128633178], [8.655155358422261, 62.84449560554308], [8.654627765152448, 62.844201512879394], [8.654100182399084, 62.843907418354576], [8.653514666911827, 62.84388093590423], [8.652929152617126, 62.84385445102673], [8.652401593281086, 62.84356035039305], [8.651874044460794, 62.8432662478985], [8.651346506155974, 62.842972143543136], [8.651209303895591, 62.842695699845144], [8.65062381580054, 62.84266920566351], [8.65003832889847, 62.842642709054886], [8.649452843189486, 62.842616210019266], [8.649257681551642, 62.84260737646806]]}}, {"type": "Feature", "properties": {"rank": 83, "peak": "Furuhaugen (haug, 0.1 km)", "near": "Remman (li, 0.4 km)", "band_length_m": 709, "drop": 299.52, "aspect": 62.07, "terrain": "trees", "approach_h": 0.09, "score": 650.0}, "geometry": {"type": "LineString", "coordinates": [[8.578732450282411, 62.84786524190488], [8.578868987243194, 62.84814174831663], [8.579395873538974, 62.84843611699289], [8.579922770348382, 62.84873048381483], [8.580469217972594, 62.84893565693564], [8.581015673276504, 62.849140828020346], [8.581562136260207, 62.84934599706886], [8.582128142637698, 62.849461971950454], [8.582713687553762, 62.8494887523721], [8.583279701467001, 62.849604722701905], [8.583826189232767, 62.84980988323284], [8.584392213918534, 62.849925849206016], [8.584938715559908, 62.85013100557094], [8.5855047510182, 62.850246967187346], [8.58583655185697, 62.85053239016691], [8.58636355108345, 62.85082673402241], [8.586714889743378, 62.85102296222878], [8.5872614281309, 62.85122810998538], [8.587807974199153, 62.85143325570513], [8.58837404647843, 62.851549206190526], [8.58894012333471, 62.851665154448376], [8.58950620476796, 62.85178110047869], [8.590072290778133, 62.851897044281415], [8.590618869310873, 62.85210217944432], [8.591184966093847, 62.85221811888934], [8.591770576269877, 62.85224486232376], [8.592336680587406, 62.8523607972158], [8.592883283903756, 62.852565923858045], [8.592883283903756, 62.852565923858045]]}}, {"type": "Feature", "properties": {"rank": 84, "peak": "Fj\u00f8shaugen (haug, 1.4 km)", "near": "K\u00e5san (li, 1.2 km)", "band_length_m": 657, "drop": 307.34, "aspect": 141.68, "terrain": "open", "approach_h": 0.01, "score": 650.0}, "geometry": {"type": "LineString", "coordinates": [[9.538300357727811, 62.71521517574338], [9.538917332859834, 62.715059254227825], [9.539501230727407, 62.7150820280888], [9.54010166334487, 62.71501545036101], [9.540735156778164, 62.71477017151022], [9.540979380488093, 62.71450971262967], [9.541612855776137, 62.714264429615554], [9.541662441011706, 62.713996381392455], [9.54229589956254, 62.71375109510963], [9.542929347634031, 62.71350580585095], [9.543562785226337, 62.71326051361648], [9.544196212339608, 62.713015218406326], [9.544829628973996, 62.71276992022054], [9.545463035129659, 62.712524619059245], [9.546096430806745, 62.712279314922505], [9.546729816005403, 62.71203400781043], [9.547363190725793, 62.71178869772308], [9.547801942744021, 62.711535805654506], [9.548240687212235, 62.711282912130144], [9.548874033313767, 62.71103759490602], [9.549507368937679, 62.71079227470695], [9.549507368937679, 62.71079227470695]]}}, {"type": "Feature", "properties": {"rank": 85, "peak": "Kvelvh\u00e5mm\u00e5ren (haug, 0.4 km)", "near": "\u00c5smyrbj\u00f8rga (li, 1.8 km)", "band_length_m": 715, "drop": 372.7, "aspect": 167.16, "terrain": "trees", "approach_h": 0.1, "score": 650.0}, "geometry": {"type": "LineString", "coordinates": [[11.575442279045214, 63.46527798067205], [11.575474443851714, 63.46500922076951], [11.575506607979388, 63.46474046084778], [11.575538771428267, 63.46447170090684], [11.575570934198362, 63.46420294094673], [11.576003607246026, 63.463943772371906], [11.576236018634482, 63.46367980748762], [11.576868929748528, 63.46342543113308], [11.577101328850853, 63.46316146475455], [11.577133475125512, 63.46289270430622], [11.577165620721791, 63.46262394383872], [11.577197765639706, 63.462355183352024], [11.577229909879282, 63.462086422846134], [11.577262053440537, 63.46181766232107], [11.577294196323491, 63.46154890177679], [11.577326338528165, 63.46128014121334], [11.577558715434972, 63.46101617389723], [11.578191555390873, 63.46076179119163], [11.578223688075425, 63.46049303034661], [11.578456050149649, 63.46022906146137], [11.578488179606861, 63.45996030052199], [11.578720534786635, 63.45969633115052], [11.57935333505661, 63.45944194303086], [11.579585677954732, 63.45917797216566], [11.579617795344582, 63.45890921086965], [11.579649912056748, 63.45864044955449], [11.579281593474308, 63.45836210756482], [11.579313712573196, 63.45809334632321], [11.579345830994388, 63.45782458506242], [11.579578160395798, 63.45756061408216], [11.579610275590756, 63.45729185272706], [11.579842598099546, 63.45702788126069], [11.5800749162644, 63.45676390938339], [11.580507434561099, 63.45650472605157], [11.580518136303597, 63.45641513883515]]}}, {"type": "Feature", "properties": {"rank": 86, "peak": null, "near": "Klevgardan (grend, 1.1 km)", "band_length_m": 726, "drop": 333.72, "aspect": 166.54, "terrain": "trees", "approach_h": 0.12, "score": 648.0}, "geometry": {"type": "LineString", "coordinates": [[9.16249417761865, 62.585979042823816], [9.162546905553898, 62.58571116506566], [9.162599632412052, 62.585443287271985], [9.162652358193148, 62.58517540944278], [9.162705082897215, 62.584907531578025], [9.162757806524281, 62.584639653677776], [9.162810529074385, 62.58437177574198], [9.163056900337956, 62.58411200091474], [9.16330326719476, 62.58385222560014], [9.16335598306471, 62.58358434737321], [9.163408697857884, 62.58331646911079], [9.163461411574318, 62.58304859081283], [9.163514124214043, 62.58278071247936], [9.163566835777088, 62.58251283411036], [9.163619546263488, 62.582244955705846], [9.163865891905854, 62.58198517913721], [9.163918598514565, 62.58171730056941], [9.163971304046765, 62.58144942196608], [9.164024008502468, 62.58118154332726], [9.16407671188172, 62.580913664652904], [9.164129414184547, 62.58064578594304], [9.16418211541098, 62.580377907197665], [9.164428439842554, 62.580118129375165], [9.164481137192048, 62.57985025046652], [9.164533833465274, 62.57958237152238], [9.164586528662268, 62.57931449254273], [9.164586528662268, 62.57931449254273]]}}, {"type": "Feature", "properties": {"rank": 87, "peak": "Holhaugen (haug, 1.0 km)", "near": "Bekkalia (li, 0.4 km)", "band_length_m": 957, "drop": 428.13, "aspect": 353.45, "terrain": "mixed", "approach_h": 0.48, "score": 647.0}, "geometry": {"type": "LineString", "coordinates": [[9.271528747461867, 62.560252467024625], [9.271283523238749, 62.56051244592194], [9.270651224726585, 62.56075651988746], [9.27040598852368, 62.561016497103815], [9.269967209948286, 62.56126852049667], [9.26952842389409, 62.56152054242407], [9.269089630360932, 62.56177256288598], [9.269231457061778, 62.56204844672694], [9.26917974174163, 62.56231637594286], [9.268547387313259, 62.562560439736224], [9.268302117205572, 62.56282041285699], [9.268056842712653, 62.563080385494835], [9.267811563834382, 62.563340357649714], [9.267759832894633, 62.56360828614919], [9.267708100898703, 62.563876214614034], [9.267462812075758, 62.56413618603553], [9.267411076243905, 62.56440411434058], [9.267359339355748, 62.56467204261097], [9.267307601411243, 62.56493997084676], [9.267255862410368, 62.56520789904789], [9.267204122353089, 62.565475827214435], [9.266958815244724, 62.56573579752687], [9.266907071350888, 62.56600372553356], [9.266855326400524, 62.56627165350561], [9.266997151559323, 62.56654753953427], [9.267138979226456, 62.56682342544225], [9.267087234553914, 62.56709135349159], [9.267229065396704, 62.56736723933488], [9.267370898748029, 62.56764312505746], [9.267319154353453, 62.567911053184126], [9.267460990880727, 62.56818693884201], [9.267409246096893, 62.56845486699002], [9.267357500256425, 62.56872279510339], [9.267499340627205, 62.568998680752536], [9.267447594397465, 62.56926660888725], [9.267783028895526, 62.56955045168869], [9.267924876793229, 62.56982633697571], [9.268066727200058, 62.57010222214201], [9.268066727200058, 62.57010222214201]]}}, {"type": "Feature", "properties": {"rank": 88, "peak": null, "near": "Bj\u00f8rkgrenda (grend, 0.8 km)", "band_length_m": 712, "drop": 340.48, "aspect": 171.79, "terrain": "mixed", "approach_h": 0.1, "score": 647.0}, "geometry": {"type": "LineString", "coordinates": [[9.691133469908872, 62.61311558608071], [9.691181492765374, 62.61284746801582], [9.691229514639147, 62.612579349919734], [9.69127753553022, 62.612311231792404], [9.69132555543862, 62.61204311363385], [9.691955588517692, 62.61179711505198], [9.692585611188454, 62.611551113520406], [9.693021621438566, 62.611297737882275], [9.693069623539488, 62.61102961892619], [9.69331162320139, 62.61076887092775], [9.693747615547949, 62.610515492830125], [9.693795609498565, 62.610247373528246], [9.693843602467124, 62.60997925419515], [9.69389159445365, 62.60971113483086], [9.693939585458173, 62.609443015435396], [9.693987575480723, 62.6091748960087], [9.694423538088891, 62.608921515474364], [9.694665507891964, 62.608660764792674], [9.695101457050596, 62.608407381998546], [9.695149434474137, 62.6081392620269], [9.695197410916023, 62.607871142024045], [9.695245386376282, 62.60760302199001], [9.694711430902178, 62.607312797063486], [9.694565434903057, 62.60703730847976], [9.694419441499564, 62.606761819764756], [9.694467421703948, 62.606493700026114], [9.69451540092667, 62.60622558025629], [9.6945473865298, 62.606046833725756]]}}, {"type": "Feature", "properties": {"rank": 89, "peak": null, "near": "B\u00f8rsetsl\u00e6ttet (li, 0.5 km)", "band_length_m": 717, "drop": 299.29, "aspect": 183.89, "terrain": "trees", "approach_h": 0.11, "score": 646.0}, "geometry": {"type": "LineString", "coordinates": [[8.56884206558311, 62.770748303526815], [8.568900594793737, 62.77048073108465], [8.568959122802871, 62.77021315860146], [8.569017649610547, 62.76994558607717], [8.569076175216804, 62.76967801351185], [8.569134699621673, 62.76941044090546], [8.5689985775391, 62.76913392933159], [8.568862457871626, 62.76885741765225], [8.56892098215541, 62.76858984512696], [8.568979505237879, 62.7683222725606], [8.569038027119065, 62.76805469995318], [8.569096547799006, 62.76778712730471], [8.569155067277736, 62.76751955461519], [8.569213585555291, 62.76725198188459], [8.569272102631707, 62.766984409112936], [8.569330618507013, 62.76671683630022], [8.569389133181252, 62.76644926344647], [8.569447646654451, 62.76618169055164], [8.569506158926654, 62.76591411761576], [8.56956466999789, 62.76564654463884], [8.569623179868193, 62.76537897162085], [8.569681688537603, 62.76511139856184], [8.569681688537603, 62.76511139856184]]}}, {"type": "Feature", "properties": {"rank": 90, "peak": "S\u00f8lih\u00f8gda (haug, 0.9 km)", "near": "Steinkeila (li, 2.4 km)", "band_length_m": 858, "drop": 372.02, "aspect": 60.53, "terrain": "trees", "approach_h": 0.33, "score": 645.0}, "geometry": {"type": "LineString", "coordinates": [[8.687232133660686, 62.72569268612074], [8.687815346634185, 62.725719000961746], [8.688398560783337, 62.72574531338747], [8.688981776108042, 62.72577162339789], [8.689564992608192, 62.725797930993025], [8.690148210283681, 62.72582423617287], [8.69071232416451, 62.72593975150776], [8.691295545927765, 62.72596605195705], [8.69182146359746, 62.726259988276155], [8.692347391691873, 62.7265539227405], [8.692873330211278, 62.72684785535002], [8.693399279155958, 62.72714178610462], [8.693730820495462, 62.7274269519816], [8.694256788162305, 62.727720879731294], [8.694782766255226, 62.728014805625925], [8.695327847818259, 62.72821951633398], [8.695853845417876, 62.72851343843141], [8.69637985344434, 62.728807358673514], [8.696905871897924, 62.72910127706019], [8.697431900778911, 62.72939519359142], [8.697957940087575, 62.72968910826708], [8.698483989824194, 62.72998302108714], [8.699010049989047, 62.73027693205146], [8.699204488733587, 62.73028568798867]]}}, {"type": "Feature", "properties": {"rank": 91, "peak": "Blakhaugen (haug, 2.3 km)", "near": "St\u00f8llia (li, 0.3 km)", "band_length_m": 717, "drop": 304.38, "aspect": 162.68, "terrain": "trees", "approach_h": 0.12, "score": 640.0}, "geometry": {"type": "LineString", "coordinates": [[9.526324069893532, 62.479409810500655], [9.526373297833715, 62.47914176007163], [9.52642252477114, 62.47887370961015], [9.526471750705836, 62.47860565911624], [9.526520975637833, 62.47833760858991], [9.526570199567159, 62.47806955803112], [9.526619422493845, 62.47780150743991], [9.526668644417914, 62.477533456816275], [9.526717865339403, 62.4772654061602], [9.526960162409749, 62.47700494775725], [9.527202455158745, 62.47674448888284], [9.527830891808641, 62.476499211897455], [9.528266245382374, 62.47624634180229], [9.52870159153918, 62.47599347026372], [9.52894386058944, 62.475733008092426], [9.529186125319042, 62.47547254544975], [9.529428385728108, 62.4752120823357], [9.530056771686008, 62.47496679474599], [9.530492083745255, 62.47471391722919], [9.530927388388555, 62.4744610382692], [9.530927388388555, 62.4744610382692]]}}, {"type": "Feature", "properties": {"rank": 92, "peak": "Storbekkh\u00f8a (topp, 1.5 km)", "near": "Langoddlia (li, 1.6 km)", "band_length_m": 842, "drop": 339.29, "aspect": 52.01, "terrain": "open", "approach_h": 0.32, "score": 638.0}, "geometry": {"type": "LineString", "coordinates": [[9.375746194001715, 62.67214506448827], [9.376278094317929, 62.6724364825522], [9.376810005068554, 62.67272789870047], [9.377341926253857, 62.67301931293303], [9.377873857874112, 62.67331072524976], [9.378405799929585, 62.67360213565063], [9.378937752420555, 62.67389354413551], [9.379469715347282, 62.67418495070438], [9.380001688710054, 62.674476355357115], [9.380533672509126, 62.674767758093694], [9.381065666744776, 62.67505915891397], [9.381597671417275, 62.675350557817936], [9.382129686526895, 62.675641954805464], [9.382661712073904, 62.675933349876516], [9.383193748058575, 62.67622474303101], [9.383725794481178, 62.676516134268844], [9.384257851341985, 62.676807523589964], [9.38478991864127, 62.677098910994275], [9.3853219963793, 62.67739029648172], [9.385854084556348, 62.67768168005222], [9.386208815807299, 62.67787593470089]]}}, {"type": "Feature", "properties": {"rank": 93, "peak": "Dulm\u00e5lhaugen (haug, 0.6 km)", "near": "Hyllneset (li, 0.4 km)", "band_length_m": 644, "drop": 296.79, "aspect": 259.85, "terrain": "trees", "approach_h": 0.01, "score": 638.0}, "geometry": {"type": "LineString", "coordinates": [[9.034717109334736, 63.18654453447847], [9.034068968279872, 63.186787352390134], [9.03345768306267, 63.18685163896458], [9.03284639525942, 63.18691592287484], [9.032253541878159, 63.18689094018792], [9.03166068964912, 63.18686595503343], [9.031030957208484, 63.187019494888034], [9.030438103674236, 63.18699450460583], [9.02986369564853, 63.18688024831237], [9.029289292257378, 63.186765989739825], [9.028733341082424, 63.186562465524766], [9.028177397767612, 63.186358939210926], [9.027621462312837, 63.18615541079837], [9.027047082490464, 63.18604114338643], [9.026491161206952, 63.18583761068854], [9.025898336749687, 63.185812601725964], [9.025323970831375, 63.18569832747748], [9.02474960954783, 63.18558405095022], [9.024175252899095, 63.18546977214421], [9.023600900885212, 63.185355491059504], [9.023026553506224, 63.18524120769612], [9.022668277908206, 63.18504600099753], [9.022112407075905, 63.18484245165404], [9.021538075968335, 63.1847281624297], [9.020908339293245, 63.18488165727688], [9.020513139920467, 63.1848649695229]]}}, {"type": "Feature", "properties": {"rank": 94, "peak": null, "near": "Gottemslia (li, 0.4 km)", "band_length_m": 695, "drop": 343.87, "aspect": 125.8, "terrain": "trees", "approach_h": 0.09, "score": 638.0}, "geometry": {"type": "LineString", "coordinates": [[9.572569319829684, 62.5148773826287], [9.57319821264883, 62.51463190633309], [9.573827095144564, 62.51438642708857], [9.574455967317029, 62.51414094489522], [9.575084829166386, 62.51389545975309], [9.575713680692768, 62.513649971662296], [9.576342521896343, 62.51340448062293], [9.576938789614372, 62.51333770110546], [9.577551334582655, 62.513181561687915], [9.578163873222573, 62.513025419510996], [9.578760129611917, 62.51295863208276], [9.579388931517247, 62.51271312687929], [9.58001772310025, 62.51246761872769], [9.580646504361063, 62.51222210762806], [9.58125900747587, 62.51206595146981], [9.581871504262303, 62.511909792552544], [9.582500258661419, 62.51166427280168], [9.583129002738819, 62.51141875010306], [9.583757736494636, 62.51117322445685], [9.584193144956599, 62.51092018072052], [9.584241919370154, 62.510652105695215], [9.584467747198742, 62.510480903994], [9.585031428665395, 62.510592805859005], [9.585208486736397, 62.51068967831113], [9.585208486736397, 62.51068967831113]]}}, {"type": "Feature", "properties": {"rank": 95, "peak": "Gravh\u00f8a (haug, 2.2 km)", "near": "\u00c5motsdalslia (li, 0.5 km)", "band_length_m": 720, "drop": 336.88, "aspect": 197.88, "terrain": "trees", "approach_h": 0.13, "score": 637.0}, "geometry": {"type": "LineString", "coordinates": [[9.51109093255561, 62.4776399798535], [9.510511704532709, 62.477617136228204], [9.50994893465891, 62.47750494249552], [9.509419086267389, 62.47721405127106], [9.50888924816553, 62.476923158134966], [9.508359420353075, 62.476632263087325], [9.508215736518475, 62.47635660272263], [9.508072055219433, 62.476080942232024], [9.508121439814794, 62.47581289987285], [9.507977761760156, 62.475537239310306], [9.50764102653489, 62.475253960004785], [9.507497355377302, 62.47497829901056], [9.507353686754877, 62.47470263789045], [9.507210020667536, 62.474426976644466], [9.507066357115198, 62.47415131527261], [9.506922696097783, 62.47387565377487], [9.506779037615214, 62.47359999215122], [9.506249288158935, 62.473309089850005], [9.50629868327032, 62.47304104820391], [9.506348077375767, 62.472773006525244], [9.506397470475317, 62.47250496481396], [9.506446862568993, 62.47223692307008], [9.506496253656826, 62.4719688812936], [9.506545643738844, 62.471700839484555], [9.506208963753553, 62.47141755723766], [9.506065322603312, 62.471141895020914], [9.506500776791908, 62.470889093965596], [9.50671027008173, 62.470807366552314]]}}, {"type": "Feature", "properties": {"rank": 96, "peak": null, "near": "Stor\u00f8ya (li, 0.5 km)", "band_length_m": 659, "drop": 289.81, "aspect": 239.66, "terrain": "trees", "approach_h": 0.04, "score": 634.0}, "geometry": {"type": "LineString", "coordinates": [[8.914737700952788, 62.6218551416327], [8.914211324379067, 62.621562037397396], [8.913684958164586, 62.621268931294935], [8.913158602309062, 62.62097582332538], [8.9125955508528, 62.620861216405785], [8.912050858493421, 62.62065735590335], [8.9115245296597, 62.6203642420818], [8.910998211184056, 62.620071126393434], [8.91047190306622, 62.619778008838324], [8.90994560530592, 62.61948488941654], [8.909419317902874, 62.619191768128196], [8.908893040856823, 62.6188986449733], [8.908366774167481, 62.61860551995199], [8.907785421106206, 62.61858014513495], [8.907204069171117, 62.618554767911256], [8.906622718362312, 62.618529388280905], [8.90607811031349, 62.61832550544588], [8.905496765209596, 62.618300121195006], [8.904915421232278, 62.61827473453753], [8.904370829870453, 62.618070845237014], [8.904370829870453, 62.618070845237014]]}}, {"type": "Feature", "properties": {"rank": 97, "peak": null, "near": "L\u00f8fta (li, 1.1 km)", "band_length_m": 671, "drop": 323.08, "aspect": 132.68, "terrain": "trees", "approach_h": 0.06, "score": 633.0}, "geometry": {"type": "LineString", "coordinates": [[10.22369492459466, 63.14272603420853], [10.224134540054427, 63.142471049869755], [10.22457414775015, 63.142216064095216], [10.225013747682015, 63.14196107688498], [10.225453339850198, 63.14170608823906], [10.226075890416668, 63.1415472015758], [10.226713161553935, 63.14129887243772], [10.227152728731145, 63.14104387829176], [10.227394596773316, 63.14078222101873], [10.228017117032232, 63.14062332555495], [10.228654351298427, 63.140374987351784], [10.22929157468784, 63.14012664618461], [10.22992878720064, 63.1398783020535], [10.230565988836998, 63.13962995495859], [10.231203179597081, 63.13938160489994], [10.231840359481062, 63.13913325187759], [10.2324775284891, 63.13888489589173], [10.233099980709468, 63.138725977490154], [10.233737130085172, 63.13847761566355], [10.234344864931153, 63.13840813230441], [10.23496729693245, 63.138249205520374], [10.235575024247327, 63.13817971681918], [10.235772700269358, 63.138186366967965]]}}, {"type": "Feature", "properties": {"rank": 98, "peak": null, "near": "Seterhamran (li, 0.3 km)", "band_length_m": 688, "drop": 317.55, "aspect": 27.15, "terrain": "trees", "approach_h": 0.09, "score": 631.0}, "geometry": {"type": "LineString", "coordinates": [[8.60695701044585, 62.74736032747309], [8.607482438422663, 62.74765457429954], [8.608007876834371, 62.7479488192775], [8.608144280549444, 62.74822529647916], [8.608475211054586, 62.74851065650562], [8.609000674362587, 62.74880489805009], [8.609331619461699, 62.749090256223035], [8.609273509955083, 62.74935785070702], [8.609215399256295, 62.749625445150365], [8.609546355223966, 62.749910802938764], [8.610071853619678, 62.75020504087253], [8.610597362452541, 62.75049927695736], [8.610733801042715, 62.75077575203269], [8.610675700039055, 62.751043347185714], [8.611006685482055, 62.75132870186431], [8.611337677221567, 62.751614055833706], [8.611668675257784, 62.751899409093916], [8.612194229622826, 62.752193639718], [8.612719794426793, 62.75248786849276], [8.613050815363732, 62.75277321875367], [8.613381842598205, 62.753058568305235], [8.613907434446192, 62.75335279294033], [8.614433036734164, 62.75364701572585], [8.614433036734164, 62.75364701572585]]}}, {"type": "Feature", "properties": {"rank": 99, "peak": "Gammelseterhaugen (haug, 0.8 km)", "near": "Pilura (li, 0.2 km)", "band_length_m": 686, "drop": 335.59, "aspect": 75.35, "terrain": "trees", "approach_h": 0.09, "score": 629.0}, "geometry": {"type": "LineString", "coordinates": [[8.682486280830837, 62.805465140761456], [8.683032678979002, 62.80566991434167], [8.683559892544842, 62.805963896198676], [8.684144688838785, 62.805990244971824], [8.68472948631622, 62.806016591321395], [8.685295097857882, 62.80613214586049], [8.685860713947438, 62.80624769817247], [8.686426334584855, 62.8063632482573], [8.686972777369327, 62.80656800701155], [8.687500046756558, 62.80686197470987], [8.688084865317755, 62.806888307321195], [8.688669685061793, 62.806914637508825], [8.689254505988577, 62.80694096527272], [8.689858502152207, 62.80687807922754], [8.690443323695936, 62.80690440204362], [8.691028146422077, 62.80693072243597], [8.691612970330524, 62.806957040404576], [8.69219779542117, 62.80698335594944], [8.69274429093654, 62.80718809284048], [8.693309958060443, 62.807303615717125], [8.693856467389839, 62.80750834843635], [8.694422145225166, 62.80762386695369], [8.695006986715262, 62.80765017098154], [8.695553514537298, 62.80785489730541], [8.696119206014027, 62.80797040913972], [8.696684902037815, 62.80808591874626], [8.697250602608625, 62.808201426125024], [8.697778005289246, 62.80849535674495], [8.697972959346751, 62.80850412044317]]}}, {"type": "Feature", "properties": {"rank": 100, "peak": null, "near": "Klevgardan (grend, 0.8 km)", "band_length_m": 666, "drop": 317.87, "aspect": 170.6, "terrain": "mixed", "approach_h": 0.06, "score": 628.0}, "geometry": {"type": "LineString", "coordinates": [[9.215823256627013, 62.58684996656415], [9.215875506445864, 62.58658206345705], [9.215927755197256, 62.586314160314885], [9.215980002881224, 62.586046257137646], [9.216032249497799, 62.58577835392529], [9.21608449504701, 62.5855104506779], [9.216136739528888, 62.585242547395424], [9.216188982943464, 62.58497464407788], [9.216241225290773, 62.58470674072525], [9.21629346657084, 62.584438837337565], [9.2163457067837, 62.5841709339148], [9.216397945929383, 62.583903030456966], [9.216837514478266, 62.58365118464352], [9.216889748038971, 62.583383280932686], [9.216941980532662, 62.58311537718678], [9.216994211959367, 62.58284747340582], [9.21704644231912, 62.58257956958977], [9.21709867161195, 62.58231166573867], [9.21715089983789, 62.58204376185251], [9.217396780333168, 62.58178388573002], [9.217449004700297, 62.581515981682294], [9.21788852812822, 62.58126413202926], [9.218328044063245, 62.58101228090615], [9.218573905358554, 62.580752402484], [9.218573905358554, 62.580752402484]]}}, {"type": "Feature", "properties": {"rank": 101, "peak": null, "near": "Lundan (grend, 0.4 km)", "band_length_m": 631, "drop": 261.45, "aspect": 155.89, "terrain": "trees", "approach_h": 0.01, "score": 625.0}, "geometry": {"type": "LineString", "coordinates": [[10.25337334102044, 63.03427384629299], [10.254007999846747, 63.03402536979828], [10.254642647883983, 63.033776890355014], [10.255277285132324, 63.03352840796324], [10.255911911591932, 63.03327992262312], [10.256546527262973, 63.03303143433469], [10.25659022822776, 63.03276309951564], [10.25683089435882, 63.03250137939417], [10.25707155608727, 63.032239658819215], [10.257509176193553, 63.03198455154197], [10.258143749888875, 63.031736055691596], [10.258778312796784, 63.031487556893346], [10.259215906623695, 63.03123244408784], [10.259259579662805, 63.030964108162735], [10.259303251795032, 63.03069577221042], [10.259543875920784, 63.03043404706155], [10.259587544441626, 63.03016571097854], [10.259587544441626, 63.03016571097854]]}}, {"type": "Feature", "properties": {"rank": 102, "peak": null, "near": "Utesto Engan (adressetilleggsnavn, 0.7 km)", "band_length_m": 622, "drop": 291.97, "aspect": 294.26, "terrain": "trees", "approach_h": 0.01, "score": 616.0}, "geometry": {"type": "LineString", "coordinates": [[9.602366827997113, 62.49443762937484], [9.601738603034656, 62.49468324451462], [9.601110367762471, 62.49492885671046], [9.600482122180415, 62.4951744659623], [9.59985386628833, 62.49542007227005], [9.59924180281607, 62.49557631487866], [9.598645937579217, 62.49564319406495], [9.598066276063264, 62.4956207100951], [9.597454199437747, 62.49577694471211], [9.596825906335194, 62.49602253696922], [9.596213815125187, 62.496178765981334], [9.59561793162384, 62.49624563202543], [9.595005829706805, 62.496401855617094], [9.594426156954693, 62.49637935638782], [9.593846485194303, 62.49635685475738], [9.593234372064257, 62.496513070449076], [9.592638475786297, 62.496579923616736], [9.592026351949904, 62.49673613388764], [9.59141422179095, 62.496892341401875], [9.590834542961815, 62.496869827168325], [9.590254865125093, 62.49684731053359], [9.589658956072935, 62.49691415082429], [9.589658956072935, 62.49691415082429]]}}, {"type": "Feature", "properties": {"rank": 103, "peak": "Gr\u00f8nhaugen (haug, 1.1 km)", "near": "Gr\u00f8nlia (li, 0.2 km)", "band_length_m": 824, "drop": 334.64, "aspect": 81.96, "terrain": "mixed", "approach_h": 0.34, "score": 615.0}, "geometry": {"type": "LineString", "coordinates": [[9.009320314684686, 63.16674341945073], [9.00991273164176, 63.166768493412384], [9.010505149753522, 63.16679356490883], [9.011097569019856, 63.16681863394008], [9.011689989440658, 63.16684370050613], [9.012282411015812, 63.16686876460696], [9.012874833745217, 63.16689382624256], [9.013467257628754, 63.16691888541292], [9.01405968266631, 63.16694394211806], [9.014670583976544, 63.16687973504046], [9.015318428701068, 63.1666370024519], [9.015929320994253, 63.16657278984839], [9.01652174163692, 63.16659783621017], [9.017114163433009, 63.166622880106736], [9.017688120786188, 63.16673718335435], [9.01826208276842, 63.166851484325385], [9.018836049379658, 63.16696578301981], [9.019410020619857, 63.16708007943765], [9.02000245538952, 63.16710511139344], [9.020576434213528, 63.16721940316563], [9.021150417666345, 63.1673336926611], [9.021724405747927, 63.167447979879825], [9.022298398458238, 63.167562264821726], [9.022872395797235, 63.16767654748681], [9.023446397764877, 63.16779082787503], [9.02402040436113, 63.16790510598632], [9.024415375302693, 63.167921781531675]]}}, {"type": "Feature", "properties": {"rank": 104, "peak": "Osbuhaugan (haug, 2.3 km)", "near": "Holtabekken (bekk, 0.3 km)", "band_length_m": 897, "drop": 394.73, "aspect": 45.03, "terrain": "open", "approach_h": 0.46, "score": 614.0}, "geometry": {"type": "LineString", "coordinates": [[8.502149258098955, 62.47162309204416], [8.502668921349555, 62.47191766290136], [8.503208053408494, 62.472123048891376], [8.503747192932838, 62.47232843288437], [8.504305795514314, 62.4724446316382], [8.504883856443648, 62.47247164486021], [8.505461918559318, 62.472498655694984], [8.506020531374451, 62.47261484769103], [8.506598597564148, 62.47264185385342], [8.507137770377614, 62.472847225120184], [8.507657504616084, 62.47314177822149], [8.508177249064966, 62.47343632950662], [8.508697003724533, 62.47373087897552], [8.509216768595055, 62.474025426628096], [8.509736543676798, 62.47431997246432], [8.509678220443279, 62.47458752499181], [8.509619896024088, 62.474855077477976], [8.509561570419196, 62.475122629922815], [8.509888659393368, 62.47540817753218], [8.51040846456264, 62.475702721223705], [8.510542855790437, 62.4759792706681], [8.510869963213702, 62.47626481619465], [8.51081164529726, 62.47653236924939], [8.511331478734151, 62.47682690983722], [8.511851322384613, 62.47712144860825], [8.511985732701278, 62.477397996886985], [8.511927421958525, 62.4776655504908], [8.511888547471393, 62.47784391953705]]}}, {"type": "Feature", "properties": {"rank": 105, "peak": "Vardh\u00f8a (haug, 2.3 km)", "near": "Tyrikvamlia (li, 2.6 km)", "band_length_m": 725, "drop": 327.9, "aspect": 82.46, "terrain": "open", "approach_h": 0.18, "score": 614.0}, "geometry": {"type": "LineString", "coordinates": [[9.476826201792552, 62.72000340460733], [9.477410136364274, 62.72002643762656], [9.477994071966101, 62.720049468222754], [9.478578008597934, 62.720072496395886], [9.479161946259662, 62.72009552214593], [9.479745884951182, 62.72011854547294], [9.480329824672387, 62.720141566376846], [9.48091376542317, 62.72016458485769], [9.481464278388566, 62.72036628154125], [9.481998085851744, 62.72065731652562], [9.482531903795522, 62.72094834958007], [9.483115862637728, 62.72097135906991], [9.483666405838724, 62.72117304740527], [9.484233663472974, 62.72128539294058], [9.48481763064285, 62.72130839542377], [9.485401598841568, 62.72133139548371], [9.485985568069024, 62.72135439312039], [9.486569538325114, 62.721377388333785], [9.487136811470133, 62.72148972227499], [9.487720785530106, 62.72151271272945], [9.48833814979557, 62.72135701810436], [9.488938815088462, 62.721290662115806], [9.489556168496236, 62.721134962009025], [9.490140137934095, 62.72115794233233], [9.490724108399805, 62.72118092023236], [9.49127470887093, 62.72138257926301], [9.491808632737067, 62.72167357805766], [9.491808632737067, 62.72167357805766]]}}, {"type": "Feature", "properties": {"rank": 106, "peak": "Geitryggen (haug, 2.0 km)", "near": "Brattfonne (li, 0.2 km)", "band_length_m": 956, "drop": 513.26, "aspect": 215.31, "terrain": "mixed", "approach_h": 0.56, "score": 613.0}, "geometry": {"type": "LineString", "coordinates": [[8.654100501246651, 62.191117267974214], [8.653584008031892, 62.19082330045533], [8.653067524823452, 62.19052933112956], [8.652551051621064, 62.190235359997025], [8.65203458842447, 62.18994138705775], [8.651518135233404, 62.18964741231184], [8.651001692047608, 62.18935343575935], [8.650485258866818, 62.18905945740036], [8.650350702106106, 62.18878303920879], [8.650407079273885, 62.18851540166998], [8.649890665876361, 62.18822142133098], [8.649947045774336, 62.18795378400955], [8.649812498313619, 62.18767736540165], [8.649296104697848, 62.18738338308275], [8.64877972108546, 62.18708939895769], [8.6482633474762, 62.18679541302651], [8.647746983869807, 62.186501425289286], [8.647230630266012, 62.186207435746105], [8.647096114686008, 62.185931014881206], [8.647152513836863, 62.1856633789243], [8.646636180010578, 62.18536938740195], [8.646119856185955, 62.185075394073834], [8.64560354236273, 62.184781398940025], [8.645469047367603, 62.18450497673906], [8.644952749455127, 62.18421097936927], [8.644436461543313, 62.18391698019396], [8.643920183631892, 62.18362297921322], [8.643403915720606, 62.1833289764271], [8.64288765780919, 62.18303497183566], [8.64237140989738, 62.182740965439024], [8.641855171984924, 62.18244695723722], [8.641338944071546, 62.18215294723035], [8.640822726157, 62.18185893541844], [8.640306518241012, 62.1815649218016], [8.639790320323325, 62.181270906379915], [8.639274132403676, 62.18097688915341], [8.639274132403676, 62.18097688915341]]}}, {"type": "Feature", "properties": {"rank": 107, "peak": "Brennan (haug, 0.6 km)", "near": "H\u00e6lfjellenden (li, 0.3 km)", "band_length_m": 697, "drop": 291.7, "aspect": 267.33, "terrain": "trees", "approach_h": 0.14, "score": 611.0}, "geometry": {"type": "LineString", "coordinates": [[9.005549511326109, 62.51710251582985], [9.00493404026663, 62.51725610294656], [9.004354558759385, 62.51723115144199], [9.003775078352323, 62.517206197540126], [9.003195599045553, 62.51718124124091], [9.002616120839177, 62.51715628254443], [9.002036643733302, 62.51713132145063], [9.00145716772802, 62.51710635795955], [9.000877692823442, 62.51708139207119], [9.000298219019667, 62.51705642378557], [8.999718746316802, 62.51703145310268], [8.999139274714945, 62.517006480022516], [8.998559804214201, 62.51698150454513], [8.997980334814672, 62.516956526670505], [8.99740086651646, 62.51693154639865], [8.996821399319671, 62.5169065637296], [8.996241933224404, 62.51688157866332], [8.995662468230762, 62.516856591199854], [8.99508300433885, 62.5168316013392], [8.994539595130165, 62.5166280764521], [8.994189344877448, 62.51643288122195]]}}, {"type": "Feature", "properties": {"rank": 108, "peak": "Tj\u00f8rhjellhaugen (haug, 0.9 km)", "near": "Tr\u00f8alia (li, 0.2 km)", "band_length_m": 732, "drop": 336.45, "aspect": 277.3, "terrain": "trees", "approach_h": 0.2, "score": 610.0}, "geometry": {"type": "LineString", "coordinates": [[9.004307855106893, 62.50876510674545], [9.00372853906488, 62.50874015453803], [9.003149224122472, 62.50871519993419], [9.002569910279764, 62.50869024293389], [9.001990597536864, 62.50866528353714], [9.001411285893875, 62.50864032174398], [9.000831975350895, 62.508615357554405], [9.000252665908027, 62.508590390968436], [8.999673357565381, 62.50856542198606], [8.999094050323052, 62.50854045060729], [8.998496735561888, 62.508604743904684], [8.997899418353342, 62.508669034612396], [8.997320110986976, 62.508644055855314], [8.996740804721368, 62.508619074701855], [8.996161499556608, 62.508594091152034], [8.995582195492807, 62.50856910520586], [8.995002892530069, 62.508544116863334], [8.994423590668488, 62.508519126124476], [8.99384428990817, 62.5084941329893], [8.993264990249221, 62.5084691374578], [8.99268569169174, 62.50844413952999], [8.992106394235831, 62.508419139205884], [8.991545127176279, 62.508304870552855], [8.990965833636514, 62.50827986553088], [8.990368508478566, 62.508344123855835], [8.990368508478566, 62.508344123855835]]}}, {"type": "Feature", "properties": {"rank": 109, "peak": null, "near": "Soknesliin (li, 0.9 km)", "band_length_m": 676, "drop": 255.5, "aspect": 157.18, "terrain": "trees", "approach_h": 0.11, "score": 609.0}, "geometry": {"type": "LineString", "coordinates": [[10.243933163056827, 63.03386635166468], [10.244173951440493, 63.03360465418614], [10.24421776721464, 63.03333632420473], [10.244261582078897, 63.03306799419599], [10.244305396033283, 63.03279966415994], [10.244349209077837, 63.03253133409654], [10.244393021212574, 63.03226300400585], [10.244436832437527, 63.031994673887816], [10.244480642752722, 63.03172634374247], [10.244524452158185, 63.031458013569825], [10.24456826065394, 63.031189683369846], [10.245202924616226, 63.03094124640263], [10.245837577792576, 63.03069280648641], [10.246078321809199, 63.03043110531109], [10.246516008862244, 63.03017603262368], [10.247150634165335, 63.029927586553], [10.247785248683206, 63.02967913753362], [10.248405262592318, 63.02952012949117], [10.248828327156195, 63.02935449326478]]}}, {"type": "Feature", "properties": {"rank": 110, "peak": "Skurvoth\u00f8e (haug, 1.1 km)", "near": "Nordig\u00e5rd Bottem (gard, 0.7 km)", "band_length_m": 612, "drop": 249.43, "aspect": 224.39, "terrain": "trees", "approach_h": 0.01, "score": 606.0}, "geometry": {"type": "LineString", "coordinates": [[8.99284966239069, 62.11045776324388], [8.992331147479986, 62.11016503953562], [8.991812642540893, 62.109872313995254], [8.991294147573148, 62.10957958662285], [8.990775662576489, 62.10928685741849], [8.990257187550664, 62.10899412638225], [8.989738722495417, 62.10870139351416], [8.989410817348352, 62.10841696650105], [8.988892370215197, 62.108124230661396], [8.98837393305186, 62.10783149299014], [8.98785550585809, 62.107538753487326], [8.987337088633627, 62.107246012153034], [8.986818681378214, 62.106953268987354], [8.98630028409159, 62.10666052399037], [8.985781896773503, 62.10636777716209], [8.985609103215992, 62.10627019447906]]}}, {"type": "Feature", "properties": {"rank": 111, "peak": "Sletthaugen (haug, 1.2 km)", "near": "Huslia (li, 0.3 km)", "band_length_m": 630, "drop": 251.42, "aspect": 284.65, "terrain": "trees", "approach_h": 0.04, "score": 606.0}, "geometry": {"type": "LineString", "coordinates": [[8.440116553988046, 62.6893627847182], [8.439514509550074, 62.68942461945261], [8.438912462736408, 62.68948645156586], [8.438330248624945, 62.689459112353354], [8.437748035731472, 62.689431770732156], [8.437145985520164, 62.6894935951991], [8.43656377333393, 62.689466248656686], [8.435981562365997, 62.689438899705635], [8.435399352616477, 62.68941154834593], [8.434817144085471, 62.689384194577606], [8.434234936773082, 62.68935683840067], [8.433652730679418, 62.68932947981511], [8.43305067503018, 62.68939128658537], [8.4324684696453, 62.68936392307864], [8.431866411111683, 62.68942572471503], [8.43126435020382, 62.68948752373012], [8.430682145018478, 62.68946015278963], [8.430099941052516, 62.689432779440544], [8.429517738306041, 62.689405403682905], [8.428935536779148, 62.6893780255167], [8.428353336471947, 62.689350644941946], [8.42794533744644, 62.68942155673613], [8.42794533744644, 62.68942155673613]]}}, {"type": "Feature", "properties": {"rank": 112, "peak": "R\u00f8dhaugen (haug, 2.1 km)", "near": "Hattlia (li, 0.6 km)", "band_length_m": 617, "drop": 235.64, "aspect": 218.5, "terrain": "trees", "approach_h": 0.02, "score": 605.0}, "geometry": {"type": "LineString", "coordinates": [[11.418821545386386, 63.10813540290652], [11.418261358592323, 63.107851673693524], [11.417701182713978, 63.107567942328025], [11.417141017751081, 63.107284208810135], [11.416580863703373, 63.10700047313989], [11.416020720570575, 63.10671673531742], [11.415449539846287, 63.10652257119646], [11.414889416953832, 63.10623882901844], [11.414527058909572, 63.105960090602615], [11.414164707757282, 63.10568135129649], [11.413604613507873, 63.105397604199815], [11.413440026127818, 63.10512387001356], [11.413275441770962, 63.1048501356477], [11.41271537206385, 63.104566385169875], [11.412748539796967, 63.104297658331255], [11.412748539796967, 63.104297658331255]]}}, {"type": "Feature", "properties": {"rank": 113, "peak": "Midthaugen (haug, 0.7 km)", "near": "Ratlia (li, 0.4 km)", "band_length_m": 610, "drop": 249.29, "aspect": 168.09, "terrain": "trees", "approach_h": 0.01, "score": 604.0}, "geometry": {"type": "LineString", "coordinates": [[9.199173828230226, 63.22218338743895], [9.199227679074772, 63.22191551651492], [9.19928152879588, 63.221647645555095], [9.199335377393567, 63.22137977455957], [9.199389224867877, 63.22111190352829], [9.199443071218834, 63.22084403246128], [9.199496916446474, 63.220576161358544], [9.19955076055084, 63.22030829022004], [9.199604603531954, 63.220040419045816], [9.199856347022216, 63.21978064517741], [9.199910185945113, 63.21951277383801], [9.199964023744903, 63.219244902462876], [9.20001786042161, 63.21897703105202], [9.20007169597528, 63.21870915960542], [9.200125530405934, 63.21844128812311], [9.20037725460038, 63.21818151310964], [9.200826863498115, 63.21792983345979], [9.20088068912524, 63.21766196158921], [9.20093451362959, 63.21739408968294], [9.200952454881543, 63.21730479903957]]}}, {"type": "Feature", "properties": {"rank": 114, "peak": null, "near": "Klevgardan (grend, 0.2 km)", "band_length_m": 632, "drop": 305.99, "aspect": 159.77, "terrain": "trees", "approach_h": 0.05, "score": 602.0}, "geometry": {"type": "LineString", "coordinates": [[9.179131129796207, 62.58577395844523], [9.179377372061397, 62.58551415340227], [9.17981727298252, 62.585262427912355], [9.179869843376892, 62.58499454185604], [9.179922412697382, 62.58472665576434], [9.179974980944019, 62.58445876963727], [9.180027548116838, 62.58419088347481], [9.18008011421587, 62.58392299727698], [9.180713638089266, 62.58367934790304], [9.180959848329117, 62.58341953968491], [9.181206054164884, 62.583159730980086], [9.181258607344834, 62.58289184418079], [9.181311159451331, 62.582623957346094], [9.181557355286637, 62.58236414789992], [9.181803546718298, 62.58210433796712], [9.18185609215516, 62.58183645084239], [9.182102276385333, 62.58157664029563], [9.1823484562122, 62.58131682926227], [9.18240099498011, 62.58104894184753], [9.182453532674916, 62.580781054397434], [9.18308696927417, 62.580537393242686], [9.183720395526105, 62.58029372909523], [9.184353811430881, 62.58005006195513], [9.184564947766459, 62.57996883891008]]}}, {"type": "Feature", "properties": {"rank": 115, "peak": "Furuhaugen (haug, 1.1 km)", "near": "Vetll\u00f8kkja (li, 0.2 km)", "band_length_m": 686, "drop": 264.34, "aspect": 107.9, "terrain": "trees", "approach_h": 0.15, "score": 597.0}, "geometry": {"type": "LineString", "coordinates": [[9.57763070218061, 62.52236372718134], [9.578259715491647, 62.52211822942689], [9.578839872659376, 62.52214080093853], [9.579436311150559, 62.52207401255935], [9.580016468589495, 62.522096579178076], [9.580596627024681, 62.522119143393134], [9.581176786456016, 62.522141705204525], [9.581773220213158, 62.5220749067792], [9.582385922799105, 62.52191874784983], [9.582998619051759, 62.52176258616038], [9.583595041470065, 62.52169577982188], [9.584191461330098, 62.52162897090512], [9.584804142468377, 62.521472801120986], [9.585416817273227, 62.52131662857695], [9.586013225793511, 62.52124981174742], [9.58660963175516, 62.521182992339725], [9.587189778760669, 62.52120552900278], [9.587769926761059, 62.5212280632622], [9.588350075756226, 62.52125059511796], [9.588543458975659, 62.521258105202406]]}}, {"type": "Feature", "properties": {"rank": 116, "peak": "Kvitkurven (haug, 1.9 km)", "near": "Dalslia (li, 1.9 km)", "band_length_m": 626, "drop": 284.08, "aspect": 267.08, "terrain": "trees", "approach_h": 0.05, "score": 596.0}, "geometry": {"type": "LineString", "coordinates": [[10.996379716958046, 62.30332659189021], [10.995802602365146, 62.30330994354941], [10.995225488498297, 62.30329329281533], [10.994648375357603, 62.303276639688015], [10.99407126294316, 62.30325998416749], [10.99349415125508, 62.30324332625371], [10.99291704029346, 62.30322666594669], [10.992339930058403, 62.30321000324647], [10.991762820550015, 62.30319333815304], [10.9911857117684, 62.30317667066638], [10.990608603713657, 62.303160000786534], [10.990031496385892, 62.30314332851348], [10.989454389785205, 62.30312665384725], [10.988901171047807, 62.30293089297664], [10.988336014469862, 62.3028246718039], [10.98777086195271, 62.302718448361624], [10.98719376508987, 62.30270176437496], [10.986628619068215, 62.30259553633318], [10.986051525367696, 62.30257884762334], [10.985474432394941, 62.302562156520395], [10.984897340150058, 62.30254546302435], [10.984308291691242, 62.302618308544794], [10.98369532276303, 62.30287023422402], [10.98310626519443, 62.30294307456965], [10.98310626519443, 62.30294307456965]]}}, {"type": "Feature", "properties": {"rank": 117, "peak": "Oppistuhaugen (haug, 0.9 km)", "near": "Sn\u00f8g\u00f8tu (li, 0.7 km)", "band_length_m": 613, "drop": 272.3, "aspect": 304.82, "terrain": "trees", "approach_h": 0.03, "score": 595.0}, "geometry": {"type": "LineString", "coordinates": [[9.079921141591184, 62.5144319032033], [9.079323864328025, 62.5144965434355], [9.078691037750533, 62.514739741174026], [9.078058200885236, 62.514982935918326], [9.077425353732005, 62.515226127668264], [9.076792496290691, 62.51546931642377], [9.076159628561156, 62.51571250218475], [9.07552675054325, 62.515955684951145], [9.07489386223684, 62.51619886472282], [9.074260963641771, 62.516442041499715], [9.073628054757917, 62.51668521528175], [9.072995135585119, 62.51692838606883], [9.072362206123245, 62.51717155386084], [9.071729266372142, 62.51741471865776], [9.071096316331682, 62.51765788045942], [9.070674343921649, 62.517819986663156]]}}, {"type": "Feature", "properties": {"rank": 118, "peak": "Vanghaugen (haug, 0.7 km)", "near": "Blokkhusk\u00e5sa (li, 0.3 km)", "band_length_m": 720, "drop": 321.02, "aspect": 159.09, "terrain": "open", "approach_h": 0.21, "score": 595.0}, "geometry": {"type": "LineString", "coordinates": [[9.323962100902222, 62.54718446419983], [9.32420675349116, 62.54692438636727], [9.324257940284367, 62.54665643085002], [9.324309126032986, 62.54638847529869], [9.324553768716928, 62.54612839673806], [9.324604950654729, 62.54586044102881], [9.325043040969042, 62.54560823817543], [9.325094217374604, 62.54534028221863], [9.325532295734279, 62.54508807769102], [9.325776916559613, 62.54482799672816], [9.326021533013586, 62.54456791528493], [9.326072698355807, 62.54429995883317], [9.326704198058911, 62.54405562486171], [9.32694879979401, 62.54379554162071], [9.32719339715825, 62.54353545789937], [9.327631430702253, 62.543283246265176], [9.327876017719692, 62.54302316122658], [9.328120600366661, 62.54276307570766], [9.32817174290904, 62.542495118210844], [9.328416318420794, 62.542235032087994], [9.328854322085913, 62.5419828162694], [9.329098887252183, 62.54172272882949], [9.329536877477375, 62.541470510713665], [9.329781432298729, 62.54121042195676], [9.329781432298729, 62.54121042195676]]}}, {"type": "Feature", "properties": {"rank": 119, "peak": "Gravh\u00f8a (haug, 2.4 km)", "near": "\u00c5motsdalslia (li, 1.1 km)", "band_length_m": 988, "drop": 430.64, "aspect": 162.41, "terrain": "mixed", "approach_h": 0.66, "score": 595.0}, "geometry": {"type": "LineString", "coordinates": [[9.48335568486612, 62.479333393030416], [9.483598374341552, 62.479073014335704], [9.484227209512715, 62.47882793844795], [9.484856034394712, 62.47858285960738], [9.485098704476286, 62.478322478079505], [9.485727511536613, 62.47807739510629], [9.48597016975816, 62.47781701192542], [9.486212823652465, 62.47755662827143], [9.486841605359665, 62.47731153998602], [9.487470376778695, 62.477066448748246], [9.488099137909716, 62.476821354558155], [9.48872788875286, 62.476576257415886], [9.488970508193283, 62.47631586857003], [9.489020064520494, 62.476047834829195], [9.48906961983843, 62.475779801055594], [9.48931222950492, 62.47551941149763], [9.489361781089903, 62.475251377571716], [9.489411331665725, 62.47498334361306], [9.489460881232414, 62.47471530962168], [9.489510429790005, 62.47444727559756], [9.489559977338521, 62.47417924154072], [9.48960952387799, 62.473911207451145], [9.489852112877799, 62.47365081670275], [9.490094697552253, 62.473390425481526], [9.490144237636366, 62.47312239112007], [9.49000073827277, 62.47284671387896], [9.489824213889678, 62.472749726018144]]}}, {"type": "Feature", "properties": {"rank": 120, "peak": "Holhaugen (haug, 1.2 km)", "near": "Bekkalia (li, 1.2 km)", "band_length_m": 623, "drop": 264.03, "aspect": 19.95, "terrain": "trees", "approach_h": 0.05, "score": 593.0}, "geometry": {"type": "LineString", "coordinates": [[9.255663079627084, 62.57067210812645], [9.25561122321121, 62.570940030632954], [9.255559365736358, 62.57120795310471], [9.255507507202505, 62.571475875541736], [9.25545564760961, 62.571743797944045], [9.255403786957647, 62.57201172031162], [9.255351925246586, 62.57227964264446], [9.255300062476392, 62.57254756494256], [9.25524819864704, 62.57281548720594], [9.255389943521097, 62.573091384049036], [9.25533807929781, 62.573359306333735], [9.255867054356255, 62.57365115136801], [9.25600880859508, 62.573927047673266], [9.25595694809241, 62.57419497021698], [9.255905086530566, 62.574462892725926], [9.255853223909517, 62.5747308152002], [9.25638222785193, 62.575022658578185], [9.256911242142719, 62.57531450006033], [9.257440266782158, 62.575606339646505], [9.257616610628379, 62.57570361908724]]}}, {"type": "Feature", "properties": {"rank": 121, "peak": "Sjurshaugen (haug, 1.9 km)", "near": "S\u00e6termorka (li, 0.5 km)", "band_length_m": 759, "drop": 325.53, "aspect": 122.89, "terrain": "mixed", "approach_h": 0.28, "score": 593.0}, "geometry": {"type": "LineString", "coordinates": [[9.269090859011646, 62.64359919351168], [9.269724972700327, 62.643355147545286], [9.270359075985537, 62.6431110985865], [9.270993168867433, 62.64286704663535], [9.271627251346148, 62.64262299169199], [9.272261323421843, 62.64237893375644], [9.272895385094662, 62.642134872828805], [9.273494867797343, 62.64206942768463], [9.274111630466864, 62.641914670461865], [9.274745667194344, 62.6416706008653], [9.275379693519325, 62.64142652827699], [9.276013709441958, 62.64118245269699], [9.276647714962387, 62.640938374125405], [9.277087652162452, 62.64068634345446], [9.277139469351503, 62.64041841354757], [9.277191285479967, 62.64015048360608], [9.277807989216, 62.639995709419935], [9.278407418620374, 62.63993024262403], [9.27900684550012, 62.639864773230265], [9.279606269855151, 62.6397993012386], [9.280205691685351, 62.639733826649085], [9.280787850291711, 62.63975766001676], [9.281387268923293, 62.63969218032605], [9.281986685029738, 62.639626698037524], [9.282603353755956, 62.6394719023129], [9.28320276296056, 62.63940641473441], [9.283784918197277, 62.63943023558534], [9.284367074493291, 62.639454054023474], [9.284367074493291, 62.639454054023474]]}}, {"type": "Feature", "properties": {"rank": 122, "peak": "Gr\u00f8thaugen (haug, 1.2 km)", "near": "Snota (li, 0.2 km)", "band_length_m": 593, "drop": 249.21, "aspect": 169.74, "terrain": "trees", "approach_h": 0.0, "score": 593.0}, "geometry": {"type": "LineString", "coordinates": [[9.939088816182775, 62.83993144491195], [9.9391350487413, 62.83966323022869], [9.93957244029748, 62.8394091039828], [9.93961866741299, 62.839140889078955], [9.93966489357511, 62.83887267414568], [9.939711118783869, 62.83860445918294], [9.939757343039291, 62.83833624419076], [9.93980356634141, 62.83806802916912], [9.939849788690255, 62.837799814118014], [9.939896010085846, 62.83753159903749], [9.93994223052822, 62.83726338392748], [9.939988450017399, 62.83699516878805], [9.940034668553416, 62.836726953619134], [9.94008088613629, 62.83645873842083], [9.940127102766061, 62.83619052319303], [9.940173318442747, 62.8359223079358], [9.940219533166381, 62.835654092649115], [9.940852408109041, 62.83540700436348], [9.941485272446734, 62.835159913124144], [9.941696224869327, 62.835077548721365]]}}, {"type": "Feature", "properties": {"rank": 123, "peak": "Kvitbergsdalshaugen (haug, 0.6 km)", "near": "Oppsal-lia (li, 0.2 km)", "band_length_m": 639, "drop": 284.93, "aspect": 347.73, "terrain": "trees", "approach_h": 0.08, "score": 592.0}, "geometry": {"type": "LineString", "coordinates": [[8.887848423480596, 63.18064071894861], [8.887594269956509, 63.180899911039525], [8.88714258618112, 63.181150573466525], [8.886493367533737, 63.18139270429031], [8.885844138072718, 63.18163483201886], [8.885194897797918, 63.181876956652026], [8.884545646709183, 63.18211907818975], [8.883896384806363, 63.182361196631916], [8.883444646142529, 63.18261184665523], [8.88299289961346, 63.18286249514978], [8.882541145218983, 63.18311314211551], [8.88248446069974, 63.18338085996324], [8.882427775000119, 63.183648577772374], [8.88256863079229, 63.18392483153473], [8.882709489140353, 63.18420108518182], [8.882850350044388, 63.18447733871368], [8.88279366503088, 63.184745056664546], [8.88273697883693, 63.185012774576826], [8.882680291462492, 63.18528049245059], [8.88262360290754, 63.1855482102858], [8.882566913172033, 63.18581592808245], [8.88251022225594, 63.186083645840554], [8.882472427655975, 63.18626212432455]]}}, {"type": "Feature", "properties": {"rank": 124, "peak": "Veslefjellet (topp, 1.4 km)", "near": "Sandfl\u00e5e (li, 1.4 km)", "band_length_m": 696, "drop": 285.96, "aspect": 153.33, "terrain": "open", "approach_h": 0.18, "score": 590.0}, "geometry": {"type": "LineString", "coordinates": [[8.976062091986611, 62.24200166867453], [8.976671996743889, 62.24184814172097], [8.977299763896085, 62.24160534497149], [8.977927520978685, 62.2413625452515], [8.978555267991819, 62.24111974256109], [8.979183004935628, 62.24087693690036], [8.979810731810248, 62.2406341282694], [8.98043844861582, 62.24039131666828], [8.98106615535247, 62.240148502097114], [8.981502475710098, 62.239897356319396], [8.981938788754368, 62.23964620907591], [8.982183721170808, 62.23938673310783], [8.98223727763318, 62.23911892948685], [8.98229083301405, 62.23885112582907], [8.982344387313441, 62.238583322134495], [8.982397940531383, 62.238315518403134], [8.982451492667913, 62.23804771463497], [8.982696406969998, 62.23778823752492], [8.983132678764594, 62.237537086001424], [8.983132678764594, 62.237537086001424]]}}, {"type": "Feature", "properties": {"rank": 125, "peak": "Hungerhaugan (haug, 0.7 km)", "near": "Heimeseterlia (li, 1.0 km)", "band_length_m": 731, "drop": 351.23, "aspect": 334.73, "terrain": "mixed", "approach_h": 0.24, "score": 590.0}, "geometry": {"type": "LineString", "coordinates": [[9.155156707408679, 62.97423622881265], [9.155103026411021, 62.974504088139554], [9.155049344302713, 62.974771947430575], [9.154995661083728, 62.97503980668565], [9.154941976754031, 62.97530766590483], [9.154888291313586, 62.975575525088075], [9.154834604762371, 62.9758433842354], [9.154388444742057, 62.97609495758753], [9.154138514643126, 62.97635467309468], [9.153888580001912, 62.97661438810681], [9.15363864081829, 62.97687410262383], [9.152996211996047, 62.97711752687519], [9.152353772509043, 62.97736094808202], [9.151711322357128, 62.97760436624422], [9.151068861540157, 62.9778477813617], [9.151015134771532, 62.97811563859327], [9.150568906736783, 62.97836719910072], [9.150318922519924, 62.97862690722739], [9.150068933759455, 62.9788866148588], [9.149622685601049, 62.97913817214638], [9.148980173452857, 62.97938157717766], [9.148337650638348, 62.979624979163745], [9.147695117157374, 62.979868378104555], [9.147052573009788, 62.98011177399996], [9.146410018195429, 62.98035516684993], [9.146195830886889, 62.98043629712315]]}}, {"type": "Feature", "properties": {"rank": 126, "peak": "Sjurshaugen (haug, 1.7 km)", "near": "Dalslia (li, 0.6 km)", "band_length_m": 970, "drop": 405.74, "aspect": 180.22, "terrain": "mixed", "approach_h": 0.65, "score": 588.0}, "geometry": {"type": "LineString", "coordinates": [[9.286507160676216, 62.672937766430074], [9.286558964200829, 62.67266983335176], [9.286610766663998, 62.6724019002389], [9.286662568065754, 62.67213396709148], [9.286714368406134, 62.67186603390953], [9.286766167685158, 62.67159810069303], [9.28681796590287, 62.67133016744198], [9.28686976305929, 62.6710622341564], [9.286921559154457, 62.670794300836256], [9.286973354188394, 62.67052636748161], [9.28702514816114, 62.67025843409238], [9.28707694107272, 62.669990500668625], [9.287128732923165, 62.66972256721034], [9.28718052371251, 62.66945463371751], [9.287232313440782, 62.66918670019014], [9.287284102108018, 62.668918766628224], [9.287335889714242, 62.668650833031776], [9.287387676259488, 62.66838289940079], [9.287439461743785, 62.66811496573527], [9.28749124616717, 62.667847032035205], [9.287543029529665, 62.66757909830061], [9.287594811831308, 62.667311164531476], [9.287646593072123, 62.66704323072781], [9.28769837325215, 62.66677529688962], [9.287750152371412, 62.66650736301688], [9.287413473304948, 62.66622355615287], [9.28688257418498, 62.66593181121589], [9.286351685487714, 62.66564006437233], [9.28582080721287, 62.66534831562234], [9.28567837975956, 62.6650724436393], [9.285695644410522, 62.66498313264551]]}}, {"type": "Feature", "properties": {"rank": 127, "peak": "Toreshaugen (haug, 0.9 km)", "near": "Toreshauglia (li, 0.6 km)", "band_length_m": 675, "drop": 323.83, "aspect": 119.92, "terrain": "open", "approach_h": 0.15, "score": 587.0}, "geometry": {"type": "LineString", "coordinates": [[8.456334556350003, 62.70111519851129], [8.456976386905595, 62.70087495018481], [8.457618207076152, 62.700634698784285], [8.458260016861816, 62.70039444430979], [8.458901816262726, 62.70015418676141], [8.459543605279013, 62.699913926139246], [8.460185383910813, 62.699673662443395], [8.460827152158268, 62.69943339567392], [8.46146891002151, 62.699193125830945], [8.462110657500686, 62.69895285291451], [8.462752394595919, 62.69871257692476], [8.463394121307356, 62.69847229786173], [8.46401607250965, 62.69832118891204], [8.464618254204069, 62.698259250414374], [8.465200671987008, 62.69828648269333], [8.46578309098384, 62.698313712562374], [8.466365511194455, 62.69834094002153], [8.466947932618755, 62.698368165070775], [8.467530355256635, 62.69839538771011], [8.468112779107997, 62.69842260793949], [8.468695204172727, 62.69844982575894], [8.46929737986559, 62.69838786704584], [8.469879805626059, 62.698415079941945], [8.470481978418276, 62.698353116093905], [8.47067612043543, 62.69836218568593]]}}, {"type": "Feature", "properties": {"rank": 128, "peak": null, "near": "Viromsl\u00e6tta (li, 0.2 km)", "band_length_m": 699, "drop": 289.29, "aspect": 210.35, "terrain": "trees", "approach_h": 0.19, "score": 587.0}, "geometry": {"type": "LineString", "coordinates": [[8.611955892607382, 62.76686617756429], [8.611430087219837, 62.76657194318114], [8.610904292282664, 62.76627770694755], [8.610378507795586, 62.76598346886359], [8.609852733758322, 62.7656892289293], [8.609326970170592, 62.76539498714481], [8.608801217032115, 62.76510074351015], [8.60825608840503, 62.76489569580635], [8.60773035482072, 62.76460144838367], [8.607204631684905, 62.76430719911104], [8.606678918997297, 62.76401294798855], [8.606153216757614, 62.76371869501628], [8.606211390293153, 62.76345110271555], [8.606269562634692, 62.76318351037411], [8.60632773378226, 62.762915917991975], [8.606385903735898, 62.762648325569124], [8.606054842740578, 62.762362959172485], [8.606113013788608, 62.76209536687132], [8.606113013788608, 62.76209536687132]]}}, {"type": "Feature", "properties": {"rank": 129, "peak": "Gr\u00e5haugan (haug, 2.7 km)", "near": "Gravbekklia (li, 0.5 km)", "band_length_m": 918, "drop": 398.18, "aspect": 34.9, "terrain": "open", "approach_h": 0.57, "score": 585.0}, "geometry": {"type": "LineString", "coordinates": [[9.105534625556027, 62.664253688934586], [9.106063669986183, 62.66454610060623], [9.10659272482444, 62.664838510388726], [9.10712179007105, 62.66513091828205], [9.107686467453718, 62.66524475871956], [9.108215550777267, 62.665537162671484], [9.10874464450986, 62.66582956473401], [9.10927374865177, 62.66612196490701], [9.109820658403116, 62.66632508007577], [9.110349781993904, 62.666617476388225], [9.110878915994755, 62.66690987081095], [9.111213886233987, 62.6671940827078], [9.111743038956309, 62.66748647406216], [9.112272202089493, 62.667778863526586], [9.11280137563381, 62.66807125110101], [9.113330559589535, 62.66836363678538], [9.113665569408811, 62.668647843231874], [9.114000585562273, 62.668932048942686], [9.11433560805011, 62.66921625391776], [9.114670636872509, 62.669500458157096], [9.114811479690024, 62.66977648581737], [9.115146519203797, 62.67006068902831], [9.115675761348975, 62.670353066460265], [9.116010815511512, 62.67063726775628], [9.116345876009559, 62.67092146831638], [9.1166809428433, 62.67120566814057], [9.117016016012931, 62.671489867228786], [9.11699823855097, 62.67157915143367]]}}, {"type": "Feature", "properties": {"rank": 130, "peak": "Falksnydda (haug, 1.5 km)", "near": "Hevleslia (li, 1.3 km)", "band_length_m": 784, "drop": 349.46, "aspect": 302.14, "terrain": "mixed", "approach_h": 0.34, "score": 585.0}, "geometry": {"type": "LineString", "coordinates": [[9.665927161345877, 62.54475775470913], [9.665330442446555, 62.54482491004461], [9.664717680497176, 62.544981432522476], [9.664120954607393, 62.545048582612225], [9.66349213752887, 62.545294469203945], [9.662879356509961, 62.545450983407484], [9.66225052077713, 62.5456968642053], [9.661637725101144, 62.54585337280096], [9.661202438213506, 62.54610665899172], [9.660589628703013, 62.546263162837796], [9.659992868504238, 62.546330294913695], [9.659380048224984, 62.546486793334225], [9.658751162032349, 62.54673265782514], [9.658122265485163, 62.546978519371145], [9.65752548580273, 62.54704564069042], [9.65691263815321, 62.547202127985], [9.656315851481935, 62.54726924405762], [9.65570299306407, 62.5474257259261], [9.65510619940427, 62.54749283675192], [9.654509403167937, 62.547559944998284], [9.653896529570261, 62.547716418773], [9.653299726345896, 62.547783521772416], [9.652702920545268, 62.547850622192335], [9.652090031768342, 62.54800708787293], [9.65146105418091, 62.548252918539646], [9.651025646102998, 62.54850617169264], [9.650590230574087, 62.54875942340612], [9.649961224715323, 62.54900524700911], [9.649525792776942, 62.54925849522399], [9.649509703721398, 62.54934786267007]]}}, {"type": "Feature", "properties": {"rank": 131, "peak": null, "near": "Halsarenna (li, 0.2 km)", "band_length_m": 596, "drop": 250.82, "aspect": 327.9, "terrain": "trees", "approach_h": 0.02, "score": 584.0}, "geometry": {"type": "LineString", "coordinates": [[8.53227993694222, 62.85915510372574], [8.531635167158258, 62.85939566084195], [8.531010086041391, 62.85954703185781], [8.530424400600573, 62.8595200342], [8.529779607895666, 62.859760582522114], [8.52913480467214, 62.86000112775685], [8.528489990929858, 62.8602416699041], [8.52784516666868, 62.860482208963795], [8.527200331888466, 62.86072274493584], [8.526750723018777, 62.86097228278259], [8.526691582690368, 62.86123982949716], [8.526632441144372, 62.86150737617018], [8.526573298380757, 62.86177492280163], [8.526514154399479, 62.86204246939152], [8.52645500920051, 62.86231001593984], [8.526395862783806, 62.8625775624466], [8.52633671514934, 62.862845108911785], [8.526492532723895, 62.86303247868217]]}}, {"type": "Feature", "properties": {"rank": 132, "peak": "Vesletron (haug, 0.6 km)", "near": "Vesletronlia (li, 1.2 km)", "band_length_m": 864, "drop": 407.25, "aspect": 33.4, "terrain": "open", "approach_h": 0.48, "score": 584.0}, "geometry": {"type": "LineString", "coordinates": [[10.70685877496782, 62.183008377000725], [10.707395238100247, 62.18329473978999], [10.707931711368975, 62.18358110057937], [10.708468194774248, 62.183867459368734], [10.709004688316316, 62.18415381615805], [10.709541191995427, 62.184440170947234], [10.710077705811827, 62.184726523736174], [10.710614229765756, 62.185012874524865], [10.711150763857473, 62.18529922331315], [10.711687308087217, 62.185585570101026], [10.712223862455238, 62.18587191488837], [10.712760426961783, 62.18615825767513], [10.713297001607097, 62.18644459846122], [10.713833586391432, 62.18673093724655], [10.714370181315033, 62.18701727403108], [10.714906786378146, 62.187303608814716], [10.71525183401916, 62.187584009947315], [10.715596887992447, 62.18786441026672], [10.715558805986621, 62.18813294752654], [10.715712296014015, 62.188407416084935], [10.716248938151447, 62.18869374594616], [10.716785590429769, 62.18898007380616], [10.716555938788863, 62.189242681502776], [10.716326283083278, 62.18950528877703], [10.716671368358249, 62.18978568663588], [10.716824876338043, 62.19006015407193], [10.716812184875966, 62.19014966660972]]}}, {"type": "Feature", "properties": {"rank": 133, "peak": "Mannvikhaugen (haug, 0.5 km)", "near": "Viklandet (li, 0.7 km)", "band_length_m": 612, "drop": 243.09, "aspect": 90.02, "terrain": "trees", "approach_h": 0.05, "score": 583.0}, "geometry": {"type": "LineString", "coordinates": [[8.493933292460108, 62.69341037090676], [8.494515648969516, 62.693437480388255], [8.49509800668702, 62.693464587460014], [8.495680365612518, 62.69349169212204], [8.49626272574591, 62.69351879437432], [8.496845087087088, 62.69354589421682], [8.497407788972145, 62.69366217083649], [8.497970495391511, 62.69377844524775], [8.49855286381636, 62.693805538066904], [8.499135233448605, 62.69383262847622], [8.499717604288143, 62.69385971647574], [8.500299976334862, 62.6938868020654], [8.500882349588672, 62.69391388524523], [8.501464724049457, 62.69394096601519], [8.502047099717121, 62.693968044375296], [8.502629476591554, 62.69399512032554], [8.503211854672658, 62.6940221938659], [8.503794233960326, 62.69404926499634], [8.504376614454454, 62.69407633371689], [8.504376614454454, 62.69407633371689]]}}, {"type": "Feature", "properties": {"rank": 134, "peak": null, "near": "R\u00f8nningsgrenda (grend, 1.1 km)", "band_length_m": 599, "drop": 299.88, "aspect": 147.32, "terrain": "mixed", "approach_h": 0.03, "score": 582.0}, "geometry": {"type": "LineString", "coordinates": [[9.736901341236521, 62.63257306042058], [9.737483805745631, 62.632594994908104], [9.738066271230453, 62.63261692697907], [9.738648737690868, 62.63263885663355], [9.739247081478442, 62.63257140449555], [9.739877171342478, 62.632325190835054], [9.740507250778625, 62.63207897422678], [9.740749017690746, 62.63181814216972], [9.740990780260313, 62.631557309646546], [9.741620834065458, 62.63131108775099], [9.742250877443407, 62.63106486290793], [9.742880910394303, 62.63081863511755], [9.743510932918316, 62.630572404379855], [9.744140945015582, 62.63032617069498], [9.744382665237731, 62.630065331857296], [9.744430242185981, 62.62979719139991], [9.744477818160005, 62.62952905091169], [9.744719528616933, 62.629268211379824], [9.744961234732706, 62.62900737138202], [9.745202936507436, 62.62874653091833], [9.745250503372208, 62.62847839005693], [9.745298069262995, 62.62821024916474], [9.745345634179838, 62.627942108241704], [9.745555615450582, 62.62786002766467]]}}, {"type": "Feature", "properties": {"rank": 135, "peak": null, "near": "S\u00e6terlia (li, 1.0 km)", "band_length_m": 865, "drop": 364.08, "aspect": 252.33, "terrain": "open", "approach_h": 0.49, "score": 581.0}, "geometry": {"type": "LineString", "coordinates": [[9.33641044956998, 62.63833300604416], [9.336461726234207, 62.63806504838115], [9.336513001848877, 62.637797090684074], [9.33656427641403, 62.637529132952885], [9.336615549929686, 62.637261175187604], [9.336666822395882, 62.636993217388216], [9.336718093812646, 62.63672525955471], [9.336769364180011, 62.63645730168712], [9.336820633498006, 62.636189343785446], [9.336871901766662, 62.635921385849656], [9.33692316898601, 62.63565342787976], [9.336780391771669, 62.63537760378216], [9.336232443804866, 62.63517536544366], [9.335650318867858, 62.63515176332074], [9.335085289016114, 62.63503883973424], [9.33450316791176, 62.63501523287536], [9.333921047857078, 62.63499162360363], [9.333338928852166, 62.63496801191911], [9.332756810897138, 62.63494439782176], [9.332174693992094, 62.63492078131159], [9.331592578137137, 62.63489716238865], [9.330993357161542, 62.634962859475195], [9.33041124167354, 62.63493923563687], [9.32982912723595, 62.63491560938573], [9.329247013848875, 62.63489198072185], [9.328664901512424, 62.634868349645195], [9.32809990506511, 62.63475539818258], [9.327500679991804, 62.63482108025359], [9.326901452385693, 62.63488675972834], [9.326302222246866, 62.63495243660684], [9.325720111698146, 62.634928793286704], [9.325120878344505, 62.63499446506625], [9.32453876816496, 62.63497081683076], [9.323939531596942, 62.63503648351134], [9.323357421787014, 62.63501283036048], [9.322758182005058, 62.63507849194205], [9.322158939691128, 62.635144150927246], [9.321576829569747, 62.63512049035837], [9.320994720500405, 62.63509682737678], [9.320994720500405, 62.63509682737678]]}}, {"type": "Feature", "properties": {"rank": 136, "peak": null, "near": "Sommarfj\u00f8svollen (li, 0.2 km)", "band_length_m": 581, "drop": 264.49, "aspect": 129.4, "terrain": "mixed", "approach_h": 0.0, "score": 581.0}, "geometry": {"type": "LineString", "coordinates": [[9.093022328534362, 63.038720158846694], [9.093666629278179, 63.03847702886505], [9.094310919311127, 63.038233895825634], [9.094937071689507, 63.03808003570922], [9.095563217553783, 63.03792617274504], [9.096207479776625, 63.037683030746656], [9.096851731289062, 63.03743988569085], [9.09749597209125, 63.037196737577695], [9.09814020218333, 63.036953586407286], [9.098784421565464, 63.0367104321797], [9.099428630237803, 63.03646727489501], [9.10007282820049, 63.03622411455336], [9.100717015453682, 63.03598095115479], [9.101361191997528, 63.03573778469943], [9.102005357832184, 63.03549461518733], [9.102613310295572, 63.03542999712458], [9.103221260189898, 63.03536537641628], [9.103614493149013, 63.03538181274902]]}}, {"type": "Feature", "properties": {"rank": 137, "peak": "Tunnelhaugen (haug, 0.8 km)", "near": "Ivarbrennan (li, 0.4 km)", "band_length_m": 609, "drop": 258.43, "aspect": 213.11, "terrain": "trees", "approach_h": 0.05, "score": 580.0}, "geometry": {"type": "LineString", "coordinates": [[11.660649664908028, 63.44932542018332], [11.660080501720195, 63.449042605688845], [11.659511349754098, 63.448759788985136], [11.658931756043629, 63.4485665646339], [11.658362624870508, 63.44828374346358], [11.657793504918372, 63.4480009200843], [11.657424555215446, 63.44772277550506], [11.656855455613794, 63.447439948492736], [11.656686677147343, 63.44716648358895], [11.65651790183253, 63.44689301849597], [11.656349129669252, 63.446619553213814], [11.65618036065741, 63.44634608774251], [11.656011594796906, 63.44607262208203], [11.655442541606948, 63.44578978966431], [11.65527378593545, 63.445516323175426], [11.654904892171503, 63.44523817234361], [11.654335866365448, 63.44495533565447], [11.653966988839906, 63.44467718247994], [11.653777319106535, 63.44458290261827]]}}, {"type": "Feature", "properties": {"rank": 138, "peak": null, "near": "Storbrottin (li, 1.0 km)", "band_length_m": 579, "drop": 302.22, "aspect": 182.13, "terrain": "trees", "approach_h": 0.0, "score": 579.0}, "geometry": {"type": "LineString", "coordinates": [[9.206652172254739, 62.58781978820427], [9.206704506801062, 62.587551889483066], [9.206756840278185, 62.58728399072671], [9.206809172686132, 62.587016091935226], [9.20686150402494, 62.586748193108555], [9.206913834294635, 62.586480294246755], [9.206966163495254, 62.586212395349776], [9.207018491626823, 62.58594449641766], [9.207070818689376, 62.5856765974504], [9.207123144682942, 62.585408698447964], [9.207175469607552, 62.585140799410404], [9.207227793463238, 62.58487290033767], [9.207280116250034, 62.58460500122981], [9.207332437967965, 62.584337102086785], [9.207384758617065, 62.58406920290864], [9.207437078197367, 62.58380130369532], [9.207489396708901, 62.58353340444687], [9.207541714151693, 62.58326550516326], [9.207400372651954, 62.582989564396556], [9.207646345831193, 62.582729706490625], [9.207698660067958, 62.5824618071016], [9.207750973236115, 62.582193907677414], [9.207803285335682, 62.581926008218105], [9.207855596366704, 62.58165810872364], [9.207907906329199, 62.58139020919405], [9.207960215223212, 62.581122309629286], [9.208012523048758, 62.58085441002942], [9.208029958753178, 62.580765110155]]}}, {"type": "Feature", "properties": {"rank": 139, "peak": null, "near": "Lia-gardan (grend, 1.0 km)", "band_length_m": 764, "drop": 365.69, "aspect": 119.8, "terrain": "mixed", "approach_h": 0.32, "score": 579.0}, "geometry": {"type": "LineString", "coordinates": [[9.745316948255873, 62.63801839801568], [9.745947106913134, 62.63777215778334], [9.746577255137758, 62.637525914603145], [9.747207392929896, 62.637279668475216], [9.747837520289702, 62.63703341939963], [9.74846763721733, 62.63678716737646], [9.749081894319573, 62.636630293144755], [9.749680297461715, 62.63656279697491], [9.75029454369179, 62.636405917305794], [9.750924627144734, 62.636159653867196], [9.751507175121228, 62.636181530769], [9.752089724071121, 62.6362034052538], [9.752672273994307, 62.63622527732158], [9.75325482489068, 62.6362471469723], [9.753837376760135, 62.636269014206015], [9.754419929602564, 62.63629087902267], [9.755002483417861, 62.636312741422266], [9.755585038205929, 62.63633460140479], [9.756167593966655, 62.63635645897025], [9.756750150699935, 62.636378314118645], [9.757332708405666, 62.63640016684994], [9.757915267083742, 62.63642201716415], [9.758497826734057, 62.636443865061246], [9.759080387356507, 62.63646571054124], [9.759662948950984, 62.63648755360411], [9.760245511517388, 62.63650939424989], [9.760828075055608, 62.636531232478504], [9.76141063956554, 62.636553068289984], [9.761993205047084, 62.63657490168433], [9.762575771500128, 62.636596732661495], [9.762769960533682, 62.636604009116745]]}}, {"type": "Feature", "properties": {"rank": 140, "peak": null, "near": "Litjseterbj\u00f8rga (li, 0.7 km)", "band_length_m": 612, "drop": 323.75, "aspect": 187.66, "terrain": "trees", "approach_h": 0.06, "score": 577.0}, "geometry": {"type": "LineString", "coordinates": [[11.678194937137294, 63.4520700172531], [11.678626503677558, 63.451810531742275], [11.678657682120463, 63.45154174279474], [11.678688859905591, 63.45127295382856], [11.67872003703297, 63.45100416484371], [11.678751213502613, 63.450735375840196], [11.678782389314543, 63.45046658681801], [11.679013745203022, 63.45020244868602], [11.679044917829001, 63.44993365957217], [11.679076089797363, 63.44966487043967], [11.679107261108133, 63.44939608128849], [11.679338605086535, 63.449131942530364], [11.679369773211745, 63.44886315328754], [11.679400940679455, 63.44859436402607], [11.679031772134659, 63.448316273968636], [11.678462445154373, 63.448033531676934], [11.678493620001047, 63.44776474263111], [11.678324632452167, 63.44749130208181], [11.678355807853814, 63.44722251305299], [11.677986666821813, 63.44694442041385], [11.677617532904904, 63.44666632685424], [11.677048252356956, 63.446383579148176], [11.676679134685815, 63.44610548324248], [11.676510173842694, 63.445832040652796], [11.676541363998307, 63.44556325205547], [11.676172261621595, 63.44528515490429], [11.675792767658834, 63.44509665297395]]}}, {"type": "Feature", "properties": {"rank": 141, "peak": null, "near": "Holsgrenda (grend, 0.2 km)", "band_length_m": 588, "drop": 283.14, "aspect": 148.94, "terrain": "trees", "approach_h": 0.02, "score": 576.0}, "geometry": {"type": "LineString", "coordinates": [[9.375105559722742, 62.58598103858261], [9.37572063469335, 62.58582581468639], [9.376318769086959, 62.585759914053284], [9.376950765633858, 62.58551535855692], [9.377582751815329, 62.58527080008503], [9.378214727631525, 62.58502623863768], [9.378652965724447, 62.58477386961037], [9.379284922192156, 62.584529303104034], [9.379335695202021, 62.58426132355278], [9.37958018969604, 62.58400114750305], [9.379824679813082, 62.58374097097428], [9.380262884965973, 62.58348859652126], [9.380507364717353, 62.58322841867802], [9.38075184009215, 62.582968240355754], [9.381383740589254, 62.582723663722916], [9.382015630722817, 62.582479084115285], [9.382647510492992, 62.582234501532994], [9.383279379899927, 62.581989915976074], [9.38352382049788, 62.581729732408036], [9.383574549281944, 62.581461750797835], [9.383625277029491, 62.581193769153984], [9.38367600374056, 62.58092578747645], [9.38367600374056, 62.58092578747645]]}}, {"type": "Feature", "properties": {"rank": 142, "peak": "Snekkerhaugen (haug, 1.2 km)", "near": "Hevleslia (li, 0.3 km)", "band_length_m": 887, "drop": 414.55, "aspect": 304.16, "terrain": "trees", "approach_h": 0.54, "score": 576.0}, "geometry": {"type": "LineString", "coordinates": [[9.685532892652219, 62.55936353696057], [9.684903939654584, 62.55960951842761], [9.684274976290457, 62.55985549695059], [9.683646002559685, 62.56010147252943], [9.683017018462118, 62.56034744516405], [9.682388023997607, 62.56059341485432], [9.681759019165996, 62.5608393816002], [9.681130003967139, 62.56108534540158], [9.68050097840088, 62.56133130625837], [9.679871942467067, 62.5615772641705], [9.67924289616555, 62.56182321913787], [9.678613839496176, 62.562069171160395], [9.6779847724588, 62.562315120237976], [9.67735569505326, 62.56256106637054], [9.676726607279413, 62.56280700955798], [9.676097509137103, 62.56305294980026], [9.675468400626183, 62.56329888709721], [9.674855304548032, 62.563455450492874], [9.674242202102906, 62.56361201112894], [9.673645119876067, 62.56367919822827], [9.673032006643512, 62.56383575343615], [9.672434917413126, 62.56390293528617], [9.671821793393347, 62.56405948506573], [9.671224697159733, 62.56412666166631], [9.67061156235293, 62.56428320601736], [9.669998421179383, 62.56443974760846], [9.669385273639096, 62.56459628643957], [9.66877211973208, 62.56475282251063], [9.668175003235536, 62.564819985855365], [9.667545792817934, 62.565065886372416], [9.667545792817934, 62.565065886372416]]}}, {"type": "Feature", "properties": {"rank": 143, "peak": "Knatten (haug, 2.1 km)", "near": "Hauklii (li, 0.7 km)", "band_length_m": 1078, "drop": 393.08, "aspect": 3.69, "terrain": "open", "approach_h": 0.88, "score": 573.0}, "geometry": {"type": "LineString", "coordinates": [[9.403150659543776, 62.1342869970299], [9.403101056885824, 62.13455500496324], [9.403051453228773, 62.134823012863386], [9.403001848572593, 62.13509102073035], [9.402952242917262, 62.13535902856411], [9.402902636262743, 62.13562703636472], [9.402853028609016, 62.1358950441321], [9.402612555778225, 62.136155311715655], [9.40218121309314, 62.13640783806606], [9.401558996209548, 62.136652621346265], [9.401509374537707, 62.13692062845747], [9.401459751866307, 62.137188635535516], [9.401410128195332, 62.137456642580304], [9.40136050352474, 62.137724649591945], [9.401310877854515, 62.13799265657034], [9.401261251184618, 62.138260663515545], [9.401211623515026, 62.13852867042754], [9.401161994845706, 62.138796677306345], [9.40111236517664, 62.13906468415191], [9.40125361817366, 62.13934043347464], [9.401203988175485, 62.13960844034107], [9.401154357177502, 62.139876447174295], [9.401104725179685, 62.140144453974294], [9.40124598264112, 62.14042020333788], [9.401196350314171, 62.14068821015873], [9.401146716987334, 62.14095621694638], [9.401097082660577, 62.141224223700824], [9.401238344586787, 62.141499973105276], [9.401188709930873, 62.14176797988057], [9.40132997498056, 62.14204372921776], [9.401280339995505, 62.14231173601391], [9.401421608168826, 62.14258748528387], [9.401371972854653, 62.142855492100836], [9.401322336540465, 62.14312349888462], [9.401463608508507, 62.14339924814138], [9.401413971865198, 62.14366725494598], [9.40136433422182, 62.14393526171739], [9.401331241903959, 62.144113932879876]]}}, {"type": "Feature", "properties": {"rank": 144, "peak": null, "near": "Viromsl\u00e6tta (li, 0.2 km)", "band_length_m": 727, "drop": 312.99, "aspect": 210.11, "terrain": "trees", "approach_h": 0.27, "score": 572.0}, "geometry": {"type": "LineString", "coordinates": [[8.620265493509084, 62.765713610935364], [8.619739623265437, 62.765419406943224], [8.619213763471922, 62.76512520109995], [8.618687914128262, 62.764830993405596], [8.618162075234185, 62.76453678386023], [8.6176362467894, 62.764242572463964], [8.617110428793637, 62.76394835921681], [8.616584621246613, 62.76365414411891], [8.616058824148054, 62.763359927170306], [8.615533037497668, 62.76306570837107], [8.615007261295188, 62.76277148772128], [8.61448149554033, 62.76247726522104], [8.61395574023282, 62.762183040870354], [8.613429995372368, 62.76188881466936], [8.612904260958704, 62.76159458661813], [8.612962368037316, 62.76132699070368], [8.613001105427184, 62.7611485934048]]}}, {"type": "Feature", "properties": {"rank": 145, "peak": "Rundhaugen (haug, 2.2 km)", "near": "Tronga (dal, 1.3 km)", "band_length_m": 687, "drop": 309.71, "aspect": 92.07, "terrain": "open", "approach_h": 0.2, "score": 572.0}, "geometry": {"type": "LineString", "coordinates": [[10.16783013973548, 62.34925021427087], [10.168378671605938, 62.349449190557806], [10.16894161899786, 62.34955872249531], [10.169475757276388, 62.349847136832025], [10.17003871626704, 62.349956664429925], [10.170616082933828, 62.34997674731996], [10.171193450478034, 62.34999682781849], [10.171770818899562, 62.35001690592547], [10.172348188198304, 62.350036981640955], [10.17292555837416, 62.35005705496488], [10.17350292942703, 62.350077125897286], [10.174080301356804, 62.350097194438135], [10.174657674163386, 62.35011726058742], [10.175235047846675, 62.35013732434514], [10.17581242240656, 62.35015738571131], [10.176389797842944, 62.3501774446859], [10.177010327738616, 62.34992917135158], [10.177602082437774, 62.34985978192787], [10.178179453680185, 62.34987983342449], [10.178756825798649, 62.349899882529506], [10.179334198793068, 62.349919929242965], [10.179911572663327, 62.34993997356485], [10.18048894740934, 62.34996001549515], [10.181066323030995, 62.34998005503384], [10.181600587174874, 62.35026842392606], [10.182163600391611, 62.35037790289346], [10.182356061984716, 62.35038458071479]]}}, {"type": "Feature", "properties": {"rank": 146, "peak": "H\u00f8gj\u00f8ta (haug, 0.3 km)", "near": "Geitaramslia (li, 0.1 km)", "band_length_m": 575, "drop": 287.64, "aspect": 269.47, "terrain": "trees", "approach_h": 0.01, "score": 569.0}, "geometry": {"type": "LineString", "coordinates": [[9.143218170848682, 62.96077602301895], [9.14262978298435, 62.960751549107826], [9.142041396231841, 62.96072707275192], [9.141453010591253, 62.960702593951254], [9.140864626062701, 62.96067811270584], [9.140258314196723, 62.960742913257256], [9.13965199976932, 62.96080771117232], [9.139063615027457, 62.96078322240501], [9.138475231398077, 62.96075873119299], [9.137886848881296, 62.96073423753622], [9.137298467477217, 62.96070974143474], [9.13671008718595, 62.96068524288855], [9.136139649005887, 62.960571458317], [9.135551272715546, 62.96054695497528], [9.134962897538328, 62.9605224491889], [9.134374523474348, 62.96049794095785], [9.133786150523708, 62.96047343028212], [9.133197778686517, 62.96044891716175], [9.132609407962885, 62.960424401596754], [9.13202103835292, 62.960399883587115], [9.13143266985673, 62.96037536313284], [9.13084430247442, 62.960350840233964], [9.130255936206098, 62.96032631489048], [9.12968553145047, 62.960212504550945], [9.129097169185293, 62.96018797441228], [9.129097169185293, 62.96018797441228]]}}, {"type": "Feature", "properties": {"rank": 147, "peak": "S\u00f8lih\u00f8gda (haug, 2.0 km)", "near": "T\u00f8rrfinnlia (li, 0.9 km)", "band_length_m": 608, "drop": 245.58, "aspect": 216.26, "terrain": "trees", "approach_h": 0.07, "score": 568.0}, "geometry": {"type": "LineString", "coordinates": [[8.706463705003747, 62.745924727483214], [8.705937298534401, 62.74563084058927], [8.705799983055583, 62.74535444805693], [8.705468131544299, 62.74506930727206], [8.704941750003615, 62.74477541692277], [8.704415378903514, 62.744481524715916], [8.703889018243723, 62.744187630651574], [8.703362668023964, 62.74389373472981], [8.70283632824396, 62.7435998369507], [8.702309998903429, 62.74330593731434], [8.701783680002096, 62.7430120358208], [8.701257371539684, 62.74271813247012], [8.700731073515913, 62.74242422726242], [8.700204785930504, 62.74213032019773], [8.700204785930504, 62.74213032019773]]}}, {"type": "Feature", "properties": {"rank": 148, "peak": "T\u00f8rrhaugan (haug, 2.2 km)", "near": "Sliperlia (li, 0.5 km)", "band_length_m": 574, "drop": 252.73, "aspect": 157.15, "terrain": "trees", "approach_h": 0.01, "score": 568.0}, "geometry": {"type": "LineString", "coordinates": [[9.272888726330306, 62.5875837576636], [9.27294046400776, 62.58731582768105], [9.272992200628092, 62.587047897663865], [9.273043936191328, 62.58677996761214], [9.273095670697508, 62.58651203752576], [9.273147404146647, 62.58624410740482], [9.273199136538787, 62.585976177249286], [9.273250867873957, 62.58570824705915], [9.273883687398703, 62.58546416734911], [9.274129106365196, 62.58520418636424], [9.2745682143724, 62.58495215381689], [9.274619931122604, 62.584684222945164], [9.275059027128727, 62.584432188715645], [9.27569180448404, 62.58418810033153], [9.276324571482332, 62.583944008962725], [9.276957328123737, 62.58369991460937], [9.27759007440841, 62.5834558172715], [9.278011899511187, 62.58329308405493]]}}, {"type": "Feature", "properties": {"rank": 149, "peak": "Knollan (haug, 0.7 km)", "near": "Kleiva (li, 0.2 km)", "band_length_m": 578, "drop": 299.83, "aspect": 183.19, "terrain": "trees", "approach_h": 0.02, "score": 567.0}, "geometry": {"type": "LineString", "coordinates": [[8.72049644439985, 62.83203260018987], [8.72055374941881, 62.8317649511779], [8.720611053258688, 62.83149730212627], [8.720668355919528, 62.83122965303488], [8.720725657401353, 62.83096200390382], [8.720782957704204, 62.83069435473305], [8.720840256828113, 62.83042670552259], [8.720897554773119, 62.830159056272414], [8.72095485153925, 62.82989140698254], [8.721012147126546, 62.82962375765298], [8.72106944153503, 62.82935610828373], [8.721126734764756, 62.829088458874786], [8.721184026815745, 62.82882080942614], [8.721241317688031, 62.828553159937805], [8.721298607381653, 62.82828551040979], [8.721355895896648, 62.82801786084205], [8.721413183233043, 62.82775021123465], [8.721470469390878, 62.82748256158755], [8.721527754370182, 62.827214911900775], [8.721194868323154, 62.826929797073824], [8.721252154448136, 62.82666214750759], [8.721309439394624, 62.82639449790167], [8.721366723162655, 62.82612684825603], [8.72142400575226, 62.82585919857072], [8.721481287163474, 62.82559154884572], [8.721519474116304, 62.82541311567367]]}}, {"type": "Feature", "properties": {"rank": 150, "peak": "Ryphuskollen (\u00e5s, 2.4 km)", "near": "Brattstigen (li, 2.3 km)", "band_length_m": 561, "drop": 235.2, "aspect": 67.74, "terrain": "open", "approach_h": 0.0, "score": 561.0}, "geometry": {"type": "LineString", "coordinates": [[9.67916352392519, 62.43809448646022], [9.679694379352988, 62.43838474227573], [9.680241166841416, 62.438585622819296], [9.680803881903008, 62.43869712786025], [9.681366601252252, 62.43880863066918], [9.681929324889103, 62.43892013124602], [9.682476137439668, 62.439121003259466], [9.683038871255624, 62.43923249945237], [9.683601609359089, 62.43934399341316], [9.684148441080417, 62.43954485904773], [9.684679370908194, 62.43983509658653], [9.685226218901406, 62.440035958147526], [9.68578898057132, 62.44014744350023], [9.686335841844203, 62.44034830083379], [9.686898613693225, 62.44045978180198], [9.687477291305473, 62.440481886164086], [9.688055969888493, 62.44050398812984], [9.688441756149775, 62.44051872144238]]}}, {"type": "Feature", "properties": {"rank": 151, "peak": "Haugs\u00e6terkletten (haug, 1.7 km)", "near": "Storhaugen (li, 2.4 km)", "band_length_m": 740, "drop": 408.63, "aspect": 89.94, "terrain": "open", "approach_h": 0.32, "score": 561.0}, "geometry": {"type": "LineString", "coordinates": [[10.710797115459185, 62.1728812581953], [10.711371536050857, 62.17289906844594], [10.71194595741229, 62.17291687631855], [10.712520379543378, 62.172934681813125], [10.713094802444024, 62.17295248492969], [10.713669226114126, 62.172970285668185], [10.714243650553584, 62.17298808402864], [10.714818075762292, 62.17300588001102], [10.715392501740153, 62.17302367361535], [10.715966928487063, 62.1730414648416], [10.716541356002923, 62.17305925368979], [10.717090421199103, 62.17325606574273], [10.717664853628925, 62.17327384996873], [10.718239286827412, 62.17329163181661], [10.718813720794456, 62.17330941128639], [10.719388155529954, 62.173327188378046], [10.719962591033811, 62.17334496309155], [10.720537027305921, 62.173362735426934], [10.72112413411566, 62.17329099212532], [10.72169857023573, 62.17330875963747], [10.722273007123746, 62.1733265247715], [10.722847444779601, 62.17334428752735], [10.723421883203198, 62.173362047905066], [10.723996322394434, 62.17337980590458], [10.724570762353208, 62.17339756152596], [10.725145203079416, 62.17341531476916], [10.725719644572962, 62.17343306563417], [10.726294086833738, 62.17345081412099], [10.726868529861648, 62.173468560229615], [10.727442973656592, 62.17348630396005], [10.72801741821846, 62.17350404531227], [10.72859186354716, 62.17352178428628], [10.729166309642585, 62.17353952088207], [10.729740756504636, 62.17355725509964], [10.730315204133214, 62.17357498693895], [10.730889652528214, 62.17359271640005], [10.731272618550618, 62.17360453471954]]}}, {"type": "Feature", "properties": {"rank": 152, "peak": "Midthaugen (haug, 0.9 km)", "near": "Ratlia (li, 0.8 km)", "band_length_m": 566, "drop": 264.24, "aspect": 177.96, "terrain": "trees", "approach_h": 0.01, "score": 560.0}, "geometry": {"type": "LineString", "coordinates": [[9.207487235369554, 63.22351356909874], [9.207541012401848, 63.22324569427835], [9.207594788312166, 63.2229778194223], [9.20764856310054, 63.22270994453056], [9.207702336767012, 63.22244206960314], [9.207756109311603, 63.2221741946401], [9.207809880734356, 63.221906319641334], [9.207863651035298, 63.22163844460694], [9.20791742021447, 63.22137056953687], [9.207971188271896, 63.22110269443116], [9.208024955207614, 63.220834819289756], [9.208078721021657, 63.220566944112704], [9.208132485714062, 63.2202990689], [9.208186249284855, 63.220031193651614], [9.208240011734077, 63.219763318367576], [9.208293773061753, 63.2194954430479], [9.208347533267926, 63.219227567692535], [9.208401292352622, 63.21895969230152], [9.208455050315875, 63.21869181687486], [9.20850880715772, 63.21842394141253], [9.208526725855807, 63.218334649583845]]}}, {"type": "Feature", "properties": {"rank": 153, "peak": null, "near": "Molia (li, 0.4 km)", "band_length_m": 631, "drop": 266.73, "aspect": 14.32, "terrain": "trees", "approach_h": 0.13, "score": 558.0}, "geometry": {"type": "LineString", "coordinates": [[8.577624244562132, 62.75394494091737], [8.577760386059966, 62.754221444473586], [8.578285634625983, 62.75451579856607], [8.57842178469754, 62.75479230157787], [8.578557937183325, 62.75506880448406], [8.578499534071144, 62.7553363825978], [8.578441129760607, 62.75560396067062], [8.578577285743572, 62.75588046359316], [8.578713444140993, 62.75615696641007], [8.57865503971498, 62.756424544563906], [8.578791201068457, 62.75670104733618], [8.57873279598553, 62.75696862551007], [8.578674389704151, 62.75723620364297], [8.578810554555385, 62.75751270643161], [8.578946721821426, 62.757789209114584], [8.579082891502356, 62.75806571169194], [8.579024485647256, 62.758333289966885], [8.578966078593623, 62.75860086820087], [8.57890767034143, 62.75886844639388], [8.578868730840746, 62.75904683183316]]}}, {"type": "Feature", "properties": {"rank": 154, "peak": "S\u00f8lih\u00f8gda (haug, 2.1 km)", "near": "Steinkeila (li, 0.5 km)", "band_length_m": 623, "drop": 354.8, "aspect": 196.83, "terrain": "trees", "approach_h": 0.12, "score": 556.0}, "geometry": {"type": "LineString", "coordinates": [[8.689019634881964, 62.75216511809402], [8.689077029125194, 62.75189748224944], [8.689134422190673, 62.751629846364956], [8.689191814078436, 62.75136221044054], [8.689249204788512, 62.75109457447623], [8.689306594320945, 62.750826938471995], [8.68936398267576, 62.75055930242786], [8.689032236588508, 62.75027412401525], [8.688895061374017, 62.74999771662465], [8.688952451417897, 62.749730080761374], [8.688620718248117, 62.749444901519006], [8.688094432566514, 62.749150949053394], [8.687568157327627, 62.748856994731476], [8.687431001769273, 62.74858058612654], [8.687099295831489, 62.74829540359283], [8.686573045520309, 62.74800144581925], [8.68663045168587, 62.747733811079634], [8.686493309604598, 62.74745740170558], [8.686161624889694, 62.74717221719198], [8.68621903274232, 62.74690458263328], [8.685673678274377, 62.74669983336707], [8.685147470066992, 62.74640587072099], [8.684621272299887, 62.746111906219106], [8.68448415585601, 62.745835495166524], [8.684541575612018, 62.745567861423915], [8.684793526348102, 62.7453090046905], [8.684850942008225, 62.74504137076773], [8.684713827812047, 62.74476495995641], [8.684576716048475, 62.74448854903708], [8.684420467733055, 62.74430134926144]]}}, {"type": "Feature", "properties": {"rank": 155, "peak": "Ulvstuuhaugan (haug, 1.4 km)", "near": "Brekka (enebolig/mindre boligbygg, 0.4 km)", "band_length_m": 599, "drop": 270.67, "aspect": 107.21, "terrain": "trees", "approach_h": 0.08, "score": 555.0}, "geometry": {"type": "LineString", "coordinates": [[10.222701185957472, 63.00392032991672], [10.223291477625018, 63.0039403099143], [10.223881770204377, 63.00396028745218], [10.224472063695437, 63.003980262530334], [10.225062358098086, 63.00400023514878], [10.225652653412217, 63.00402020530749], [10.22624294963772, 63.00404017300646], [10.226862526329203, 63.0038812553559], [10.227496733981404, 63.00363289339427], [10.228101659706255, 63.00356341171848], [10.22869194881385, 63.0035833691183], [10.229282238832209, 63.0036033240584], [10.22988716001343, 63.003533834693705], [10.230477450059293, 63.00355378463768], [10.231067741015583, 63.003573732121936], [10.231658032882185, 63.00359367714643], [10.23226294863523, 63.00352417755651], [10.23288248259011, 63.003365233113115], [10.233472771805841, 63.003385170528546], [10.234063061931424, 63.003405105484234], [10.234471205283208, 63.00332895164344]]}}, {"type": "Feature", "properties": {"rank": 156, "peak": "Mannhaugen (haug, 0.9 km)", "near": "Bones\u00f8yan (jorde, 0.7 km)", "band_length_m": 599, "drop": 283.38, "aspect": 72.11, "terrain": "trees", "approach_h": 0.08, "score": 555.0}, "geometry": {"type": "LineString", "coordinates": [[10.452316633461509, 62.99549873483347], [10.452752006304427, 62.99524300436557], [10.45299060335411, 62.99498093308309], [10.453622729006145, 62.99473153919421], [10.454240905747463, 62.99457161289054], [10.454859075791715, 62.99441168382245], [10.455449370515474, 62.9944306933169], [10.45603966610648, 62.99444970035066], [10.456629962564628, 62.99446870492378], [10.457220259889803, 62.99448770703621], [10.457810558081894, 62.99450670668797], [10.458400857140793, 62.994525703879034], [10.458991157066388, 62.99454469860941], [10.45958145785857, 62.994563690879076], [10.46017175951723, 62.994582680688026], [10.46052353744457, 62.99486375306057], [10.46087532207004, 62.99514482460549], [10.461030340115851, 62.99541956708148], [10.461382136150714, 62.995700637445005], [10.461733938884267, 62.99598170698083], [10.461888969172502, 62.99625644859596], [10.46204400228095, 62.996531190057745], [10.462199038209693, 62.996805931366204], [10.46256477600085, 62.99699752750368]]}}, {"type": "Feature", "properties": {"rank": 157, "peak": "Brandhaugen (haug, 0.3 km)", "near": "L\u00f8fta (li, 0.2 km)", "band_length_m": 570, "drop": 233.8, "aspect": 145.67, "terrain": "trees", "approach_h": 0.03, "score": 553.0}, "geometry": {"type": "LineString", "coordinates": [[10.243016728762118, 63.1497616544984], [10.243654041456221, 63.14951324970283], [10.24429134326486, 63.149264841943555], [10.24492863418821, 63.14901643122063], [10.245565914226434, 63.148768017534174], [10.246005434040386, 63.14851296466482], [10.246247198460885, 63.14825127449321], [10.246884450369595, 63.14800285462226], [10.247323946885217, 63.14774779744913], [10.247763435635097, 63.147492738841486], [10.248400657907734, 63.147244311884755], [10.249037869296526, 63.14699588196499], [10.24967506980164, 63.14674744908234], [10.249887467551446, 63.14666463746306]]}}, {"type": "Feature", "properties": {"rank": 158, "peak": "Bergehaugan (haug, 0.6 km)", "near": "Rognr\u00e5a (li, 0.1 km)", "band_length_m": 651, "drop": 259.75, "aspect": 88.87, "terrain": "trees", "approach_h": 0.18, "score": 552.0}, "geometry": {"type": "LineString", "coordinates": [[8.47157248473704, 62.79615915515093], [8.472156843132181, 62.796186382142494], [8.472741202748955, 62.79621360671395], [8.47332556358725, 62.79624082886528], [8.473929743938916, 62.79617887489722], [8.474514105476162, 62.79620609210456], [8.4750984682346, 62.796233306891786], [8.475722457928285, 62.79608217122403], [8.476346441325138, 62.79593103270275], [8.476930800771338, 62.795958239814745], [8.477554775604526, 62.795807095812414], [8.478139134004499, 62.79583429787681], [8.47872349362497, 62.79586149752106], [8.47930785446583, 62.79588869474517], [8.479931816200471, 62.79573754000708], [8.480476579808306, 62.79594308193291], [8.481060944309709, 62.7959702718965], [8.481605720278383, 62.79617580958503], [8.482170297371596, 62.7962921700846], [8.482734879036878, 62.796408528366484], [8.483279675019698, 62.79661405979301], [8.48384426743747, 62.7967304137383], [8.484389077254201, 62.79693594102134], [8.484583873363633, 62.796944999274956]]}}, {"type": "Feature", "properties": {"rank": 159, "peak": "Naustberghaugen (haug, 0.8 km)", "near": "Staurset-lia (li, 0.3 km)", "band_length_m": 618, "drop": 222.38, "aspect": 312.18, "terrain": "trees", "approach_h": 0.12, "score": 552.0}, "geometry": {"type": "LineString", "coordinates": [[8.876678079097875, 63.176915950359614], [8.87606669171353, 63.17697955684556], [8.875455301775958, 63.17704316066498], [8.875398566762179, 63.177310875191296], [8.87534183056722, 63.177578589679015], [8.875285093191048, 63.17784630412811], [8.875228354633624, 63.17811401853862], [8.875171614894917, 63.17838173291051], [8.875114873974889, 63.178649447243785], [8.875058131873512, 63.17891716153843], [8.87500138859074, 63.179184875794505], [8.874944644126543, 63.179452590011934], [8.87488789848089, 63.17972030419076], [8.874831151653742, 63.17998801833095], [8.874774403645063, 63.18025573243256], [8.874717654454823, 63.18052344649551], [8.874660904082976, 63.18079116051988], [8.8746041525295, 63.181058874505624], [8.87454739979435, 63.18132658845274], [8.874490645877502, 63.18159430236123], [8.874433890778908, 63.18186201623109], [8.874377134498545, 63.18212973006234], [8.874320377036367, 63.18239744385497], [8.874263618392343, 63.18266515760898], [8.874206858566442, 63.18293287132437], [8.874150097558623, 63.18320058500114], [8.874150097558623, 63.18320058500114]]}}, {"type": "Feature", "properties": {"rank": 160, "peak": "Midthaugen (haug, 0.9 km)", "near": "Ytter Kamlia (li, 0.3 km)", "band_length_m": 690, "drop": 348.91, "aspect": 338.9, "terrain": "mixed", "approach_h": 0.26, "score": 548.0}, "geometry": {"type": "LineString", "coordinates": [[9.188717440227734, 63.198798571029336], [9.188663546160168, 63.19906643783229], [9.188609650969104, 63.19933430459946], [9.18855575465452, 63.19960217133079], [9.188501857216373, 63.19987003802631], [9.18825019517064, 63.20012979285427], [9.188196293676333, 63.20039765938436], [9.187944624081275, 63.20065741358468], [9.187890718530532, 63.20092527994929], [9.18744127104037, 63.20117692049129], [9.187387359623836, 63.201444786596575], [9.187135673244681, 63.20170453917317], [9.186686206850107, 63.20195617711593], [9.18603895576191, 63.202199698495996], [9.185391693818607, 63.20244321680618], [9.184942200721368, 63.20269484893463], [9.184888262658625, 63.20296271379238], [9.184240973886624, 63.203206226562465], [9.183791458763157, 63.20345785480508], [9.183144149713756, 63.20370136235224], [9.182892404929396, 63.203961106761135], [9.182245077036264, 63.20420461000271], [9.181597738286635, 63.20444811017377], [9.180950388680351, 63.20469160727422], [9.180303028217256, 63.204935101303974], [9.180051246861849, 63.205194840273165], [9.179835454965337, 63.205276003855516]]}}, {"type": "Feature", "properties": {"rank": 161, "peak": "Sjurshaugen (haug, 1.8 km)", "near": "Brattlia (li, 0.4 km)", "band_length_m": 644, "drop": 268.61, "aspect": 14.35, "terrain": "mixed", "approach_h": 0.18, "score": 546.0}, "geometry": {"type": "LineString", "coordinates": [[9.232742230331436, 62.65344617903063], [9.232689983433907, 62.65371408754324], [9.232637735466586, 62.65398199602089], [9.232585486429455, 62.654249904463526], [9.232533236322471, 62.6545178128712], [9.23248098514561, 62.65478572124386], [9.232428732898837, 62.65505362958154], [9.232570617965548, 62.65532954992957], [9.23271250555128, 62.65560547015722], [9.232854395656123, 62.655881390264476], [9.232996288280146, 62.65615731025133], [9.23294403762402, 62.656425218779674], [9.233085933432562, 62.656701138702545], [9.233033682371731, 62.656969047252325], [9.232981430240919, 62.657236955767125], [9.233123329899449, 62.65751287568242], [9.233071077363924, 62.65778078421864], [9.233018823758353, 62.6580486927199], [9.232966569082711, 62.65831660118614], [9.233108473256843, 62.65859252115027], [9.23305621817645, 62.65886042963797], [9.23305621817645, 62.65886042963797]]}}, {"type": "Feature", "properties": {"rank": 162, "peak": "Kjerringhaugen (haug, 0.6 km)", "near": "Okslia (li, 0.4 km)", "band_length_m": 600, "drop": 203.89, "aspect": 207.17, "terrain": "trees", "approach_h": 0.1, "score": 545.0}, "geometry": {"type": "LineString", "coordinates": [[9.299862977246947, 63.14678363030068], [9.299915723973156, 63.14651570909205], [9.299771034337754, 63.1462398348805], [9.299626347332062, 63.14596396054386], [9.299481662955998, 63.14568808608218], [9.299336981209482, 63.14541221149544], [9.299389729657449, 63.1451442904803], [9.299047625604741, 63.144860461946834], [9.298902951746348, 63.144584586985005], [9.298955702308543, 63.14431666614106], [9.298811031784005, 63.14404079111127], [9.298863781953015, 63.14377287028959], [9.298719114762159, 63.14349699519183], [9.298574450200253, 63.14322111996905], [9.298429788267203, 63.142945244621274], [9.298285128962931, 63.14266936914848], [9.298337880852264, 63.14240144852029], [9.29799581824038, 63.1421176178279], [9.297653762227334, 63.14183378637245], [9.29731171281293, 63.14154995415393], [9.297167070499405, 63.1412740776921], [9.297184656959754, 63.141184770976295]]}}, {"type": "Feature", "properties": {"rank": 163, "peak": null, "near": "Englia (li, 1.1 km)", "band_length_m": 588, "drop": 247.63, "aspect": 297.03, "terrain": "trees", "approach_h": 0.08, "score": 544.0}, "geometry": {"type": "LineString", "coordinates": [[9.59741321254211, 62.489566093914725], [9.596785052446947, 62.489811687473136], [9.596156882046213, 62.49005727808778], [9.595561121405842, 62.49012414519783], [9.594965358211164, 62.49019100973327], [9.594337165085129, 62.49043659189964], [9.593725177444954, 62.49059281111683], [9.593145618613912, 62.49057030774212], [9.592549841547324, 62.49063716180135], [9.591970282981782, 62.4906146535402], [9.591390725407978, 62.4905921428785], [9.590762495024808, 62.49083770853067], [9.59015048109465, 62.4909939117664], [9.589554689431838, 62.491060752862964], [9.588958895215638, 62.491127591384725], [9.58833063385035, 62.491373145738564], [9.58812121110499, 62.49145499653547]]}}, {"type": "Feature", "properties": {"rank": 164, "peak": "Kvitvola (haug, 1.0 km)", "near": "Bratthaugan (li, 0.8 km)", "band_length_m": 546, "drop": 253.96, "aspect": 215.95, "terrain": "trees", "approach_h": 0.01, "score": 541.0}, "geometry": {"type": "LineString", "coordinates": [[10.490839298003204, 62.18917422183246], [10.490304820997146, 62.188887038863335], [10.489770354119761, 62.188599853914326], [10.48923589737081, 62.18831266698551], [10.488701450750032, 62.18802547807696], [10.488167014257181, 62.18773828718879], [10.48763258789201, 62.18745109432104], [10.487098171654269, 62.187163899473795], [10.486563765543709, 62.186876702647126], [10.48602936956008, 62.18658950384112], [10.485494983703138, 62.18630230305582], [10.484960607972628, 62.18601510029136], [10.484426242368302, 62.185727895547735], [10.484083381357634, 62.18544694000142], [10.48374052664689, 62.185165983655644], [10.483589169058108, 62.184891278338014], [10.48343781412349, 62.184616572872166], [10.48327308301173, 62.18443135179196]]}}, {"type": "Feature", "properties": {"rank": 165, "peak": "Holhaugen (haug, 1.3 km)", "near": "Klevgardan (grend, 1.1 km)", "band_length_m": 567, "drop": 267.08, "aspect": 14.42, "terrain": "trees", "approach_h": 0.05, "score": 540.0}, "geometry": {"type": "LineString", "coordinates": [[9.242944152214541, 62.57185803430917], [9.24289217873765, 62.57212595077856], [9.242840204199371, 62.57239386721313], [9.242788228599679, 62.57266178361284], [9.242736251938538, 62.57292969997774], [9.242684274215923, 62.57319761630778], [9.242632295431802, 62.57346553260299], [9.242580315586139, 62.573733448863365], [9.24252833467891, 62.5740013650889], [9.242669965853588, 62.57427727357661], [9.242617984547609, 62.57454518982345], [9.242566002179998, 62.57481310603548], [9.242514018750732, 62.57508102221264], [9.242849274696951, 62.57536492287512], [9.243184536951796, 62.57564882279753], [9.243132557236013, 62.57591673923419], [9.24308057645859, 62.57618465563598], [9.243028594619489, 62.57645257200297], [9.242976611718685, 62.57672048833512], [9.24350552104936, 62.57701237944187], [9.244034440729033, 62.57730426865381], [9.244563370757978, 62.57759615597087], [9.244739683067511, 62.57769345132213]]}}, {"type": "Feature", "properties": {"rank": 166, "peak": "Tj\u00f8rhjellhaugen (haug, 2.1 km)", "near": "Nonsfjellia (li, 0.0 km)", "band_length_m": 791, "drop": 333.34, "aspect": 15.0, "terrain": "mixed", "approach_h": 0.47, "score": 538.0}, "geometry": {"type": "LineString", "coordinates": [[9.007966276734892, 62.49253488134669], [9.007912371963721, 62.49280268781073], [9.007858466095017, 62.49307049423799], [9.007804559128752, 62.49333830062846], [9.007750651064882, 62.493606106982135], [9.00769674190339, 62.49387391329901], [9.007642831644235, 62.49414171957909], [9.007588920287384, 62.4944095258224], [9.007535007832814, 62.49467733202888], [9.007481094280484, 62.49494513819859], [9.00742717963037, 62.4952129443315], [9.007566284685403, 62.495489062073666], [9.007705392187056, 62.49576517970176], [9.007651477665945, 62.496032985913104], [9.007597562046989, 62.496300792087624], [9.00754364533015, 62.49656859822539], [9.00787578684443, 62.49685302723195], [9.0084009663973, 62.497145766130515], [9.008540088580286, 62.49742188307389], [9.008679213210428, 62.49769799990316], [9.008818340287817, 62.497974116618266], [9.008957469812518, 62.498250233219245], [9.009482684091562, 62.4985429684215], [9.009657757800095, 62.498640546407614]]}}, {"type": "Feature", "properties": {"rank": 167, "peak": "\u00c5rskjulan (haug, 1.5 km)", "near": "Rognflotten (li, 0.4 km)", "band_length_m": 554, "drop": 285.33, "aspect": 73.48, "terrain": "trees", "approach_h": 0.03, "score": 538.0}, "geometry": {"type": "LineString", "coordinates": [[9.81321094703409, 62.83947916752219], [9.813781781845853, 62.83959021181445], [9.814384200175033, 62.839522478947025], [9.814970828210692, 62.83954413100133], [9.815557457223003, 62.8395657806169], [9.816144087211853, 62.839587427793745], [9.816730718177137, 62.83960907253183], [9.817317350118746, 62.839630714831166], [9.817888204133023, 62.839741742631674], [9.818474839793673, 62.8397633801362], [9.819045700951785, 62.83987440330402], [9.819585018545125, 62.84016420054786], [9.820140119334749, 62.84036460757154], [9.820710998670856, 62.84047562414712], [9.821281882407899, 62.84058663844587], [9.821868538057604, 62.840608261979064], [9.822455194682751, 62.840629883073355], [9.823041852283234, 62.84065150172872], [9.823628510858944, 62.84067311794516], [9.824183649413113, 62.840873509357955], [9.824723036466187, 62.84116328753745], [9.825293949349852, 62.84127428581807], [9.825849110732591, 62.84147467086525], [9.826404279725024, 62.84167505379041], [9.826748140844696, 62.84195762317106], [9.826732387238547, 62.842047012332245]]}}, {"type": "Feature", "properties": {"rank": 168, "peak": "Litlt\u00e5ga (haug, 1.4 km)", "near": "Hallarvasslia (li, 0.8 km)", "band_length_m": 540, "drop": 250.25, "aspect": 43.68, "terrain": "mixed", "approach_h": 0.01, "score": 535.0}, "geometry": {"type": "LineString", "coordinates": [[8.48001921496032, 62.54599633443431], [8.480598673647785, 62.54602346605141], [8.481178133532538, 62.546050595274075], [8.481757594614466, 62.5460777221023], [8.482297891913982, 62.546283203321146], [8.482877358811715, 62.54631032556587], [8.483456826906348, 62.54633744541612], [8.484036296197775, 62.546364562871844], [8.4846157666859, 62.54639167793306], [8.484962931466505, 62.54658811103539], [8.484904206154996, 62.54685564758841], [8.485231803627459, 62.54714125896043], [8.4853662432456, 62.54741783276945], [8.48530751947749, 62.54768536950567], [8.485248794512795, 62.54795290620025], [8.485190068351482, 62.548220442853236], [8.485131340993522, 62.54848797946456], [8.485072612438872, 62.54875551603429], [8.485207056988251, 62.5490320900463], [8.485341503896436, 62.549308663956005], [8.485475953163501, 62.549585237763345], [8.485456377227257, 62.549674416671735]]}}, {"type": "Feature", "properties": {"rank": 169, "peak": "Veltret (haug, 2.5 km)", "near": "\u00d8vre Studdane (li, 0.7 km)", "band_length_m": 754, "drop": 366.83, "aspect": 54.86, "terrain": "mixed", "approach_h": 0.41, "score": 535.0}, "geometry": {"type": "LineString", "coordinates": [[8.95381877490251, 62.94034260374516], [8.95435111387829, 62.940635622079625], [8.954883463473314, 62.94092863851585], [8.955415823687867, 62.94122165305377], [8.95594819452223, 62.94151466569335], [8.956480575976688, 62.941807676434465], [8.957012968051513, 62.94210068527708], [8.957545370747006, 62.94239369222106], [8.958077784063429, 62.94268669726639], [8.958610208001085, 62.94297970041295], [8.959142642560236, 62.943272701660696], [8.959675087741179, 62.94356570100952], [8.96020754354419, 62.943858698459366], [8.960776934860633, 62.94397318341384], [8.961346330735122, 62.94408766611626], [8.96189727207226, 62.94429140205164], [8.962485136158083, 62.9443166247648], [8.963073001387986, 62.944341845036845], [8.96362395981276, 62.944545574404714], [8.964193378476896, 62.94466004584633], [8.96472589981526, 62.94495302692534], [8.965258431777222, 62.9452460061048], [8.965846318661313, 62.94527121503979], [8.966397314158536, 62.94547493396059], [8.966966762185898, 62.94558939450984], [8.967554657812391, 62.94561459641053], [8.968124113311486, 62.9457290523625], [8.968693573368226, 62.9458435060619], [8.969244599872448, 62.94604721418178], [8.969244599872448, 62.94604721418178]]}}, {"type": "Feature", "properties": {"rank": 170, "peak": null, "near": "Flottaplassen (bruk, 1.0 km)", "band_length_m": 566, "drop": 251.94, "aspect": 142.83, "terrain": "trees", "approach_h": 0.06, "score": 534.0}, "geometry": {"type": "LineString", "coordinates": [[10.234284116190947, 63.028684569927876], [10.234918810403588, 63.02843617936578], [10.235553493833029, 63.028187785854], [10.236188166479439, 63.02793938939264], [10.236822828342989, 63.027690989981764], [10.237260553013284, 63.027435946235194], [10.237501345274561, 63.02717426002428], [10.237742133132189, 63.02691257335923], [10.238179837909305, 63.02665752657581], [10.238617534992597, 63.026402478364325], [10.239252142617168, 63.026154067539515], [10.23988673946017, 63.02590565376574], [10.24050671387938, 63.02574667999056], [10.24109746202674, 63.025766589486054], [10.241688211084059, 63.025786496519345], [10.242278961051227, 63.02580640109047], [10.242884316382934, 63.02573685994574], [10.242928129140939, 63.025468530166584], [10.243365767027202, 63.025213466707775], [10.243803397220828, 63.02495840182135], [10.244437929703052, 63.024709967023576], [10.244649438134742, 63.024627154769135]]}}, {"type": "Feature", "properties": {"rank": 171, "peak": null, "near": "Seterhamran (li, 0.3 km)", "band_length_m": 659, "drop": 304.99, "aspect": 28.09, "terrain": "trees", "approach_h": 0.24, "score": 531.0}, "geometry": {"type": "LineString", "coordinates": [[8.597446686643249, 62.749538030687376], [8.597972055219818, 62.749832312449485], [8.598302903022658, 62.75011769549635], [8.598828290333774, 62.75041197426685], [8.599353688081276, 62.750706251189456], [8.599879096265443, 62.75100052626412], [8.600404514886561, 62.751294799490715], [8.600929943944896, 62.75158907086922], [8.60145538344074, 62.75188334039953], [8.601980833374366, 62.75217760808156], [8.602506293746053, 62.75247187391526], [8.602642664059145, 62.752748356033], [8.60297358884527, 62.75303372894564], [8.603304519927468, 62.75331910114951], [8.603635457305936, 62.75360447264456], [8.604160959183394, 62.75389873275646], [8.604297350952429, 62.75417521350819], [8.604822869433766, 62.754469471331106], [8.604959269786265, 62.754745951536286], [8.604959269786265, 62.754745951536286]]}}, {"type": "Feature", "properties": {"rank": 172, "peak": "Ormhaugen (haug, 0.7 km)", "near": "Bj\u00f8rklia (li, 1.4 km)", "band_length_m": 600, "drop": 309.72, "aspect": 94.82, "terrain": "trees", "approach_h": 0.13, "score": 531.0}, "geometry": {"type": "LineString", "coordinates": [[8.676408796666216, 62.93778297637339], [8.676938248634787, 62.93807700795277], [8.67746771119798, 62.93837103766091], [8.678035821995337, 62.9384866501598], [8.678565303014599, 62.93878067594991], [8.679094794629195, 62.93907469986854], [8.679643611358372, 62.939279513977105], [8.680211748701963, 62.93939511799938], [8.680799201760776, 62.93942151164571], [8.681386656015752, 62.939447902854575], [8.682012726243789, 62.939295874936676], [8.682600179358722, 62.93932226106866], [8.683206937326624, 62.93925943620993], [8.683852295943367, 62.939018191376675], [8.684497643964137, 62.93877694346025], [8.685085089499573, 62.93880331913583], [8.685711127424184, 62.93865127439317], [8.686356452315094, 62.93841001768471], [8.687001766610315, 62.93816875789339], [8.687627781272273, 62.93801670435462], [8.688234502395252, 62.937953857397886], [8.688860506288776, 62.93780179825153], [8.68950578685873, 62.937560526586324], [8.690151056833434, 62.93731925183862], [8.690151056833434, 62.93731925183862]]}}, {"type": "Feature", "properties": {"rank": 173, "peak": "Nosa (haug, 0.4 km)", "near": "Oksbekken (bekk, 1.6 km)", "band_length_m": 621, "drop": 320.49, "aspect": 97.14, "terrain": "open", "approach_h": 0.17, "score": 531.0}, "geometry": {"type": "LineString", "coordinates": [[9.99637317033815, 62.38158786253809], [9.996921114090197, 62.3817875091463], [9.997469065180045, 62.38198715366332], [9.9980468980447, 62.38200795833756], [9.99862473181999, 62.38202876061854], [9.999202566505808, 62.382049560506246], [9.999780402102058, 62.38207035800071], [10.000358238608632, 62.38209115310186], [10.000936076025427, 62.382111945809754], [10.001513914352346, 62.38213273612434], [10.002091753589278, 62.382153524045634], [10.002669593736128, 62.3821743095736], [10.003247434792788, 62.38219509270826], [10.00382527675916, 62.382215873449596], [10.004403119635139, 62.38223665179761], [10.004995879990888, 62.38216800792818], [10.005573722977678, 62.38218878141094], [10.006181392878851, 62.38203071252828], [10.006789056452805, 62.38187264092535], [10.007366895334801, 62.381893406913875], [10.007944735125738, 62.38191417050909], [10.00855238735799, 62.38175609108508], [10.00913022555035, 62.38177684973657], [10.009708064651335, 62.38179760599471], [10.01033060582971, 62.38155009819028], [10.010953136759742, 62.38130258749288], [10.01116064479237, 62.3812200832842]]}}, {"type": "Feature", "properties": {"rank": 174, "peak": "Bergehaugan (haug, 0.6 km)", "near": "Kl\u00f8ftin (li, 0.0 km)", "band_length_m": 800, "drop": 301.96, "aspect": 90.13, "terrain": "trees", "approach_h": 0.51, "score": 530.0}, "geometry": {"type": "LineString", "coordinates": [[8.46103907351288, 62.799271873983045], [8.461603623124953, 62.79938831693082], [8.462168177312956, 62.79950475766145], [8.46271288099886, 62.79971036783443], [8.463297299416627, 62.799737632471164], [8.463881719057978, 62.799764894687534], [8.464466139922811, 62.79979215448351], [8.46503071377351, 62.79990858392955], [8.465615138829136, 62.7999358389886], [8.46619956510794, 62.799963091627255], [8.46678399260982, 62.799990341845465], [8.467368421334665, 62.800017589643254], [8.467952851282377, 62.800044835020586], [8.46855712022531, 62.79998290528392], [8.469141550874214, 62.80001014571649], [8.469725982745658, 62.80003738372861], [8.470310415839535, 62.80006461932024], [8.470894850155736, 62.800091852491406], [8.47147928569416, 62.80011908324205], [8.472063722454703, 62.80014631157219], [8.472648160437258, 62.800173537481804], [8.473252423324357, 62.80011158744244], [8.473856683808913, 62.800049634770374], [8.474441121968267, 62.80007685321091], [8.474441121968267, 62.80007685321091]]}}, {"type": "Feature", "properties": {"rank": 175, "peak": "Ytre Nonshaugen (haug, 1.1 km)", "near": "Turtlia (li, 0.8 km)", "band_length_m": 805, "drop": 268.31, "aspect": 331.61, "terrain": "trees", "approach_h": 0.52, "score": 530.0}, "geometry": {"type": "LineString", "coordinates": [[8.41465130063426, 62.82881558331927], [8.41459122361883, 62.8290830713398], [8.414531145368112, 62.82935055931774], [8.414471065882072, 62.82961804725307], [8.414410985160675, 62.82988553514578], [8.414350903203879, 62.83015302299589], [8.414290820011654, 62.83042051080336], [8.414230735583958, 62.83068799856824], [8.414170649920765, 62.83095548629047], [8.414110563022026, 62.831222973970114], [8.414050474887716, 62.83149046160709], [8.413815417261912, 62.83165962793059], [8.413230423536264, 62.831632150082676], [8.412645431046395, 62.831604669811654], [8.412060439792405, 62.831577187117524], [8.4114754497744, 62.83154970200035], [8.410890460992489, 62.83152221446008], [8.410305473446774, 62.83149472449677], [8.409720487137365, 62.83146723211038], [8.40913550206436, 62.83143973730096], [8.40855051822787, 62.8314122400685], [8.407965535627994, 62.83138474041304], [8.407380554264845, 62.83135723833454], [8.406795574138522, 62.83132973383306], [8.406210595249132, 62.831302226908576], [8.405625617596787, 62.831274717561094], [8.405040641181579, 62.83124720579068], [8.404455666003624, 62.831219691597276], [8.403870692063025, 62.83119217498089], [8.403285719359882, 62.83116465594161], [8.402700747894306, 62.83113713447936], [8.4021157776664, 62.831109610594204], [8.401920787865487, 62.831100435427395]]}}, {"type": "Feature", "properties": {"rank": 176, "peak": "Mostokkberget (haug, 0.7 km)", "near": "Skr\u00f8en (li, 1.0 km)", "band_length_m": 548, "drop": 263.32, "aspect": 232.4, "terrain": "trees", "approach_h": 0.04, "score": 527.0}, "geometry": {"type": "LineString", "coordinates": [[8.514785342914983, 62.79564329977116], [8.514260033002772, 62.795348707341255], [8.513734733555927, 62.795054113067785], [8.51320944457416, 62.794759516950805], [8.512684166057197, 62.79446491899041], [8.512099794602994, 62.7944378607133], [8.511554830253765, 62.79423243920895], [8.511029577772494, 62.79393783536173], [8.51050433575518, 62.79364322967138], [8.51017388653775, 62.79335764468152], [8.50964866329882, 62.793063036008704], [8.509123450523031, 62.79276842549293], [8.508598248210088, 62.792473813134336], [8.508073056359727, 62.79217919893292], [8.507547874971662, 62.79188458288881], [8.507002989697899, 62.791679144638735], [8.506477827894923, 62.79138452482011], [8.505913242098565, 62.79126826206121], [8.505328941830813, 62.79124117642965], [8.504784084207184, 62.79103572988881], [8.504784084207184, 62.79103572988881]]}}, {"type": "Feature", "properties": {"rank": 177, "peak": null, "near": "Klevgardan (grend, 0.6 km)", "band_length_m": 538, "drop": 254.41, "aspect": 192.9, "terrain": "trees", "approach_h": 0.02, "score": 527.0}, "geometry": {"type": "LineString", "coordinates": [[9.224193773076609, 62.58998744654371], [9.224052247195504, 62.58971152070502], [9.223910723819177, 62.58943559474657], [9.223962906584802, 62.589167687910034], [9.224015088284231, 62.588899781038506], [9.2240672689175, 62.58863187413196], [9.224119448484641, 62.588363967190425], [9.223977930252927, 62.588088041337485], [9.224030109413937, 62.58782013441726], [9.2238885943466, 62.587544208500866], [9.223940773101463, 62.58727630160195], [9.22399295079028, 62.58700839466802], [9.224045127413085, 62.58674048769909], [9.224097302969907, 62.586472580695144], [9.223955793046407, 62.5861966548843], [9.223814285626993, 62.58592072895367], [9.22386646143756, 62.585652822027356], [9.223918636182194, 62.585384915066044], [9.223583455430202, 62.58510096991947], [9.223635631494354, 62.584833063070796], [9.223687806492604, 62.584565156187104], [9.223687806492604, 62.584565156187104]]}}, {"type": "Feature", "properties": {"rank": 178, "peak": null, "near": "Hammarnosa (li, 0.5 km)", "band_length_m": 529, "drop": 253.11, "aspect": 28.39, "terrain": "trees", "approach_h": 0.01, "score": 524.0}, "geometry": {"type": "LineString", "coordinates": [[8.708369623064122, 62.63954497210631], [8.708312677875492, 62.63981262221717], [8.708643434186223, 62.6400977443189], [8.709168050266085, 62.640391600888385], [8.709692676703813, 62.640685455608654], [8.71021731349967, 62.64097930847967], [8.710548100799773, 62.64126442643069], [8.710491171068332, 62.641532077597596], [8.710434240172807, 62.6417997287249], [8.71095890360221, 62.64209357911771], [8.711483577390965, 62.64238742766103], [8.711620522625552, 62.642663811230044], [8.71214521290456, 62.6429576574798], [8.712476040051474, 62.64324277132204], [8.712419122891436, 62.64351042340569], [8.712362204567489, 62.64377807544974], [8.712499163752183, 62.64405445831046], [8.712886921485326, 62.64407191922062], [8.713449589087345, 62.644187326104856], [8.713643469111453, 62.64419605538952]]}}, {"type": "Feature", "properties": {"rank": 179, "peak": "Lihjellhaugen (haug, 1.3 km)", "near": "Bakkan (li, 0.5 km)", "band_length_m": 705, "drop": 387.96, "aspect": 345.46, "terrain": "trees", "approach_h": 0.35, "score": 522.0}, "geometry": {"type": "LineString", "coordinates": [[9.17231779222901, 62.559831759667006], [9.17226521030441, 62.560099643090446], [9.172212627306553, 62.56036752647844], [9.172160043235408, 62.560635409831015], [9.172107458090947, 62.56090329314816], [9.172054871873135, 62.56117117642987], [9.171808779102054, 62.561430970542425], [9.171756189015527, 62.561698853661234], [9.171703597855524, 62.56196673674458], [9.17165100562201, 62.56223461979252], [9.17159841231496, 62.562502502805], [9.171545817934335, 62.56277038578209], [9.171299706787469, 62.563030178770475], [9.170860074065844, 62.56328188069275], [9.170226915318782, 62.563525489670056], [9.170174306310447, 62.563793371952855], [9.169928174362749, 62.56405316227608], [9.169875561484274, 62.56432104439589], [9.169242372317969, 62.56456464855269], [9.168609172817968, 62.564808249717466], [9.168556546383307, 62.56507613117821], [9.16831038923286, 62.5653359183491], [9.16806422768265, 62.56559570503314], [9.167624529004447, 62.565847395990346], [9.167184822839545, 62.56609908547506], [9.16693864488318, 62.566358869979986], [9.166885999944434, 62.56662675058295], [9.1670268931908, 62.56690272756035], [9.167167788926951, 62.56717870441948], [9.167308687152964, 62.5674546811603], [9.16706249841638, 62.56771446574565], [9.167009851548892, 62.56798234635551], [9.166957203606552, 62.568250226929905], [9.166904554589333, 62.568518107468826], [9.166851904497209, 62.56878598797226], [9.166834354227626, 62.56887528146553]]}}, {"type": "Feature", "properties": {"rank": 180, "peak": "Kyrkja (haug, 0.6 km)", "near": "Tr\u00f8in (li, 0.6 km)", "band_length_m": 672, "drop": 328.66, "aspect": 119.33, "terrain": "trees", "approach_h": 0.3, "score": 517.0}, "geometry": {"type": "LineString", "coordinates": [[8.6322592389187, 63.04677060676473], [8.632907439186678, 63.046529629423986], [8.633555628774545, 63.04628864898165], [8.63414517973435, 63.046315261573724], [8.63473473190887, 63.0463418717176], [8.635324285297989, 63.046368479413275], [8.635913839901601, 63.046395084660745], [8.636503395719597, 63.04642168745999], [8.63705388457878, 63.04662668623294], [8.637623913876578, 63.046742483646035], [8.638174416815326, 63.0469474782096], [8.638763986390403, 63.04697407172596], [8.639353557179387, 63.04700066279399], [8.639943129182162, 63.04702725141371], [8.640552226276432, 63.046964637777805], [8.641161320889058, 63.04690202148508], [8.64177041301993, 63.04683940253556], [8.642359984536181, 63.04686598105595], [8.642988589835998, 63.04671415666611], [8.643243659226396, 63.04645541391608], [8.643302204077838, 63.046187813046764], [8.643360747716297, 63.04592021213682], [8.643615806482071, 63.04566146858503], [8.643674345914654, 63.04539386749183], [8.643929397049389, 63.04513512328094], [8.643987932276376, 63.04486752200454], [8.644046466290641, 63.04459992068747], [8.644104999092209, 63.044332319329776], [8.644556542676051, 63.04408243014588], [8.64481157391243, 63.04382368410038], [8.64481157391243, 63.04382368410038]]}}, {"type": "Feature", "properties": {"rank": 181, "peak": "Svarthaugen (haug, 2.4 km)", "near": "Skardalslia (li, 0.3 km)", "band_length_m": 848, "drop": 381.3, "aspect": 43.26, "terrain": "mixed", "approach_h": 0.64, "score": 517.0}, "geometry": {"type": "LineString", "coordinates": [[9.560439627388554, 62.55886057013569], [9.560971399047146, 62.55915128588043], [9.561535900836452, 62.55926329099626], [9.562067690426138, 62.55955400274331], [9.562599490373834, 62.559844712566644], [9.563131300679808, 62.56013542046619], [9.563663121344325, 62.560426126441854], [9.56419495236765, 62.56071683049361], [9.564726793750047, 62.561007532621346], [9.565258645491792, 62.56129823282501], [9.56579050759314, 62.56158893110452], [9.566322380054366, 62.56187962745978], [9.56685426287573, 62.562170321890726], [9.567386156057504, 62.562461014397265], [9.567918059599947, 62.56275170497938], [9.568449973503334, 62.56304239363692], [9.568981897767925, 62.563333080369866], [9.56951383239399, 62.5636237651781], [9.570045777381793, 62.5639144480616], [9.570577732731607, 62.564205129020216], [9.570916040163109, 62.564488270939364], [9.57106069382789, 62.56476387516666], [9.57106069382789, 62.56476387516666]]}}, {"type": "Feature", "properties": {"rank": 182, "peak": null, "near": "Hevleslia (li, 0.8 km)", "band_length_m": 681, "drop": 326.41, "aspect": 298.84, "terrain": "trees", "approach_h": 0.32, "score": 516.0}, "geometry": {"type": "LineString", "coordinates": [[9.665384033867419, 62.5499560145436], [9.664771165208355, 62.550112536110134], [9.664174335954549, 62.550179685346215], [9.663593551612552, 62.55015746251531], [9.662996719036876, 62.55022460668015], [9.662399883882667, 62.550291748265444], [9.661770940046479, 62.550537625715386], [9.661141985852538, 62.55078350022019], [9.660513021300684, 62.55102937177983], [9.65990010565985, 62.551185871458436], [9.65928718366019, 62.551342368378], [9.658658192142553, 62.5515882312914], [9.658045255480179, 62.55174472260128], [9.6574483795084, 62.5518118425819], [9.656819363078972, 62.55205769694332], [9.656190336290926, 62.552303548359], [9.655561299144113, 62.55254939682886], [9.654932251638378, 62.55279524235281], [9.654303193773572, 62.55304108493076], [9.653674125549543, 62.553286924562606], [9.653045046966142, 62.553532761248306], [9.652415958023218, 62.553778594987705], [9.651786858720616, 62.55402442578079], [9.65159324276958, 62.55401700103685]]}}, {"type": "Feature", "properties": {"rank": 183, "peak": "Bitneshaugen (haug, 0.2 km)", "near": "Bitnesbj\u00f8rga (li, 0.4 km)", "band_length_m": 561, "drop": 290.07, "aspect": 44.21, "terrain": "trees", "approach_h": 0.09, "score": 515.0}, "geometry": {"type": "LineString", "coordinates": [[11.59186311640475, 63.437010516271], [11.592442018297923, 63.43720400856327], [11.593042235456986, 63.437218321301586], [11.593621149606747, 63.437411808886445], [11.594210721763796, 63.43751570543706], [11.594789649888437, 63.4377091883658], [11.594957782528569, 63.437982722695054], [11.595125918306309, 63.4382562568369], [11.595494139374125, 63.43853455804925], [11.595662283370471, 63.438808091592385], [11.595830430504758, 63.43908162494812], [11.596198668833713, 63.4393599244227], [11.596566914262063, 63.43963822298227], [11.597135258957554, 63.43992128564608], [11.597724895635391, 63.44002516805546], [11.59829325946442, 63.44030822621642], [11.598861634504635, 63.44059128217509], [11.599430020756309, 63.44087433593141], [11.59999841821972, 63.441157387485305], [11.600566826895141, 63.441440436836686], [11.601135246782851, 63.44172348398543], [11.601714306646064, 63.44191693955744], [11.601903785622994, 63.44201128736688]]}}, {"type": "Feature", "properties": {"rank": 184, "peak": "Vardhaugen (haug, 0.9 km)", "near": "\u00c5lvundlia (li, 0.4 km)", "band_length_m": 673, "drop": 321.82, "aspect": 269.4, "terrain": "trees", "approach_h": 0.31, "score": 514.0}, "geometry": {"type": "LineString", "coordinates": [[8.544404337904986, 62.84619988557451], [8.543818902605448, 62.84617294674388], [8.543233468518942, 62.84614600548713], [8.542648035645573, 62.84611906180424], [8.542062603985453, 62.84609211569522], [8.54147717353868, 62.84606516716009], [8.540891744305364, 62.846038216198856], [8.540306316285607, 62.84601126281154], [8.53972088947952, 62.845984306998126], [8.539135463887204, 62.84595734875865], [8.538550039508767, 62.84593038809309], [8.537964616344313, 62.845903425001495], [8.537379194393951, 62.84587645948383], [8.53679377365778, 62.84584949154014], [8.536208354135912, 62.84582252117044], [8.535642609271578, 62.84570636436769], [8.53505719392992, 62.845679389248886], [8.534471779802868, 62.845652411704094], [8.533886366890524, 62.845625431733325], [8.533300955192999, 62.8455984493366], [8.532715544710396, 62.84557146451388], [8.532130135442822, 62.84554447726524], [8.531485669879551, 62.84578503743557], [8.53086088193716, 62.84593641136026], [8.53086088193716, 62.84593641136026]]}}, {"type": "Feature", "properties": {"rank": 185, "peak": null, "near": "Klevgardan (grend, 0.7 km)", "band_length_m": 586, "drop": 237.91, "aspect": 162.23, "terrain": "trees", "approach_h": 0.14, "score": 514.0}, "geometry": {"type": "LineString", "coordinates": [[9.170258298611524, 62.586213692087945], [9.17031095718563, 62.585945810629], [9.170363614684039, 62.58567792913457], [9.170416271106777, 62.58541004760469], [9.170856244920149, 62.58515835116594], [9.170908895741672, 62.584890469380824], [9.171348857532069, 62.584638771248905], [9.171595157229259, 62.58437898055978], [9.171647799649694, 62.584111098391844], [9.171894092141029, 62.583851307088075], [9.171946730686054, 62.583583424757116], [9.172193015971914, 62.58332363283873], [9.172439296852525, 62.58306384043332], [9.172491928722549, 62.58279595781179], [9.17254455951753, 62.5825280751548], [9.17279083039358, 62.58226828200728], [9.173037096864816, 62.58200848837277], [9.173283358931359, 62.58174869425132], [9.173705713881972, 62.581586282266024]]}}, {"type": "Feature", "properties": {"rank": 186, "peak": "Skigardskneppen (haug, 0.6 km)", "near": "Dr\u00f8ylia (li, 0.7 km)", "band_length_m": 519, "drop": 270.82, "aspect": 206.66, "terrain": "trees", "approach_h": 0.01, "score": 514.0}, "geometry": {"type": "LineString", "coordinates": [[11.206296952896578, 62.87721125374798], [11.205743188642368, 62.87692672316048], [11.205189435100493, 62.876642190462825], [11.204831853434719, 62.876362943275495], [11.20467043780978, 62.87608898305192], [11.20431286768275, 62.87580973461228], [11.203759148888327, 62.87552519650327], [11.203205440804984, 62.87524065628448], [11.202651743432462, 62.87495611395595], [11.202294206105186, 62.87467686058998], [11.201936675518635, 62.874397606355835], [11.201775297197587, 62.87412364302181], [11.201810065547265, 62.87385497122319], [11.201648691222735, 62.87358100775691], [11.201683459919094, 62.87331233597688], [11.201522089590869, 62.87303837237831], [11.201164585832188, 62.87275911632603], [11.200807088813084, 62.872479859405736], [11.200253466141527, 62.872195308094504], [11.199699854178133, 62.87191075467412], [11.199699854178133, 62.87191075467412]]}}, {"type": "Feature", "properties": {"rank": 187, "peak": "Svarthaugen (haug, 2.4 km)", "near": "Holtabekken (bekk, 0.4 km)", "band_length_m": 692, "drop": 318.17, "aspect": 28.88, "terrain": "open", "approach_h": 0.35, "score": 513.0}, "geometry": {"type": "LineString", "coordinates": [[8.515738892057792, 62.469104530530124], [8.51629748451924, 62.469220681013006], [8.516643993780997, 62.469417027415126], [8.516778418264481, 62.469693571300304], [8.516912845098389, 62.46997011508288], [8.516661919560915, 62.470228684151046], [8.516603668433103, 62.47049624051457], [8.516738096819426, 62.47077278447922], [8.516872527556355, 62.47104932834124], [8.517006960643974, 62.47132587210063], [8.517141396082343, 62.47160241575741], [8.517083145840578, 62.471869972322466], [8.517024894414725, 62.472137528846254], [8.516966641804736, 62.47240508532882], [8.517101081146796, 62.472681629065036], [8.517428217941065, 62.47296715956495], [8.517755360884873, 62.47325268937027], [8.51788981094716, 62.4735292324719], [8.518024263360767, 62.47380577547085], [8.518544123653916, 62.47410028946659], [8.519063994159117, 62.47439480164507], [8.51958387487664, 62.47468931200619], [8.520103765806757, 62.47498382054991], [8.520623666949735, 62.475278327276115], [8.52114357830585, 62.47557283218476], [8.52114357830585, 62.47557283218476]]}}, {"type": "Feature", "properties": {"rank": 188, "peak": "Blakhaugen (haug, 1.4 km)", "near": "Skreali (li, 1.0 km)", "band_length_m": 801, "drop": 183.22, "aspect": 110.07, "terrain": "trees", "approach_h": 0.56, "score": 513.0}, "geometry": {"type": "LineString", "coordinates": [[9.556036152737194, 62.503073215522484], [9.556615918512609, 62.5030958754253], [9.557212018912912, 62.503029178490884], [9.557791784967499, 62.503051833504806], [9.558371552020944, 62.50307448611726], [9.558951320073145, 62.50309713632819], [9.559547415763287, 62.50303042935486], [9.559596395015461, 62.502762364985124], [9.559645373269127, 62.50249430058319], [9.559694350524307, 62.50222623614906], [9.55974332678104, 62.501958171682766], [9.559792302039344, 62.50169010718428], [9.559841276299258, 62.50142204265361], [9.559890249560803, 62.50115397809075], [9.559939221824015, 62.5008859134957], [9.559988193088916, 62.50061784886847], [9.560037163355538, 62.500349784209064], [9.56008613262391, 62.50008171951747], [9.560135100894064, 62.499813654793684], [9.560184068166022, 62.49954559003773], [9.560233034439815, 62.499277525249596], [9.560281999715478, 62.49900946042928], [9.560330963993035, 62.498741395576786], [9.560379927272516, 62.49847333069209], [9.560428889553945, 62.49820526577523], [9.560477850837358, 62.49793720082621], [9.560526811122783, 62.497669135845], [9.560575770410246, 62.4974010708316], [9.560624728699777, 62.49713300578603], [9.560673685991405, 62.49686494070829], [9.560722642285157, 62.49659687559839], [9.560738960827996, 62.49650752055459]]}}, {"type": "Feature", "properties": {"rank": 189, "peak": "Storhaugen (haug, 1.2 km)", "near": "Moatelet (li, 1.1 km)", "band_length_m": 531, "drop": 224.34, "aspect": 79.41, "terrain": "trees", "approach_h": 0.04, "score": 511.0}, "geometry": {"type": "LineString", "coordinates": [[9.63505358899382, 62.49336106060353], [9.635617149567535, 62.493472756749036], [9.63618071445298, 62.49358445065902], [9.636760372802359, 62.493606776038476], [9.637340032135574, 62.49362909901662], [9.637919692452527, 62.4936514195935], [9.63849935375311, 62.493673737769036], [9.639079016037227, 62.49369605354327], [9.639658679304768, 62.49371836691617], [9.64023834355563, 62.49374067788775], [9.640818008789715, 62.49376298645796], [9.641397675006914, 62.49378529262684], [9.641961268522234, 62.49389696345056], [9.642524866348552, 62.49400863203848], [9.643104538951793, 62.494030931172304], [9.643684212537757, 62.49405322790472], [9.64424782007774, 62.49416488962299], [9.644586073178417, 62.494447853542326], [9.64476323501638, 62.49454465148912]]}}, {"type": "Feature", "properties": {"rank": 190, "peak": null, "near": null, "band_length_m": 863, "drop": 338.38, "aspect": 103.73, "terrain": "open", "approach_h": 0.69, "score": 511.0}, "geometry": {"type": "LineString", "coordinates": [[12.35422970683507, 63.20528953454244], [12.354800961964601, 63.20556959137392], [12.355372228132367, 63.205849645951865], [12.355968067059093, 63.20586073433261], [12.356563906500044, 63.20587182021771], [12.357159746455105, 63.2058829036071], [12.357763768530779, 63.2058043297208], [12.358367787383715, 63.2057257532513], [12.358963625200886, 63.20573682906787], [12.3595594635317, 63.20574790238878], [12.360179824605199, 63.205490008343745], [12.360800174640342, 63.20523211153037], [12.36142051363733, 63.204974211948716], [12.362040841596363, 63.204716309598865], [12.362661158517636, 63.20445840448093], [12.363265136412421, 63.20437980699036], [12.363885435279677, 63.20412189643246], [12.364489402934561, 63.204043293687135], [12.365109683748045, 63.20378537768953], [12.365705484896722, 63.20379642506964], [12.366301286557652, 63.20380746995427], [12.366897088730726, 63.20381851234339], [12.367492891415823, 63.203829552237], [12.36808869461283, 63.2038405896351], [12.368485897028505, 63.20384794651411]]}}, {"type": "Feature", "properties": {"rank": 191, "peak": "Svarthovda (haug, 1.9 km)", "near": "Brattfonne (li, 0.4 km)", "band_length_m": 908, "drop": 468.42, "aspect": 220.34, "terrain": "mixed", "approach_h": 0.78, "score": 510.0}, "geometry": {"type": "LineString", "coordinates": [[8.664282323798771, 62.187621511836326], [8.663765787077292, 62.18732758179605], [8.663249260360294, 62.18703364994824], [8.662732743647526, 62.18673971629294], [8.662216236938711, 62.18644578083027], [8.661699740233598, 62.18615184356027], [8.661183253531915, 62.18585790448303], [8.660666776833406, 62.18556396359863], [8.660150310137814, 62.1852700209071], [8.659633853444868, 62.18497607640856], [8.65911740675431, 62.18468213010305], [8.65860097006588, 62.18438818199066], [8.658084543379314, 62.18409423207145], [8.65756812669435, 62.1838002803455], [8.657051720010726, 62.1835063268129], [8.656535323328184, 62.1832123714737], [8.65600016536297, 62.183007627890014], [8.655483787393218, 62.18271366885223], [8.654967419423828, 62.18241970800805], [8.654451061454536, 62.18212574535755], [8.653934713485073, 62.18183178090083], [8.653418375515185, 62.181537814637935], [8.652902047544615, 62.18124384656893], [8.652385729573089, 62.180949876693916], [8.65186942160035, 62.18065590501296], [8.651734885077799, 62.18037948835011], [8.651409471882724, 62.18009429313898], [8.65089318777071, 62.179800318103325], [8.650376913656505, 62.179506341261956], [8.650032736467905, 62.179310355697915]]}}, {"type": "Feature", "properties": {"rank": 192, "peak": "Brennh\u00f8e (haug, 3.0 km)", "near": "Svalie (li, 1.5 km)", "band_length_m": 587, "drop": 260.78, "aspect": 128.59, "terrain": "open", "approach_h": 0.15, "score": 510.0}, "geometry": {"type": "LineString", "coordinates": [[8.933356842413138, 62.22878871326411], [8.93398466972531, 62.228546113628965], [8.934594502418912, 62.228392771183366], [8.935186346248244, 62.22832868623626], [8.935796168661454, 62.22817533836824], [8.936423963904446, 62.22793272727052], [8.937051749091284, 62.227690113200225], [8.937679524222109, 62.227447496157474], [8.938307289297054, 62.22720487614233], [8.938935044316256, 62.22696225315492], [8.93956278927985, 62.22671962719527], [8.940190524187974, 62.22647699826351], [8.940818249040762, 62.22623436635974], [8.941445963838358, 62.22599173148399], [8.942073668580893, 62.22574909363637], [8.94249213282317, 62.2255873334203]]}}, {"type": "Feature", "properties": {"rank": 193, "peak": "Oshaugen (haug, 1.2 km)", "near": "Kvitbekken (bekk, 0.3 km)", "band_length_m": 709, "drop": 296.71, "aspect": 198.27, "terrain": "mixed", "approach_h": 0.39, "score": 510.0}, "geometry": {"type": "LineString", "coordinates": [[9.21877450654804, 62.5145939199739], [9.218440137223332, 62.51430997043416], [9.21791256029961, 62.51401799819179], [9.217384993673479, 62.5137260240624], [9.21685743734467, 62.513434048046065], [9.216523098977632, 62.51315009423446], [9.216381972716075, 62.51287416395343], [9.216434053057753, 62.51260625772899], [9.216486132337991, 62.51233835146955], [9.216538210556816, 62.51207044517507], [9.216590287714252, 62.51180253884562], [9.216642363810342, 62.51153463248114], [9.216694438845106, 62.51126672608165], [9.216746512818585, 62.51099881964714], [9.216798585730803, 62.51073091317763], [9.21685065758179, 62.51046300667311], [9.216902728371583, 62.51019510013359], [9.216954798100202, 62.509927193559065], [9.217006866767692, 62.509659286949535], [9.216865750849763, 62.50938335722377], [9.21688310705464, 62.509294055031546]]}}, {"type": "Feature", "properties": {"rank": 194, "peak": "Seterhaugen (haug, 0.6 km)", "near": "Tj\u00f8rrhjell-lia (li, 0.6 km)", "band_length_m": 535, "drop": 221.12, "aspect": 69.44, "terrain": "trees", "approach_h": 0.05, "score": 510.0}, "geometry": {"type": "LineString", "coordinates": [[9.007322929970814, 63.179264928764084], [9.007860082582914, 63.17955779393898], [9.008452759647025, 63.1795828767811], [9.009026935256, 63.179697217393674], [9.009601115499906, 63.17981155572873], [9.010175300378712, 63.17992589178622], [9.010749489892367, 63.180040225566195], [9.011305188002432, 63.18024381767109], [9.011897882824066, 63.180268886293234], [9.01249057880121, 63.1802939524487], [9.013046294294686, 63.180497537909574], [9.013620506981987, 63.180611860301134], [9.014213211836577, 63.18063691934621], [9.014787432117481, 63.18075123708981], [9.015380141086071, 63.180776291297946], [9.015972851209543, 63.18080134303935], [9.016565562487799, 63.18082639231399], [9.017139796279375, 63.18094070066896], [9.017732511670827, 63.18096574510653], [9.018325228216732, 63.18099078707732], [9.018522800655226, 63.18099913385275]]}}, {"type": "Feature", "properties": {"rank": 195, "peak": "Fagerhaugen (haug, 2.1 km)", "near": "Sild\u00f8yan (li, 2.2 km)", "band_length_m": 625, "drop": 289.38, "aspect": 299.66, "terrain": "open", "approach_h": 0.23, "score": 508.0}, "geometry": {"type": "LineString", "coordinates": [[9.634484605659498, 62.313816517237164], [9.633860487884602, 62.31406232302903], [9.63325233740583, 62.31421875780424], [9.632628201306542, 62.31446455785176], [9.632004055035333, 62.314710354979674], [9.631379898592064, 62.31495614918787], [9.63113987567885, 62.315216815501415], [9.63054767417758, 62.31528387025688], [9.629939482128192, 62.31544029005645], [9.629347273769874, 62.31550733961408], [9.62872307930455, 62.31575312145344], [9.628114868530327, 62.31590953305076], [9.627538642740971, 62.31588720744206], [9.626962417924132, 62.31586487945021], [9.626418191655826, 62.31566381492642], [9.625841972175145, 62.31564148233684], [9.625233749309729, 62.31579788117574], [9.62465752838397, 62.31577554365131], [9.62406530269951, 62.31584257047569], [9.623489082024513, 62.31582022810072], [9.622896853092103, 62.31588724990243], [9.62246467430309, 62.31614045150651], [9.622416641597995, 62.316408550964596], [9.62217652946668, 62.31666920079811], [9.621744333147127, 62.31692239995963], [9.621536239295686, 62.31700431583337]]}}, {"type": "Feature", "properties": {"rank": 196, "peak": "Guruskarshaugen (haug, 0.3 km)", "near": "Meldal helsestasjon (helseinstitusjon, 1.5 km)", "band_length_m": 725, "drop": 352.56, "aspect": 203.66, "terrain": "trees", "approach_h": 0.43, "score": 507.0}, "geometry": {"type": "LineString", "coordinates": [[9.737129718353291, 63.059431315609366], [9.736522566133948, 63.059498670533465], [9.735963951428761, 63.05929790247534], [9.735815502270333, 63.05902244130491], [9.73586404226023, 63.05875432097906], [9.735912581242063, 63.05848620062206], [9.735961119215867, 63.05821808023391], [9.735812675116556, 63.05794261908875], [9.73527027573407, 63.05765247515884], [9.734924863927521, 63.057369671442025], [9.734776433637544, 63.05709420932488], [9.734628006042717, 63.05681874707252], [9.734676552333674, 63.05655062717486], [9.73452812822133, 63.05627516484085], [9.734576674291585, 63.05600704496555], [9.734428253661534, 63.05573158254983], [9.734082872053527, 63.05544877702751], [9.733934458720382, 63.05517331415269], [9.733786048081823, 63.05489785114266], [9.733637640137763, 63.05462238799748], [9.733292278956732, 63.05433958071747], [9.733143878308649, 63.054064117113235], [9.732798528349857, 63.053781308723416], [9.732453185011531, 63.053498499547715], [9.732304796260042, 63.05322303516067], [9.73195946414294, 63.0529402248753], [9.731811082686137, 63.05266476002935], [9.73146576178961, 63.05238194863437], [9.731317387626994, 63.05210648332956], [9.730775139855009, 63.05181632348713], [9.73042983881654, 63.05153350973493], [9.730281478454549, 63.051258043458965], [9.73013312078562, 63.05098257704793], [9.730149312691028, 63.05089320432461]]}}, {"type": "Feature", "properties": {"rank": 197, "peak": "Brennh\u00f8e (haug, 1.8 km)", "near": "Svalie (li, 0.3 km)", "band_length_m": 606, "drop": 251.73, "aspect": 108.3, "terrain": "open", "approach_h": 0.2, "score": 505.0}, "geometry": {"type": "LineString", "coordinates": [[8.921209334052868, 62.21726897536053], [8.921782969564974, 62.21729420348326], [8.922356606167524, 62.217319429239865], [8.922930243860414, 62.217344652630345], [8.923503882643551, 62.21736987365467], [8.924077522516829, 62.21739509231287], [8.924651163480151, 62.21742030860489], [8.92522480553342, 62.21744552253078], [8.925798448676531, 62.217470734090476], [8.926372092909391, 62.21749594328397], [8.9269457382319, 62.217521150111295], [8.927519384643958, 62.21754635457241], [8.92809303214546, 62.21757155666733], [8.928702668330873, 62.217418237751694], [8.929330290122127, 62.217175656642866], [8.92995790186591, 62.21693307256212], [8.930585503562359, 62.21669048550959], [8.931021885256275, 62.21643949943566], [8.931231080677208, 62.21635863572834]]}}, {"type": "Feature", "properties": {"rank": 198, "peak": "Knatten (haug, 2.0 km)", "near": "Hauklii (li, 0.6 km)", "band_length_m": 965, "drop": 427.78, "aspect": 11.55, "terrain": "open", "approach_h": 0.91, "score": 505.0}, "geometry": {"type": "LineString", "coordinates": [[9.394802930265522, 62.13367820478825], [9.39475325513665, 62.13394620891474], [9.394703579007253, 62.13421421300798], [9.394653901877307, 62.134482217067934], [9.394604223746773, 62.13475022109466], [9.394554544615639, 62.1350182250881], [9.39450486448386, 62.13528622904832], [9.394646041081543, 62.13556198432797], [9.394596360618335, 62.13582998830902], [9.39492840162807, 62.13611349452399], [9.395260448761855, 62.136397000004905], [9.395783367208248, 62.136688254616], [9.396306295675085, 62.1369795073549], [9.396829234162636, 62.13727075822151], [9.397161311471903, 62.13755425945254], [9.397111649056148, 62.13782226451076], [9.397252860179707, 62.138098017473624], [9.397394073754567, 62.1383737703153], [9.397344411678176, 62.13864177544845], [9.397294748601373, 62.13890978054836], [9.397435965967498, 62.13918553337701], [9.397768069121279, 62.13946903340859], [9.397718408054436, 62.13973703867072], [9.397668745987163, 62.140005043899606], [9.39761908291943, 62.140273049095256], [9.397569418851209, 62.14054105425771], [9.397519753782474, 62.14080905938688], [9.397470087713192, 62.14107706448284], [9.39742042064334, 62.14134506954555], [9.397370752572883, 62.14161307457505], [9.397321083501797, 62.14188107957127], [9.397271413430051, 62.14214908453426], [9.39722174235762, 62.14241708946401], [9.397172070284471, 62.14268509436053], [9.397138955013073, 62.142863764273066]]}}, {"type": "Feature", "properties": {"rank": 199, "peak": "Kornfonna (haug, 0.4 km)", "near": "Stenseslia (li, 1.4 km)", "band_length_m": 777, "drop": 357.06, "aspect": 228.15, "terrain": "mixed", "approach_h": 0.54, "score": 505.0}, "geometry": {"type": "LineString", "coordinates": [[9.604757336630746, 62.6401317236993], [9.60422371364093, 62.63984115724626], [9.60427257608517, 62.63957307832214], [9.60432143752877, 62.63930499936609], [9.60437029797176, 62.6390369203781], [9.604419157414169, 62.63876884135822], [9.604468015856025, 62.6385007623064], [9.604516873297353, 62.63823268322269], [9.60456572973819, 62.63796460410701], [9.604614585178565, 62.63769652495945], [9.604081006303053, 62.63740595836934], [9.603547437850183, 62.6371153898448], [9.60301387981968, 62.63682481938591], [9.602480332211277, 62.636534246992724], [9.601946795024704, 62.636243672665344], [9.601413268259694, 62.63595309640382], [9.60087975191598, 62.63566251820825], [9.600329949730488, 62.63546129719878], [9.599747559160408, 62.63543879217448], [9.59914886974385, 62.63550564368004], [9.5985664794394, 62.63548313373914], [9.597984090136327, 62.63546062138276], [9.597385396665485, 62.635527465295816], [9.596803007628713, 62.635504948022835], [9.596220619593645, 62.635482428334406], [9.596026490471237, 62.63547492123482]]}}, {"type": "Feature", "properties": {"rank": 200, "peak": "Bj\u00f8rbekkjehaugen (haug, 1.0 km)", "near": "Frekstusl\u00e6ttet (li, 0.6 km)", "band_length_m": 655, "drop": 262.83, "aspect": 241.79, "terrain": "open", "approach_h": 0.3, "score": 504.0}, "geometry": {"type": "LineString", "coordinates": [[9.001294537719994, 62.539159939150125], [9.000768710329272, 62.53886716652668], [9.00024289323934, 62.53857439203476], [8.999717086449923, 62.538281615674485], [8.999137201952799, 62.538256637846914], [8.998557318558548, 62.53823165761994], [8.997977436267268, 62.538206674993546], [8.99737952034794, 62.53827095647581], [8.996799638546248, 62.53824596895593], [8.996219757847845, 62.53822097903665], [8.995639878252842, 62.538195986718], [8.995114124186657, 62.53790319360015], [8.994570337718867, 62.53769966466943], [8.994026558730484, 62.53749613370196], [8.99350083286513, 62.537203334815935], [8.993168401096616, 62.53691886869003], [8.992835975580652, 62.536634401839876], [8.992503556317036, 62.536349934265594], [8.991977865392771, 62.53605713002429], [8.991802637373118, 62.53595952819555]]}}, {"type": "Feature", "properties": {"rank": 201, "peak": "Kvanjolskarhaugan (haug, 2.8 km)", "near": "Slangli\u00f8yan (li, 0.8 km)", "band_length_m": 734, "drop": 374.16, "aspect": 107.76, "terrain": "open", "approach_h": 0.46, "score": 503.0}, "geometry": {"type": "LineString", "coordinates": [[8.886499761313623, 62.73958320684052], [8.887139039339718, 62.73934096025438], [8.887778306914962, 62.73909871062879], [8.888399045063904, 62.738945703879594], [8.888982742538118, 62.73897118633611], [8.889584956644272, 62.738907420263935], [8.890187168280008, 62.73884365157461], [8.890770865690031, 62.7388691265804], [8.89137307425303, 62.738805352757964], [8.891956772200283, 62.73883082282896], [8.892540471286882, 62.738856290481074], [8.893124171512731, 62.73888175571424], [8.893707872877718, 62.73890721852849], [8.894291575381738, 62.738932678923824], [8.89489377846056, 62.73886888990479], [8.89549597906796, 62.73880509826873], [8.896079681504723, 62.73883055121334], [8.896681879037342, 62.738766754444306], [8.897321057896589, 62.73852446025398], [8.897941736590143, 62.7383714105391], [8.898543921102336, 62.73830760561573], [8.89914610314253, 62.73824379807546], [8.899748282710615, 62.738179987918265], [8.900331977438416, 62.738205423058204], [8.900915673303972, 62.738230855779214], [8.901499370307178, 62.73825628608129], [8.902138499496463, 62.738013969338056], [8.902564579816548, 62.73785242315485]]}}, {"type": "Feature", "properties": {"rank": 202, "peak": "Haugs\u00e6terkletten (haug, 0.4 km)", "near": "R\u00f8nningslia (li, 1.8 km)", "band_length_m": 657, "drop": 289.82, "aspect": 76.12, "terrain": "mixed", "approach_h": 0.31, "score": 502.0}, "geometry": {"type": "LineString", "coordinates": [[10.73736407007989, 62.16722937349008], [10.73793840341814, 62.167247072715234], [10.738512737521097, 62.167264769562706], [10.739087072388658, 62.167282464032525], [10.739661408020725, 62.16730015612466], [10.740235744417195, 62.16731784583914], [10.740810081577962, 62.16733553317592], [10.74138441950293, 62.16735321813501], [10.741958758191997, 62.1673709007164], [10.74253309764506, 62.16738858092011], [10.743107437862019, 62.1674062587461], [10.74368177884277, 62.16742393419435], [10.744256120587218, 62.167441607264905], [10.744830463095258, 62.167459277957725], [10.745404806366786, 62.16747694627281], [10.745979150401707, 62.16749461221015], [10.746553495199912, 62.16751227576976], [10.747127840761307, 62.16752993695162], [10.747702187085782, 62.167547595755714], [10.748263947697703, 62.167654768680244], [10.748800542363918, 62.16794097247362], [10.749337147156925, 62.16822717426455], [10.749873762076977, 62.168513374052885], [10.750435548521931, 62.168620538370696], [10.751009917989048, 62.16863818363923], [10.751009917989048, 62.16863818363923]]}}, {"type": "Feature", "properties": {"rank": 203, "peak": "Tunnelhaugen (haug, 0.6 km)", "near": "Kj\u00f8rkbyen (grend, 0.3 km)", "band_length_m": 537, "drop": 214.61, "aspect": 191.57, "terrain": "trees", "approach_h": 0.07, "score": 502.0}, "geometry": {"type": "LineString", "coordinates": [[11.652642887226092, 63.44913813944927], [11.652674305645226, 63.44886935750416], [11.652705723401601, 63.44860057554022], [11.652737140495235, 63.448331793557514], [11.652768556926155, 63.448063011555995], [11.652799972694373, 63.447794229535695], [11.652831387799914, 63.44752544749658], [11.652862802242794, 63.44725666543868], [11.652894216023038, 63.44698788336197], [11.65292562914066, 63.44671910126647], [11.652957041595684, 63.44645031915218], [11.652788306024904, 63.44617684986696], [11.652819719024587, 63.44590806776982], [11.652851131361688, 63.445639285653876], [11.652282118216055, 63.44535644087693], [11.65171311628855, 63.445073593891905], [11.65171311628855, 63.445073593891905]]}}, {"type": "Feature", "properties": {"rank": 204, "peak": "Svarthaugen (haug, 0.6 km)", "near": "Gardsbakken (li, 0.6 km)", "band_length_m": 626, "drop": 304.66, "aspect": 358.72, "terrain": "mixed", "approach_h": 0.25, "score": 501.0}, "geometry": {"type": "LineString", "coordinates": [[8.734138853407837, 62.896322163421125], [8.733533087413075, 62.89638521930844], [8.732946435907277, 62.89635905491705], [8.732359785584052, 62.896332888092104], [8.731715774605123, 62.89657437114246], [8.731071753060897, 62.89681585111939], [8.730427720951234, 62.897057328022804], [8.730174789292882, 62.89731625396283], [8.730117410396055, 62.897583905412624], [8.73006003031602, 62.89785155682276], [8.73000264905274, 62.89811920819321], [8.729945266606181, 62.898386859523974], [8.729887882976309, 62.89865451081507], [8.729830498163096, 62.898922162066455], [8.729968680199757, 62.89919853962819], [8.730302434764429, 62.89948364298911], [8.730636195716714, 62.899768745628954], [8.730969963056811, 62.900053847547646], [8.731499313046688, 62.9003476730615], [8.731833095187334, 62.900632773096994], [8.731971303405903, 62.900909148976545], [8.732305096299182, 62.901194248010334], [8.73244331135332, 62.90147062349944], [8.732777114999855, 62.901755721531515], [8.733110925035515, 62.902040818842245], [8.733268272095902, 62.90222797603929]]}}, {"type": "Feature", "properties": {"rank": 205, "peak": "Svart\u00e5svola (haug, 1.8 km)", "near": "Sj\u00f8lia (li, 0.2 km)", "band_length_m": 596, "drop": 235.86, "aspect": 277.84, "terrain": "trees", "approach_h": 0.19, "score": 501.0}, "geometry": {"type": "LineString", "coordinates": [[10.54582925278346, 62.27430823550724], [10.54525302887159, 62.27428972219852], [10.544676805765102, 62.27427120650285], [10.544100583464092, 62.27425268842028], [10.543524361968664, 62.274234167950745], [10.542948141278925, 62.27421564509431], [10.542371921394967, 62.27419711985096], [10.5417957023169, 62.27417859222068], [10.541219484044824, 62.274160062203514], [10.540643266578842, 62.27414152979945], [10.540067049919056, 62.27412299500849], [10.539490834065566, 62.27410445783066], [10.538914619018477, 62.27408591826592], [10.538338404777889, 62.274067376314335], [10.537762191343907, 62.27404883197589], [10.53718597871663, 62.27403028525058], [10.536609766896163, 62.27401173613842], [10.536033555882605, 62.2739931846394], [10.535457345676065, 62.27397463075356], [10.534881136276638, 62.27395607448088], [10.534881136276638, 62.27395607448088]]}}, {"type": "Feature", "properties": {"rank": 206, "peak": "Storgaulstadh\u00f8gda (haug, 0.6 km)", "near": "Litlfjordhalla (li, 0.2 km)", "band_length_m": 523, "drop": 240.43, "aspect": 337.33, "terrain": "trees", "approach_h": 0.05, "score": 498.0}, "geometry": {"type": "LineString", "coordinates": [[12.132392581392569, 63.98999515859086], [12.131752651477472, 63.990251936452616], [12.131112709828072, 63.99050871142924], [12.130472756444155, 63.990765483520654], [12.129832791325507, 63.99102225272672], [12.129396942340133, 63.99128305829037], [12.129369344783923, 63.991551941367206], [12.12893348314021, 63.991812745463044], [12.12890588048527, 63.99208162841098], [12.128878277236817, 63.99235051134237], [12.128850673394837, 63.99261939425726], [12.128823068959306, 63.99288827715559], [12.128591322501839, 63.99315311988536], [12.128359571604408, 63.993417962215865], [12.128127816266874, 63.99368280414718], [12.127691909455987, 63.99394360423592], [12.127255994490117, 63.99420440296892], [12.126820071369057, 63.9944652003461], [12.126810862702321, 63.99455482779834]]}}, {"type": "Feature", "properties": {"rank": 207, "peak": "Bonterhaugen (haug, 0.3 km)", "near": "\u00d8ralia (li, 0.2 km)", "band_length_m": 546, "drop": 219.85, "aspect": 12.1, "terrain": "trees", "approach_h": 0.1, "score": 496.0}, "geometry": {"type": "LineString", "coordinates": [[8.6539109111282, 62.96487413925309], [8.654048647809514, 62.9651505854298], [8.65359844248391, 62.965400521110276], [8.653540195266272, 62.96566813041018], [8.653481946844991, 62.965935739669604], [8.653423697220042, 62.96620334888853], [8.653365446391371, 62.96647095806701], [8.653699174901535, 62.96675624208291], [8.654032909820415, 62.96704152537987], [8.653974662458054, 62.967309134842985], [8.654308406121062, 62.96759441758354], [8.654642156193297, 62.96787969960511], [8.654975912674958, 62.9681649809077], [8.655113673273757, 62.968441426290134], [8.655251436341908, 62.96871787156398], [8.655193195913979, 62.96898548159625], [8.655330962017633, 62.9692619268225], [8.655488143823163, 62.969449168559805]]}}, {"type": "Feature", "properties": {"rank": 208, "peak": "R\u00f8dhaugen (haug, 2.3 km)", "near": "Hattlia (li, 0.6 km)", "band_length_m": 521, "drop": 285.93, "aspect": 210.3, "terrain": "trees", "approach_h": 0.05, "score": 496.0}, "geometry": {"type": "LineString", "coordinates": [[11.417533528363073, 63.1121463227483], [11.416973278248093, 63.11186258815465], [11.416413039052165, 63.111578851408254], [11.416248391971337, 63.1113051202789], [11.416281536732503, 63.111036392658974], [11.416314680802564, 63.11076766501902], [11.416347824181537, 63.1104989373591], [11.415985400230573, 63.110220202372865], [11.415820764481937, 63.109946470780216], [11.415656131758082, 63.109672739007856], [11.415095947105236, 63.10938899734153], [11.414535773369257, 63.109105253522856], [11.41397561054988, 63.10882150755194], [11.413811001301331, 63.10854777375528], [11.413448625607357, 63.10826903253596], [11.413284024302989, 63.107995298162486], [11.412921660422002, 63.107716555655685], [11.412559303433707, 63.10743781225863], [11.412592476724178, 63.10716908557554], [11.41203236981627, 63.10688533222682], [11.411472273822957, 63.10660157672629], [11.410912188743984, 63.106317819074036], [11.410725496143018, 63.10622323271183]]}}, {"type": "Feature", "properties": {"rank": 209, "peak": null, "near": "Brattfonne (li, 2.8 km)", "band_length_m": 920, "drop": 454.57, "aspect": 205.95, "terrain": "mixed", "approach_h": 0.86, "score": 495.0}, "geometry": {"type": "LineString", "coordinates": [[8.610367384049853, 62.20369341179043], [8.610042128976666, 62.20340812139749], [8.609525871291941, 62.20311399235066], [8.609009623619317, 62.20281986150012], [8.608684390509053, 62.202534568183566], [8.608550166192162, 62.20225811367635], [8.608415944195114, 62.2019816590659], [8.608090725354423, 62.20169636452644], [8.608147507160242, 62.201428749535374], [8.607822296550093, 62.20114345446405], [8.607306098455494, 62.20084931786312], [8.606789910371106, 62.200555179458895], [8.606273732296678, 62.20026103925135], [8.605757564231938, 62.199966897240685], [8.605432391499564, 62.199681597014866], [8.604916241403634, 62.19938745208532], [8.604400101316635, 62.199093305352775], [8.603883971238298, 62.198799156817344], [8.603558828419521, 62.19851385255379], [8.603042716308034, 62.19821970109994], [8.602526614204438, 62.197925547843404], [8.60201052210848, 62.19763139278421], [8.601494440019897, 62.19733723592247], [8.601360302326066, 62.19706077549263], [8.601226166949846, 62.1967843149598], [8.600901070223772, 62.19649900501273], [8.600385017914476, 62.19620484437693], [8.600059935179779, 62.19591953262422], [8.59973485847936, 62.195634220181184], [8.599600743664434, 62.19535775832057], [8.599466631166493, 62.195081296356975], [8.599523473374507, 62.19481368562595], [8.599007462654292, 62.19451952036058], [8.599007462654292, 62.19451952036058]]}}, {"type": "Feature", "properties": {"rank": 210, "peak": "S\u00f8lih\u00f8gda (haug, 0.5 km)", "near": "Steinkeila (li, 1.5 km)", "band_length_m": 644, "drop": 281.26, "aspect": 33.4, "terrain": "trees", "approach_h": 0.3, "score": 495.0}, "geometry": {"type": "LineString", "coordinates": [[8.680739480899584, 62.73125445404506], [8.681265382460943, 62.73154842976464], [8.681791294450386, 62.73184240363], [8.682317216868178, 62.73213637564114], [8.682843149714612, 62.73243034579793], [8.683369092989958, 62.732724314100295], [8.683700595729157, 62.73300950321019], [8.683643199229415, 62.733277136999284], [8.683780255994476, 62.7335535482869], [8.684306228204258, 62.73384751340171], [8.68483221084421, 62.73414147666185], [8.685358203914603, 62.73443543806723], [8.68588420741572, 62.7347293976178], [8.686410221347836, 62.73502335531346], [8.686547311389171, 62.73529976427083], [8.687073341922448, 62.735593719666966], [8.687210440565003, 62.73587012807173], [8.687210440565003, 62.73587012807173]]}}, {"type": "Feature", "properties": {"rank": 211, "peak": "Vettahaugen (haug, 1.2 km)", "near": "Vettalia (li, 0.7 km)", "band_length_m": 648, "drop": 285.08, "aspect": 41.5, "terrain": "trees", "approach_h": 0.31, "score": 495.0}, "geometry": {"type": "LineString", "coordinates": [[8.47098807711988, 62.71909901881894], [8.4715116317853, 62.71939375246687], [8.472035196851714, 62.71968848428169], [8.472558772319397, 62.719983214263294], [8.473082358188636, 62.720277942411656], [8.473605954459703, 62.720572668726625], [8.474129561132875, 62.72086739320823], [8.474653178208438, 62.7211621158563], [8.475176805686665, 62.721456836670825], [8.475700443567835, 62.7217515556517], [8.47583549285504, 62.7220281448888], [8.476359147265699, 62.72232286160362], [8.476882812080092, 62.722617576484616], [8.477445978307708, 62.722733939010666], [8.478028892785524, 62.72276112396005], [8.478572324404114, 62.72296665743152], [8.479096022858874, 62.72326136443985], [8.479096022858874, 62.72326136443985]]}}, {"type": "Feature", "properties": {"rank": 212, "peak": "Oshaugen (haug, 1.5 km)", "near": "Kvitbekken (bekk, 0.2 km)", "band_length_m": 683, "drop": 278.83, "aspect": 187.99, "terrain": "open", "approach_h": 0.38, "score": 495.0}, "geometry": {"type": "LineString", "coordinates": [[9.209658635640492, 62.514395242919065], [9.209903991474567, 62.51413537325475], [9.209956132750717, 62.513867470149606], [9.210008272964147, 62.513599567009415], [9.210060412114897, 62.51333166383414], [9.209919345288457, 62.51305572767466], [9.20977828094952, 62.51277979139621], [9.209830420344371, 62.512511888298384], [9.209882558676597, 62.51224398516547], [9.209934695946215, 62.511976081997496], [9.209986832153264, 62.511708178794464], [9.210038967297773, 62.51144027555636], [9.210091101379776, 62.5111723722832], [9.210143234399297, 62.51090446897497], [9.210195366356375, 62.510636565631636], [9.210247497251034, 62.510368662253285], [9.210299627083309, 62.510100758839855], [9.21035175585323, 62.509832855391366], [9.210017518933252, 62.50954888705101], [9.209876468588535, 62.50927295097816], [9.20973542073059, 62.5089970147863], [9.20973542073059, 62.5089970147863]]}}, {"type": "Feature", "properties": {"rank": 213, "peak": null, "near": "Blomlia (li, 0.2 km)", "band_length_m": 525, "drop": 239.94, "aspect": 324.17, "terrain": "trees", "approach_h": 0.06, "score": 495.0}, "geometry": {"type": "LineString", "coordinates": [[9.350838970991617, 63.072138676110384], [9.350786861737555, 63.072406623817294], [9.350734751401479, 63.07267457148993], [9.350091772982749, 63.07291888607866], [9.349645740783963, 63.07317107649606], [9.349396659463094, 63.07343114465379], [9.349344534038963, 63.073699091644045], [9.348718898593082, 63.073854083985175], [9.348110635904739, 63.07391975802606], [9.347484989349168, 63.0740747447904], [9.346876719498775, 63.07414041344766], [9.34626844702431, 63.07420607946042], [9.345660171925882, 63.07427174282862], [9.345034505185659, 63.074426718537445], [9.344426222925907, 63.074492376521796], [9.343783151990626, 63.07473666144135], [9.343337037413, 63.07498883108195], [9.343284852761874, 63.075256775206746], [9.3434296378522, 63.0755326069659], [9.3433774528272, 63.07580055111287], [9.343325266718514, 63.07606849522548], [9.34329047537732, 63.07624712461478]]}}, {"type": "Feature", "properties": {"rank": 214, "peak": "Trollhaugen (haug, 1.1 km)", "near": "Kvitskriu (li, 0.6 km)", "band_length_m": 593, "drop": 278.29, "aspect": 50.45, "terrain": "trees", "approach_h": 0.2, "score": 494.0}, "geometry": {"type": "LineString", "coordinates": [[8.6070437804291, 62.15390495576636], [8.607559200795514, 62.15419908385452], [8.608074631137073, 62.154493210143144], [8.608627848257038, 62.154608923253264], [8.609143295984703, 62.15490304577028], [8.609658753688173, 62.15519716648754], [8.61017422136772, 62.155491285404935], [8.61068969902359, 62.15578540252241], [8.611205186656056, 62.15607951783988], [8.611720684265372, 62.15637363135732], [8.61223619185181, 62.15666774307457], [8.61275170941562, 62.15696185299162], [8.613267236957073, 62.15725596110838], [8.613782774476421, 62.1575500674248], [8.614298321973934, 62.1578441719408], [8.614813879449866, 62.15813827465628], [8.615329446904486, 62.15843237557119], [8.615845024338046, 62.15872647468546], [8.616360611750817, 62.159020571999], [8.616360611750817, 62.159020571999]]}}, {"type": "Feature", "properties": {"rank": 215, "peak": "Gravh\u00f8a (haug, 2.1 km)", "near": "\u00c5motsdalslia (li, 0.7 km)", "band_length_m": 608, "drop": 269.43, "aspect": 167.12, "terrain": "trees", "approach_h": 0.23, "score": 494.0}, "geometry": {"type": "LineString", "coordinates": [[9.49941242367495, 62.47663894460881], [9.499461887074732, 62.476370906170466], [9.499511349467095, 62.476102867699474], [9.499753871688009, 62.475842459026715], [9.499996389584217, 62.475582049881474], [9.500045845525293, 62.475314011139155], [9.50009530045914, 62.47504597236417], [9.50014475438578, 62.47477793355655], [9.500194207305245, 62.47450989471628], [9.500243659217565, 62.47424185584337], [9.50029311012277, 62.4739738169378], [9.500342560020885, 62.47370577799962], [9.500392008911945, 62.473437739028775], [9.500441456795972, 62.47316970002531], [9.50068394587363, 62.472909289333565], [9.500733390029424, 62.472641250178135], [9.500782833178315, 62.47237321099005], [9.500832275320322, 62.472105171769336], [9.500881716455483, 62.47183713251599], [9.500931156583823, 62.47156909322999], [9.500931156583823, 62.47156909322999]]}}, {"type": "Feature", "properties": {"rank": 216, "peak": "S\u00f8lih\u00f8gda (haug, 2.4 km)", "near": "Fagerglenna (li, 1.9 km)", "band_length_m": 532, "drop": 232.59, "aspect": 248.28, "terrain": "trees", "approach_h": 0.08, "score": 493.0}, "geometry": {"type": "LineString", "coordinates": [[8.726880802187777, 62.73675329533551], [8.726548836200799, 62.73646820306365], [8.726022388891453, 62.73617439107103], [8.725495952017528, 62.735880577219525], [8.724969525578743, 62.73558676150928], [8.724443109574823, 62.73529294394031], [8.723878679216414, 62.73517756081474], [8.723295239177459, 62.735151393516546], [8.72271180030849, 62.73512522380168], [8.722128362609611, 62.73509905167018], [8.72154492608093, 62.73507287712203], [8.72096149072255, 62.73504670015725], [8.720378056534576, 62.735020520775876], [8.719794623517112, 62.73499433897786], [8.719211191670261, 62.73496815476329], [8.718627760994131, 62.73494196813209], [8.718627760994131, 62.73494196813209]]}}, {"type": "Feature", "properties": {"rank": 217, "peak": null, "near": "Einarslettin (li, 0.4 km)", "band_length_m": 582, "drop": 222.87, "aspect": 200.0, "terrain": "trees", "approach_h": 0.18, "score": 493.0}, "geometry": {"type": "LineString", "coordinates": [[8.599733257280588, 62.76792956620155], [8.59920755824196, 62.76763528725098], [8.599265804482176, 62.76736769873833], [8.598934762991444, 62.76708231579877], [8.598603727802951, 62.76679693215023], [8.598272698916508, 62.766511547792696], [8.598136313511338, 62.76623506136095], [8.597999930526287, 62.765958574823074], [8.597863549961282, 62.76568208817906], [8.59772717181625, 62.765405601428924], [8.597396166408817, 62.76512021526983], [8.597259794977672, 62.76484372814042], [8.597123425966215, 62.764567240904924], [8.59718168343423, 62.76429965336717], [8.597239939706501, 62.76403206578862], [8.59710357420561, 62.7637555785688], [8.59710357420561, 62.7637555785688]]}}, {"type": "Feature", "properties": {"rank": 218, "peak": "Brannhaugen (haug, 0.4 km)", "near": "Rogndalen (li, 0.9 km)", "band_length_m": 537, "drop": 289.68, "aspect": 275.44, "terrain": "trees", "approach_h": 0.09, "score": 493.0}, "geometry": {"type": "LineString", "coordinates": [[9.799511365412535, 62.943429474937474], [9.798922673264828, 62.94340773865982], [9.79833398210452, 62.943385999932694], [9.797745291931719, 62.94336425875607], [9.797156602746533, 62.94334251512998], [9.796567914549076, 62.943320769054424], [9.795979227339453, 62.943299020529395], [9.795390541117776, 62.94327726955492], [9.794801855884145, 62.94325551613101], [9.794197250071276, 62.94332314351512], [9.79359264157568, 62.94339076827957], [9.792972104939388, 62.94354777350474], [9.79238341653672, 62.94352600994936], [9.791794729122692, 62.94350424394454], [9.791190111787682, 62.94357185831693], [9.790585491770468, 62.94363947006955], [9.789996803761836, 62.94361769654948], [9.789408116742294, 62.94359592057998], [9.78881943071195, 62.943574142161076], [9.788230745670916, 62.943552361292745], [9.787594235850504, 62.94379872492138], [9.787153946485137, 62.94405234793037], [9.786517416748238, 62.94429870649645], [9.78596061408231, 62.944098151754034], [9.785371921195559, 62.94407635887033], [9.784783229298798, 62.94405456353721], [9.78419453839214, 62.94403276575465], [9.783998308309963, 62.944025499282816]]}}, {"type": "Feature", "properties": {"rank": 219, "peak": "Svarthaugen (haug, 2.0 km)", "near": "Skardalslia (li, 0.7 km)", "band_length_m": 668, "drop": 297.01, "aspect": 45.69, "terrain": "trees", "approach_h": 0.36, "score": 491.0}, "geometry": {"type": "LineString", "coordinates": [[9.556861171491615, 62.56349057095858], [9.557392988083896, 62.563781300723754], [9.557924815037197, 62.564072028565306], [9.558456652351794, 62.56436275448315], [9.558988500027937, 62.56465347847723], [9.559520358065907, 62.56494420054743], [9.560052226465963, 62.56523492069373], [9.560584105228374, 62.56552563891602], [9.561115994353408, 62.56581635521423], [9.561664257998503, 62.56601771530166], [9.562196166456651, 62.56630842767622], [9.56272808527815, 62.566599138126506], [9.563292734085442, 62.56671113761686], [9.563824670848204, 62.567001844067825], [9.564372974832663, 62.567203193920705], [9.564711255150737, 62.56748635054272], [9.56485586420299, 62.56776196068307], [9.564806796473079, 62.56803002488662], [9.565145089999112, 62.56831318058016], [9.565145089999112, 62.56831318058016]]}}, {"type": "Feature", "properties": {"rank": 220, "peak": null, "near": "Vammerlia (li, 0.2 km)", "band_length_m": 603, "drop": 259.59, "aspect": 117.94, "terrain": "trees", "approach_h": 0.23, "score": 490.0}, "geometry": {"type": "LineString", "coordinates": [[9.553507190118713, 62.484975732214394], [9.554086602373891, 62.48499839894438], [9.554666015627248, 62.48502106327474], [9.555245429878683, 62.48504372520546], [9.55582484512809, 62.48506638473656], [9.556436908192008, 62.48491033276381], [9.557065286248113, 62.48466492338326], [9.557693654005412, 62.48441951105591], [9.558322011464059, 62.48417409578182], [9.558950358624202, 62.4839286775611], [9.55957869548599, 62.4836832563938], [9.56020702204957, 62.483437832280075], [9.560835338315092, 62.48319240521994], [9.561463644282702, 62.48294697521354], [9.56205933001394, 62.48288025310253], [9.562671316396104, 62.48272417290863], [9.563283296466741, 62.482568089958015], [9.563332199582414, 62.48230002313289], [9.563364801106022, 62.482121311898304]]}}, {"type": "Feature", "properties": {"rank": 221, "peak": "Gr\u00e5haugen (haug, 3.0 km)", "near": "\u00c5ngardslia (li, 0.2 km)", "band_length_m": 524, "drop": 209.88, "aspect": 195.09, "terrain": "trees", "approach_h": 0.07, "score": 490.0}, "geometry": {"type": "LineString", "coordinates": [[9.202794498873292, 62.674443006934695], [9.202847062221494, 62.67417511337827], [9.202899624492792, 62.67390721978659], [9.202757937590585, 62.673631271800204], [9.202810499445253, 62.67336337822993], [9.20286306022307, 62.673095484624405], [9.202915619924077, 62.67282759098362], [9.202968178548298, 62.672559697307584], [9.203020736095768, 62.67229180359631], [9.203073292566517, 62.67202390984977], [9.202737376443924, 62.671739907830826], [9.202595700392953, 62.671463959768424], [9.202259794992527, 62.67117995671227], [9.202118125830914, 62.670904008233926], [9.202170687338873, 62.6706361148626], [9.201993980027906, 62.67053876186817]]}}, {"type": "Feature", "properties": {"rank": 222, "peak": "Medbotnskaret (haug, 1.1 km)", "near": "Skavlia (li, 0.6 km)", "band_length_m": 729, "drop": 310.75, "aspect": 262.87, "terrain": "trees", "approach_h": 0.49, "score": 489.0}, "geometry": {"type": "LineString", "coordinates": [[8.795232745771715, 62.89588081285661], [8.794664964238402, 62.89576567701683], [8.794078256686849, 62.8957397669956], [8.79349155030646, 62.8957138545402], [8.792923779202978, 62.89559871178978], [8.792393883747499, 62.895305111253755], [8.791845062013477, 62.89510073652776], [8.79127730949724, 62.89498558734069], [8.790690621304861, 62.89495966340832], [8.790122876286198, 62.89484450964609], [8.789536192198815, 62.89481858094475], [8.788968454677995, 62.89470342260748], [8.788381774695981, 62.89467748913725], [8.787776146968659, 62.89474078023669], [8.78718946756962, 62.894714841799335], [8.78660278934294, 62.89468890092801], [8.786016112288713, 62.89466295762271], [8.785467348202575, 62.89445855866516], [8.784861719422317, 62.89452183720244], [8.784256088161863, 62.894585113103076], [8.783669415798542, 62.894559160061995], [8.783063781469671, 62.8946224307928], [8.782477109691138, 62.89459647278463], [8.78190940574696, 62.894481286335214], [8.781322738076248, 62.894455323558475], [8.780931626947666, 62.89443801368849]]}}, {"type": "Feature", "properties": {"rank": 223, "peak": "Sjongsnobben (haug, 1.1 km)", "near": "Sjong (grend, 2.8 km)", "band_length_m": 980, "drop": 374.05, "aspect": 27.47, "terrain": "open", "approach_h": 1.01, "score": 488.0}, "geometry": {"type": "LineString", "coordinates": [[8.821393823639045, 62.197892427485186], [8.821338936932749, 62.19816015237403], [8.821666162915323, 62.198444968743566], [8.822184453965493, 62.19873832934674], [8.822702755041043, 62.19903168812654], [8.823221066142233, 62.19932504508293], [8.82373938726932, 62.199618400215826], [8.82425771842258, 62.19991175352511], [8.824794346735825, 62.200115862832305], [8.825330982348026, 62.200319970144356], [8.825849340976378, 62.20061331781533], [8.826367709631802, 62.20090666366246], [8.82688608831457, 62.20120000768564], [8.827404477024928, 62.201493349884856], [8.827540715239842, 62.20176961546511], [8.827676955814496, 62.20204588093719], [8.827813198748974, 62.20232214630103], [8.82814052962638, 62.202606948586286], [8.828276779075066, 62.202883213567276], [8.82841303088383, 62.20315947844005], [8.828358194086583, 62.20342720667407], [8.82849444882128, 62.20370347149672], [8.828630705916245, 62.20397973621112], [8.82895806172118, 62.204264536848584], [8.829285423598519, 62.204549336782314], [8.829612791548431, 62.20483413601234], [8.830131267795952, 62.20512746902008], [8.830649754074285, 62.205420800203186], [8.83078603789535, 62.20569706310296], [8.83111343205495, 62.20598185908863], [8.83111343205495, 62.20598185908863]]}}, {"type": "Feature", "properties": {"rank": 224, "peak": "Trollhaugen (haug, 1.6 km)", "near": "Skr\u00e5kkskriu (li, 0.4 km)", "band_length_m": 684, "drop": 284.31, "aspect": 18.1, "terrain": "trees", "approach_h": 0.41, "score": 485.0}, "geometry": {"type": "LineString", "coordinates": [[8.597210756308886, 62.15759267399317], [8.597153982962029, 62.157860284958055], [8.597097208472483, 62.15812789588275], [8.597040432840219, 62.1583955067673], [8.596983656065206, 62.15866311761165], [8.596926878147405, 62.15893072841585], [8.596870099086786, 62.15919833917987], [8.596813318883319, 62.1594659499037], [8.596756537536963, 62.159733560587384], [8.5966997550477, 62.16000117123088], [8.596642971415479, 62.16026878183421], [8.596586186640282, 62.16053639239734], [8.596910874955704, 62.16082170759258], [8.59742630851353, 62.16111587361799], [8.597941752050899, 62.16141003784423], [8.598266462255028, 62.16169535012402], [8.598781923707982, 62.16198951143771], [8.59929739514125, 62.162283670952], [8.599641048308168, 62.162479776295186]]}}, {"type": "Feature", "properties": {"rank": 225, "peak": "Sk\u00e5pkollen (haug, 0.6 km)", "near": "Skugglia (li, 0.3 km)", "band_length_m": 629, "drop": 275.15, "aspect": 325.46, "terrain": "open", "approach_h": 0.3, "score": 484.0}, "geometry": {"type": "LineString", "coordinates": [[9.578713531641064, 62.72785461490017], [9.578080059433617, 62.7281000654675], [9.577446576732793, 62.7283455130605], [9.576813083538433, 62.72859095767911], [9.576179579850391, 62.72883639932323], [9.575546065668505, 62.72908183799276], [9.57491254099263, 62.72932727368761], [9.574668484867008, 62.72958779316871], [9.574229683127912, 62.7298407685741], [9.573596131203281, 62.730086198028296], [9.57296256878399, 62.730331624507514], [9.572328995869878, 62.73057704801169], [9.571890159321322, 62.730830015720734], [9.57145131521293, 62.731082981974495], [9.571207213565616, 62.731343494933974], [9.570963107518743, 62.73160400741909], [9.570329490596123, 62.731849421415], [9.569695863177651, 62.732094832435436], [9.569695863177651, 62.732094832435436]]}}, {"type": "Feature", "properties": {"rank": 226, "peak": "Furuhaugen (haug, 0.1 km)", "near": "Fossemslia (li, 0.9 km)", "band_length_m": 517, "drop": 204.25, "aspect": 117.67, "terrain": "trees", "approach_h": 0.07, "score": 483.0}, "geometry": {"type": "LineString", "coordinates": [[9.583835229456671, 62.53214400188212], [9.584415586976176, 62.532166552268556], [9.584995945491887, 62.53218910025025], [9.585576305003693, 62.53221164582722], [9.5861566655115, 62.53223418899942], [9.586769557719423, 62.53207801288389], [9.587349916772855, 62.53210055107555], [9.58793027682195, 62.53212308686248], [9.588510637866605, 62.53214562024463], [9.589123516384232, 62.53198943364093], [9.589720132323455, 62.53192260316128], [9.590300491185033, 62.53194512907271], [9.590880851041732, 62.531967652579375], [9.591509964772289, 62.531722096246924], [9.591945617551376, 62.53146903117087], [9.592381262885839, 62.531215964652425], [9.592430005888374, 62.530947886780545], [9.592672193561823, 62.53068731388043], [9.5929143769054, 62.53042674051035], [9.592946868064542, 62.530248021754886]]}}, {"type": "Feature", "properties": {"rank": 227, "peak": "Skardnebba (fjell, 2.4 km)", "near": "Slangli\u00f8yan (li, 0.4 km)", "band_length_m": 650, "drop": 260.4, "aspect": 63.17, "terrain": "open", "approach_h": 0.35, "score": 481.0}, "geometry": {"type": "LineString", "coordinates": [[8.897872302925474, 62.72828239199858], [8.89840035892758, 62.72857557586177], [8.89894690458983, 62.7287795100506], [8.899474980116928, 62.7290726900801], [8.900003066087635, 62.72936586823475], [8.900568112387703, 62.72948054839731], [8.901151636318632, 62.72950597817382], [8.901735161386423, 62.72953140553227], [8.902318687590967, 62.72955683047267], [8.902846810802957, 62.729849998326195], [8.903374944459442, 62.730143164304465], [8.9039030885607, 62.73043632840741], [8.904431243107, 62.73072949063496], [8.904959408098623, 62.73102265098705], [8.90550604489489, 62.73122656060342], [8.906034229415722, 62.73151971712019], [8.906386358232963, 62.731715153756035]]}}, {"type": "Feature", "properties": {"rank": 228, "peak": null, "near": "B\u00e5rdsgardslia (li, 0.7 km)", "band_length_m": 726, "drop": 357.68, "aspect": 44.94, "terrain": "open", "approach_h": 0.51, "score": 481.0}, "geometry": {"type": "LineString", "coordinates": [[9.122430987791677, 62.66100385853152], [9.122960146105534, 62.661296207597815], [9.123489314826173, 62.661588554773594], [9.12401849395387, 62.66188090005886], [9.124547683488897, 62.66217324345351], [9.125076883431523, 62.66246558495745], [9.125606093782029, 62.66275792457061], [9.126135314540678, 62.66305026229295], [9.126664545707749, 62.66334259812433], [9.127193787283513, 62.66363493206472], [9.127723039268238, 62.66392726411405], [9.128252301662206, 62.664219594272204], [9.12878157446568, 62.664511922539155], [9.129310857678941, 62.664804248914784], [9.129840151302252, 62.665096573399055], [9.130369455335897, 62.66538889599186], [9.130898769780138, 62.66568121669315], [9.131428094635256, 62.66597353550283], [9.131763254688186, 62.66625770029994], [9.132292598267538, 62.66655001603785], [9.13282195225856, 62.66684232988393], [9.133351316661521, 62.66713464183812], [9.133351316661521, 62.66713464183812]]}}, {"type": "Feature", "properties": {"rank": 229, "peak": "Holhaugen (haug, 1.1 km)", "near": "Bekkalia (li, 0.4 km)", "band_length_m": 711, "drop": 284.99, "aspect": 21.82, "terrain": "mixed", "approach_h": 0.48, "score": 480.0}, "geometry": {"type": "LineString", "coordinates": [[9.2637335061574, 62.56425287868441], [9.26426240783702, 62.56454469123214], [9.264791319857329, 62.56483650188419], [9.265320242218603, 62.56512831064041], [9.265849174921106, 62.56542011750078], [9.266378117965116, 62.565711922465184], [9.266713503749969, 62.56599576735629], [9.266855326400524, 62.56627165350561], [9.266997151559323, 62.56654753953427], [9.267138979226456, 62.56682342544225], [9.267087234553914, 62.56709135349159], [9.267229065396704, 62.56736723933488], [9.267370898748029, 62.56764312505746], [9.267319154353453, 62.567911053184126], [9.267460990880727, 62.56818693884201], [9.267409246096893, 62.56845486699002], [9.267357500256425, 62.56872279510339], [9.267499340627205, 62.568998680752536], [9.267447594397465, 62.56926660888725], [9.267783028895526, 62.56955045168869], [9.267924876793229, 62.56982633697571], [9.268066727200058, 62.57010222214201], [9.268066727200058, 62.57010222214201]]}}, {"type": "Feature", "properties": {"rank": 230, "peak": null, "near": "R\u00f8nningen (li, 1.2 km)", "band_length_m": 523, "drop": 226.36, "aspect": 159.59, "terrain": "trees", "approach_h": 0.09, "score": 480.0}, "geometry": {"type": "LineString", "coordinates": [[10.438665892432837, 63.0284187186537], [10.439298874235076, 63.0281693967559], [10.439931845241697, 63.027920071927724], [10.440367820562162, 63.0276643853874], [10.440409821921204, 63.02739598028941], [10.440648803700327, 63.02713393380055], [10.440690801515704, 63.02686552857728], [10.440732798458885, 63.026597123328045], [10.440971770521921, 63.02633507619413], [10.441407712598496, 63.02607938613412], [10.44144970152831, 63.025810980587025], [10.441491689586138, 63.02554257501396], [10.44153367677201, 63.02527416941497], [10.441575663085958, 63.025005763790034], [10.441617648527991, 63.02473735813917], [10.44165963309815, 63.02446895246235], [10.441898578688049, 63.02420690349279], [10.442137519905534, 63.02394485407687], [10.442165505573922, 63.02376591681223]]}}, {"type": "Feature", "properties": {"rank": 231, "peak": "Vinndalshaugan (haug, 1.8 km)", "near": "Gjerdelia (li, 0.4 km)", "band_length_m": 719, "drop": 294.46, "aspect": 74.44, "terrain": "mixed", "approach_h": 0.5, "score": 479.0}, "geometry": {"type": "LineString", "coordinates": [[9.27535633112238, 62.618291031387464], [9.275886285566768, 62.61858281054326], [9.276416250395412, 62.618874587797585], [9.276946225608585, 62.6191663631504], [9.277476211206553, 62.61945813660162], [9.27800620718959, 62.61974990815118], [9.278536213557961, 62.620041677798994], [9.279066230311942, 62.620333445544965], [9.279596257451797, 62.62062521138908], [9.28017804104362, 62.62064904323932], [9.280759825693897, 62.620672872678746], [9.281341611402528, 62.620696699707366], [9.281923398169406, 62.62072052432516], [9.28250518599443, 62.620744346532135], [9.283086974877493, 62.62076816632827], [9.283668764818488, 62.62079198371357], [9.284250555817314, 62.62081579868803], [9.28483234787387, 62.62083961125161], [9.285414140988042, 62.62086342140434], [9.285995935159736, 62.62088722914617], [9.286383798528323, 62.620903099634695]]}}, {"type": "Feature", "properties": {"rank": 232, "peak": "Fluren (haug, 0.9 km)", "near": "Morkalia (li, 0.3 km)", "band_length_m": 598, "drop": 287.85, "aspect": 3.36, "terrain": "trees", "approach_h": 0.25, "score": 478.0}, "geometry": {"type": "LineString", "coordinates": [[9.468395070007396, 62.57666008154568], [9.468345115173678, 62.576928102072834], [9.46829515931924, 62.57719612256703], [9.468245202444058, 62.577464143028244], [9.468195244548102, 62.577732163456496], [9.46814528563134, 62.57800018385175], [9.46809532569374, 62.57826820421406], [9.468045364735278, 62.57853622454337], [9.467995402755921, 62.57880424483972], [9.46794543975564, 62.57907226510309], [9.467895475734405, 62.57934028533349], [9.46784551069219, 62.57960830553089], [9.46779554462896, 62.57987632569532], [9.467745577544685, 62.58014434582678], [9.46769560943934, 62.58041236592526], [9.467645640312893, 62.58068038599073], [9.467595670165313, 62.58094840602326], [9.467545698996574, 62.58121642602278], [9.467495726806638, 62.58148444598934], [9.468026964981547, 62.58177550962932], [9.467976995933663, 62.58204352979245], [9.467927025864606, 62.582311549922586], [9.467877054774346, 62.58257957001973], [9.467827082662847, 62.58284759008391], [9.467777109530083, 62.58311561011508], [9.467727135376025, 62.5833836301133], [9.46769381870592, 62.58356231009379]]}}, {"type": "Feature", "properties": {"rank": 233, "peak": "Snekkerhaugen (haug, 1.6 km)", "near": "Hevleslia (li, 0.5 km)", "band_length_m": 879, "drop": 416.34, "aspect": 309.23, "terrain": "trees", "approach_h": 0.84, "score": 478.0}, "geometry": {"type": "LineString", "coordinates": [[9.679745496702491, 62.5524842421977], [9.679116645279489, 62.55273019873338], [9.678487783495816, 62.552976152325314], [9.67785891135133, 62.55322210297339], [9.67723002884587, 62.55346805067752], [9.676794757856829, 62.55372138554471], [9.676553102910697, 62.55398210943257], [9.675924193521011, 62.55422805096474], [9.67529527376969, 62.55447398955266], [9.674666343656588, 62.55471992519628], [9.67403740318155, 62.55496585789548], [9.673408452344427, 62.555211787650165], [9.672779491145063, 62.555457714460275], [9.672150519583314, 62.55570363832569], [9.671521537659022, 62.55594955924636], [9.67089254537204, 62.556195477222175], [9.670311637418537, 62.55617328109788], [9.669682630569639, 62.5564191934679], [9.669053613357804, 62.556665102892836], [9.668424585782875, 62.55691100937263], [9.667827626867492, 62.5569781728776], [9.66724670655535, 62.556955963870145], [9.666633701294554, 62.55711249214691], [9.666020689671067, 62.55726901766436], [9.665391624663796, 62.55751491008068], [9.664762549293012, 62.55776079955138], [9.66434315995491, 62.55792472422871]]}}, {"type": "Feature", "properties": {"rank": 234, "peak": "Tj\u00f8rhjellhaugen (haug, 1.1 km)", "near": "Sk\u00e5lvollia (li, 0.4 km)", "band_length_m": 609, "drop": 260.66, "aspect": 226.37, "terrain": "trees", "approach_h": 0.28, "score": 476.0}, "geometry": {"type": "LineString", "coordinates": [[9.001992093564166, 62.50479349364348], [9.001430853991485, 62.50467926512102], [9.000851620269366, 62.50465430189659], [9.000308388052721, 62.504450801443035], [8.999747161686708, 62.504336566287584], [8.999167936401122, 62.504311596158914], [8.9985887122156, 62.504286623634265], [8.99806350900263, 62.50399384755578], [8.997538316062943, 62.50370106961205], [8.997013133396269, 62.50340828980312], [8.996487961002348, 62.503115508129035], [8.995962798880894, 62.50282272458994], [8.995437647031654, 62.502529939185855], [8.994912505454348, 62.50223715191689], [8.994966548441054, 62.50196935220362], [8.995020590327133, 62.50170155245347], [8.995074631112619, 62.501433752666394], [8.995110657691518, 62.50125521945453]]}}, {"type": "Feature", "properties": {"rank": 235, "peak": "Sandranden (haug, 1.8 km)", "near": "Aksla (li, 0.9 km)", "band_length_m": 641, "drop": 313.68, "aspect": 16.35, "terrain": "trees", "approach_h": 0.35, "score": 475.0}, "geometry": {"type": "LineString", "coordinates": [[8.646104616111037, 62.09914119989471], [8.6460484132738, 62.09940883867131], [8.645992209307353, 62.09967647740821], [8.645936004211661, 62.09994411610548], [8.646070172856723, 62.10022053445229], [8.646013967158762, 62.10048817316893], [8.645957760331491, 62.10075581184591], [8.646282312429474, 62.10104100967013], [8.64622610665633, 62.10130864846521], [8.646550666936115, 62.101593845757264], [8.646875233214422, 62.10187904235933], [8.647009418022602, 62.10215545998152], [8.647333994390959, 62.102440655627454], [8.647468185599912, 62.10271707287994], [8.647602379118357, 62.10299349002887], [8.647926969669047, 62.10327868445247], [8.648441962975031, 62.10357265487895], [8.648385770231025, 62.10384029469896], [8.648519976552677, 62.1041167111084], [8.64884458728685, 62.10440190361934], [8.648978800010761, 62.104678319658966], [8.648922609377477, 62.10494595971515], [8.649056824939263, 62.10522237571024], [8.649381452043418, 62.10550756715622], [8.649896496413815, 62.10580153278117], [8.650221137427524, 62.10608672242262], [8.650164954404747, 62.10635436307006], [8.650108770252903, 62.10662200367787], [8.650243003242316, 62.10689841872593], [8.650377238542456, 62.107174833670314], [8.650377238542456, 62.107174833670314]]}}, {"type": "Feature", "properties": {"rank": 236, "peak": "Gr\u00e5haugen (haug, 0.8 km)", "near": "Vikas\u00e6terlia (li, 0.4 km)", "band_length_m": 621, "drop": 282.59, "aspect": 10.51, "terrain": "trees", "approach_h": 0.31, "score": 474.0}, "geometry": {"type": "LineString", "coordinates": [[9.502732121933791, 62.57774720933311], [9.502682473935266, 62.57801524533071], [9.5026328249222, 62.57828328129564], [9.502583174894559, 62.578551317227884], [9.502533523852321, 62.57881935312741], [9.502483871795448, 62.579087388994246], [9.502434218723922, 62.579355424828364], [9.502384564637703, 62.579623460629826], [9.502334909536767, 62.579891496398545], [9.502285253421084, 62.5801595321346], [9.502235596290623, 62.58042756783792], [9.50257342122172, 62.58071086993072], [9.5025237655185, 62.5809789057426], [9.502861599241717, 62.58126220722113], [9.503199439315194, 62.58154550794415], [9.50314978748172, 62.581813544005755], [9.503100134633497, 62.58208158003466], [9.503050480770495, 62.582349616030896], [9.503000825892697, 62.58261765199444], [9.502951170000056, 62.58288568792527], [9.503095270808226, 62.58316135634495], [9.503626893624496, 62.5834522885168], [9.503626893624496, 62.5834522885168]]}}, {"type": "Feature", "properties": {"rank": 237, "peak": "Merkesvaet (haug, 0.6 km)", "near": "Storsvalia (li, 1.0 km)", "band_length_m": 894, "drop": 396.58, "aspect": 200.63, "terrain": "mixed", "approach_h": 0.9, "score": 471.0}, "geometry": {"type": "LineString", "coordinates": [[8.83498067991596, 62.80090584181175], [8.835036869171331, 62.80063813327785], [8.835093057271513, 62.800370424705356], [8.835149244216533, 62.80010271609424], [8.835205430006429, 62.799835007444514], [8.835261614641235, 62.79956729875619], [8.835317798120988, 62.799299590029214], [8.835373980445715, 62.79903188126365], [8.835430161615456, 62.79876417245947], [8.83548634163024, 62.79849646361668], [8.835542520490105, 62.79822875473527], [8.83559869819508, 62.797961045815256], [8.835654874745208, 62.79769333685663], [8.835711050140509, 62.797425627859404], [8.835767224381026, 62.797157918823565], [8.83582339746679, 62.79689020974912], [8.835489716001804, 62.796605356816045], [8.83535096551893, 62.79632907564454], [8.835407140386863, 62.796061366748496], [8.834878551091826, 62.79576794013816], [8.834739809898844, 62.795491658459916], [8.834795988297193, 62.795223949840334], [8.834657250168803, 62.79494766810973], [8.83412868790572, 62.794654238972065], [8.833581407204152, 62.79445004398079], [8.83303413413811, 62.794245846940676], [8.832505600620594, 62.79395241201028], [8.831958344317014, 62.79374821096225], [8.831392360752217, 62.793633243528], [8.83121619087438, 62.79353543013363]]}}, {"type": "Feature", "properties": {"rank": 238, "peak": "Rundhaugen (haug, 1.7 km)", "near": "Drivstulia (li, 0.2 km)", "band_length_m": 636, "drop": 309.39, "aspect": 58.96, "terrain": "mixed", "approach_h": 0.35, "score": 471.0}, "geometry": {"type": "LineString", "coordinates": [[9.588933586573413, 62.4291234557312], [9.589511952363663, 62.429145964196834], [9.590041765810748, 62.42943655103805], [9.59058777268862, 62.42963777563642], [9.591133786953852, 62.429838998166915], [9.591679808606537, 62.430040218629486], [9.592225837646756, 62.43024143702401], [9.592755696863215, 62.430532013990295], [9.593285566338674, 62.430822589041036], [9.59383162052307, 62.43102380138731], [9.594361509136368, 62.43131437253218], [9.594891408009389, 62.43160494176123], [9.595421317142385, 62.4318955090744], [9.595951236535633, 62.43218607447162], [9.596481166189387, 62.43247663795284], [9.597011106103913, 62.43276719951792], [9.597541056279468, 62.43305775916685], [9.598071016716318, 62.43334831689953], [9.598247672475601, 62.43344516905125]]}}, {"type": "Feature", "properties": {"rank": 239, "peak": null, "near": "Gravbekklia (li, 0.8 km)", "band_length_m": 781, "drop": 331.51, "aspect": 28.84, "terrain": "open", "approach_h": 0.66, "score": 470.0}, "geometry": {"type": "LineString", "coordinates": [[9.115720996215524, 62.66324240435322], [9.116250125766769, 62.66353477845422], [9.116779265726068, 62.66382715066519], [9.1173084160937, 62.66411952098609], [9.117837576869935, 62.664411889416805], [9.118366748055047, 62.66470425595727], [9.118895929649309, 62.66499662060739], [9.119036792880957, 62.66527264430083], [9.119371824793868, 62.66555683736877], [9.119901031320776, 62.66584919848171], [9.120041907620541, 62.666125221296895], [9.120182786420296, 62.66640124399431], [9.120129493870616, 62.66666909831809], [9.120658727347312, 62.66696145684845], [9.120799615503994, 62.667237479017516], [9.120940506161027, 62.66751350106877], [9.121469762475721, 62.667805856772674], [9.121610661846853, 62.66808187823823], [9.121557378366203, 62.66834973318498], [9.121504093794234, 62.66861758809576], [9.121644996954211, 62.66889360955797], [9.12159171193499, 62.669161464490024], [9.12159171193499, 62.669161464490024]]}}, {"type": "Feature", "properties": {"rank": 240, "peak": "Vinndalshaugan (haug, 0.7 km)", "near": "Setlia (li, 0.2 km)", "band_length_m": 576, "drop": 222.15, "aspect": 83.79, "terrain": "mixed", "approach_h": 0.23, "score": 468.0}, "geometry": {"type": "LineString", "coordinates": [[9.28490937161905, 62.6103107987152], [9.285490958749445, 62.61033460631827], [9.28607254693651, 62.61035841151156], [9.286654136180132, 62.61038221429504], [9.287235726480214, 62.61040601466872], [9.28781731783665, 62.61042981263256], [9.288398910249335, 62.61045360818659], [9.288980503718166, 62.61047740133079], [9.28956209824304, 62.61050119206513], [9.290126482645038, 62.610614292775765], [9.290708081011509, 62.61063807878077], [9.291306888152857, 62.61057254980902], [9.291905692772858, 62.61050701824286], [9.29248729084652, 62.61053079683753], [9.29306888997559, 62.610554573022306], [9.293650490159955, 62.61057834679719], [9.294214892446972, 62.61069143118453], [9.294779299131644, 62.610804513338685], [9.295343710213919, 62.61091759325973], [9.295908125693769, 62.61103067094753], [9.296295867162618, 62.61104651260623]]}}, {"type": "Feature", "properties": {"rank": 241, "peak": null, "near": "Gottemslia (li, 0.6 km)", "band_length_m": 556, "drop": 220.88, "aspect": 100.56, "terrain": "trees", "approach_h": 0.19, "score": 467.0}, "geometry": {"type": "LineString", "coordinates": [[9.576881710241773, 62.51792502087272], [9.577478067841811, 62.51785824000732], [9.578058141449935, 62.51788081390461], [9.57863821605435, 62.51790338539871], [9.579218291654952, 62.517925954489556], [9.579798368251636, 62.51794852117719], [9.580378445844298, 62.517971085461575], [9.580974797263021, 62.51790428957415], [9.58157114612469, 62.5178374911088], [9.582167492429212, 62.517770690065575], [9.582747568841446, 62.51779324448034], [9.58336017736643, 62.517637080245485], [9.583972779560039, 62.5174809132511], [9.58456911380336, 62.51741410180744], [9.585149185591217, 62.51743664618167], [9.585729258374048, 62.51745918815268], [9.585922616189409, 62.51746670160896]]}}, {"type": "Feature", "properties": {"rank": 242, "peak": null, "near": "Bj\u00f8rkgrenda (grend, 1.0 km)", "band_length_m": 638, "drop": 322.9, "aspect": 172.26, "terrain": "open", "approach_h": 0.37, "score": 466.0}, "geometry": {"type": "LineString", "coordinates": [[9.682988254766226, 62.61496532694125], [9.683036354888886, 62.61469721249323], [9.683472492778382, 62.61444386799711], [9.683520587462453, 62.61417575331807], [9.683568681162289, 62.61390763860776], [9.683616773877928, 62.613639523866155], [9.684052890918792, 62.613386177329694], [9.684100978196478, 62.613118062357074], [9.684343073839216, 62.61285733090066], [9.684585165137765, 62.6125965989763], [9.685021258299827, 62.61234324915845], [9.685069334702746, 62.61207513372393], [9.685117410121874, 62.61180701825813], [9.685165484557244, 62.61153890276105], [9.685213558008874, 62.61127078723272], [9.6852616304768, 62.61100267167313], [9.685309701961051, 62.61073455608224], [9.68535777246165, 62.61046644046013], [9.685405841978634, 62.61019832480671], [9.685453910512026, 62.60993020912205], [9.685501978061852, 62.60966209340612], [9.685550044628148, 62.609393977658925], [9.685598110210938, 62.60912586188046], [9.68564617481025, 62.60885774607073], [9.685694238426116, 62.60858963022975], [9.685742301058562, 62.60832151435752], [9.685758321717513, 62.60823214239315]]}}, {"type": "Feature", "properties": {"rank": 243, "peak": "Seterhaugen (haug, 1.2 km)", "near": "Brunin (li, 0.3 km)", "band_length_m": 551, "drop": 196.5, "aspect": 71.66, "terrain": "trees", "approach_h": 0.19, "score": 463.0}, "geometry": {"type": "LineString", "coordinates": [[9.011161470580046, 63.17420486017141], [9.011772531722052, 63.17414066732675], [9.01234661433442, 63.17425499352007], [9.012920701579288, 63.174369317436344], [9.01351327814663, 63.174394378042166], [9.014087372981658, 63.17450869731178], [9.014661472449037, 63.174623014304174], [9.01523557654872, 63.17473732901935], [9.015809685280672, 63.17485164145728], [9.016383798644847, 63.17496595161792], [9.01695791664121, 63.175080259501215], [9.017532039269721, 63.175194565107134], [9.018106166530336, 63.17530886843566], [9.018680298423009, 63.17542316948677], [9.019235967006564, 63.17562673021698], [9.019828576104397, 63.1756517647565], [9.020384257302062, 63.17585532111623], [9.020779333848226, 63.17587200792347]]}}, {"type": "Feature", "properties": {"rank": 244, "peak": "Trollkjerka (haug, 1.1 km)", "near": "Sk\u00e5kbekken (bekk, 1.8 km)", "band_length_m": 750, "drop": 256.1, "aspect": 104.53, "terrain": "open", "approach_h": 0.62, "score": 463.0}, "geometry": {"type": "LineString", "coordinates": [[9.590548641335614, 62.34405573056527], [9.591173739798672, 62.34381013058662], [9.591798828070024, 62.343564527681096], [9.592423906149815, 62.343318921848756], [9.593032857534174, 62.34316267489892], [9.593609573167162, 62.343185149001485], [9.59418628978073, 62.34320762071845], [9.594746895857513, 62.34331945211006], [9.595323616130527, 62.343341919140656], [9.59594866141727, 62.343096297085324], [9.596557590635559, 62.34294003443602], [9.597166513604039, 62.34278376904772], [9.597759328169477, 62.34271686343306], [9.598336039754066, 62.34273931785708], [9.598928851074472, 62.34267240721334], [9.599521659868502, 62.34260549401091], [9.600114466136061, 62.342538578249844], [9.600707269877052, 62.3424716599301], [9.60128397956479, 62.34249410208708], [9.601876780059719, 62.34242717873839], [9.602453490007088, 62.34244961603944], [9.603030200933397, 62.34247205095487], [9.603606912838542, 62.34249448348469], [9.604183625722424, 62.34251691362891], [9.60474425824986, 62.3426287049311], [9.605304895044348, 62.3427404940135], [9.605513213853518, 62.34265860501112]]}}, {"type": "Feature", "properties": {"rank": 245, "peak": "Gr\u00e5haugen (haug, 1.8 km)", "near": "Freksbakkan (li, 0.6 km)", "band_length_m": 641, "drop": 347.08, "aspect": 92.58, "terrain": "mixed", "approach_h": 0.39, "score": 461.0}, "geometry": {"type": "LineString", "coordinates": [[9.084902913531055, 62.94600341818747], [9.085472860049482, 62.94611740488673], [9.08604281110927, 62.94623138932857], [9.086630847503926, 62.946256095709224], [9.087218885019636, 62.94628079964722], [9.087806923656302, 62.94630550114257], [9.088394963413812, 62.94633020019523], [9.088983004292057, 62.94635489680522], [9.089571046290928, 62.946379590972505], [9.09015908941032, 62.946404282697095], [9.090747133650126, 62.946428971979], [9.091335179010239, 62.94645365881816], [9.091923225490545, 62.94647834321461], [9.09251127309094, 62.94650302516832], [9.093117382983582, 62.946438427831325], [9.09370543105134, 62.94646310480503], [9.09429348023885, 62.94648777933599], [9.094881530546008, 62.946512451424184], [9.095469581972706, 62.94653712106961], [9.096057634518838, 62.946561788272255], [9.096645688184287, 62.94658645303212], [9.097233742968951, 62.94661111534918], [9.097821798872731, 62.94663577522344], [9.098409855895506, 62.94666043265489], [9.098997914037172, 62.946685087643516], [9.099604014847541, 62.94662046229823], [9.100210113107101, 62.946555834317195], [9.10079817105958, 62.946580481788516], [9.101386230130501, 62.94660512681697], [9.10197429031975, 62.9466297694026], [9.102562351627226, 62.946654409545374], [9.1031684447185, 62.94658976877979], [9.103382495135188, 62.94650870227113]]}}, {"type": "Feature", "properties": {"rank": 246, "peak": "Raudh\u00e5mm\u00e5ren (haug, 0.2 km)", "near": "\u00c5smyrbj\u00f8rga (li, 1.6 km)", "band_length_m": 535, "drop": 186.19, "aspect": 220.45, "terrain": "mixed", "approach_h": 0.16, "score": 461.0}, "geometry": {"type": "LineString", "coordinates": [[11.587098063257086, 63.46016608843451], [11.587130111570886, 63.45989732507149], [11.587162159208432, 63.45962856168933], [11.586793754609381, 63.459350238567936], [11.586225133473604, 63.459067133747425], [11.585856745114276, 63.458788808291615], [11.585288144335868, 63.45850569984911], [11.584708865332331, 63.458312176789846], [11.584129594188978, 63.45811865142678], [11.58355033090573, 63.45792512375996], [11.58298177009608, 63.45764200635836], [11.582402524253329, 63.45744847413585], [11.581812588215909, 63.45734452693751], [11.581444264740819, 63.45706619044925], [11.581444264740819, 63.45706619044925]]}}, {"type": "Feature", "properties": {"rank": 247, "peak": "Mereftahaugen (haug, 1.2 km)", "near": "Storglenna (li, 0.2 km)", "band_length_m": 752, "drop": 295.88, "aspect": 55.2, "terrain": "mixed", "approach_h": 0.64, "score": 459.0}, "geometry": {"type": "LineString", "coordinates": [[8.463118224401468, 62.81468554285663], [8.463643344856669, 62.81498032431855], [8.464168475788739, 62.81527510394011], [8.464693617197963, 62.81556988172122], [8.46521876908462, 62.815864657661805], [8.465743931449003, 62.81615943176179], [8.46626910429138, 62.81645420402113], [8.466794287612041, 62.8167489744397], [8.467319481411261, 62.81704374301747], [8.46788439468416, 62.817160165049785], [8.468409606764517, 62.81745492976594], [8.468934829324137, 62.81774969264109], [8.469460062363313, 62.81804445367511], [8.470044852292181, 62.81807169469783], [8.470609796524474, 62.81818810613008], [8.471154899892163, 62.818393688269445], [8.471719854897767, 62.81851009536217], [8.472245129627938, 62.81880484647094], [8.47238053902571, 62.81908144270799], [8.47294551223816, 62.819197845084716], [8.47294551223816, 62.819197845084716]]}}, {"type": "Feature", "properties": {"rank": 248, "peak": "Vardh\u00f8a (haug, 1.5 km)", "near": "Slettlia (li, 2.3 km)", "band_length_m": 610, "drop": 251.93, "aspect": 150.43, "terrain": "open", "approach_h": 0.33, "score": 459.0}, "geometry": {"type": "LineString", "coordinates": [[9.471380432210415, 62.71348848203195], [9.471430651819013, 62.71322046538632], [9.471480870396933, 62.712952448707654], [9.471531087944204, 62.71268443199592], [9.471775897584848, 62.71242409994562], [9.472409886147789, 62.71217913528512], [9.473043864237617, 62.71193416764246], [9.47367783185448, 62.71168919701773], [9.47431178899853, 62.71144422341104], [9.474945735669916, 62.71119924682248], [9.475579671868793, 62.71095426725212], [9.476213597595308, 62.71070928470006], [9.476847512849615, 62.710464299166375], [9.477481417631868, 62.710219310651155], [9.478115311942208, 62.70997431915453], [9.478554618080226, 62.70972164982859], [9.478554618080226, 62.70972164982859]]}}, {"type": "Feature", "properties": {"rank": 249, "peak": "Storhaugen (haug, 1.5 km)", "near": "Hamna (li, 0.6 km)", "band_length_m": 608, "drop": 319.8, "aspect": 3.23, "terrain": "open", "approach_h": 0.33, "score": 457.0}, "geometry": {"type": "LineString", "coordinates": [[8.994945389021069, 62.49242379802543], [8.994891367796795, 62.49269159809665], [8.994837345472652, 62.49295939813096], [8.994783322048598, 62.49322719812839], [8.994729297524609, 62.49349499808889], [8.994482266815144, 62.49375446868057], [8.99442823838033, 62.49402226847265], [8.994374208845445, 62.49429006822782], [8.99432017821046, 62.49455786794607], [8.994266146475345, 62.49482566762741], [8.994212113640069, 62.49509346727184], [8.994158079704595, 62.49536126687937], [8.994104044668896, 62.495629066449965], [8.993663971353119, 62.49588020500764], [8.993609930694626, 62.49614800431515], [8.9937489108868, 62.496424134396065], [8.993887893523192, 62.496700264363234], [8.993833852985883, 62.49696806374926], [8.993779811348151, 62.49723586309838], [8.993725768609975, 62.49750366241055], [8.993864755523218, 62.49777979243707], [8.993810712295412, 62.49804759177005], [8.994142736683283, 62.49833205214872], [8.994088694677306, 62.49859985159711], [8.99422768953525, 62.49887598133998], [8.994366686837973, 62.49915211096899], [8.99450568658554, 62.49942824048424], [8.99450568658554, 62.49942824048424]]}}, {"type": "Feature", "properties": {"rank": 250, "peak": null, "near": "L\u00f8fta (li, 1.0 km)", "band_length_m": 548, "drop": 260.93, "aspect": 12.02, "terrain": "trees", "approach_h": 0.2, "score": 457.0}, "geometry": {"type": "LineString", "coordinates": [[10.243034495831306, 63.07088935729125], [10.242990598094377, 63.07115768537833], [10.242946699444685, 63.071426013438085], [10.242902799882211, 63.07169434147045], [10.242858899406924, 63.07196266947548], [10.242814998018796, 63.072230997453175], [10.242771095717796, 63.072499325403506], [10.242727192503903, 63.07276765332649], [10.242486052433353, 63.07302934446464], [10.242047670399911, 63.07328439776563], [10.242003759036523, 63.073552725376594], [10.241959846760015, 63.07382105296025], [10.241915933570372, 63.07408938051652], [10.242069264226323, 63.074364345734445], [10.242631727345364, 63.074563142365044], [10.243179563752163, 63.07485137949296], [10.243742043916395, 63.075050171848154], [10.244289900469033, 63.07533840483859], [10.244837767844697, 63.07562663579397], [10.245385646043669, 63.07591486471415], [10.245582902349954, 63.07592149760279]]}}, {"type": "Feature", "properties": {"rank": 251, "peak": "Tytinghaugen (haug, 0.6 km)", "near": "Kvennlia (li, 0.6 km)", "band_length_m": 526, "drop": 237.3, "aspect": 51.77, "terrain": "trees", "approach_h": 0.15, "score": 457.0}, "geometry": {"type": "LineString", "coordinates": [[11.154009743569745, 62.83606881589858], [11.154597387172826, 62.836084883525515], [11.155173319081396, 62.83619050158581], [11.155737544391576, 62.83638567025693], [11.156301777222582, 62.83658083671536], [11.156866017574488, 62.83677600096103], [11.157441971395029, 62.8368816098842], [11.158017929419374, 62.836987216478654], [11.158593891647481, 62.83709282074434], [11.159158157228456, 62.83728797596825], [11.159722430330536, 62.83748312897917], [11.160275013259358, 62.83776783317512], [11.160631711061058, 62.83804718823657], [11.161184313324503, 62.838331888983355], [11.161736926266299, 62.83861658762789], [11.161701844762968, 62.83888524823551], [11.162058569429858, 62.83916459983989], [11.162231088003146, 62.839349052109206]]}}, {"type": "Feature", "properties": {"rank": 252, "peak": "Seterhaugen (haug, 0.8 km)", "near": "\u00d8verlia (li, 0.8 km)", "band_length_m": 547, "drop": 291.2, "aspect": 267.28, "terrain": "open", "approach_h": 0.21, "score": 452.0}, "geometry": {"type": "LineString", "coordinates": [[8.557422695909256, 62.739413337495385], [8.556839361256529, 62.73938647809784], [8.556275549431366, 62.73927042728602], [8.555692218917827, 62.73924356316032], [8.555069839269262, 62.739395074204026], [8.554466980577793, 62.73945739372662], [8.553864119479517, 62.73951971062493], [8.553280786821734, 62.73949283642948], [8.55265839006295, 62.739644336548594], [8.552035987022471, 62.73979583382501], [8.551433114427129, 62.73985814011905], [8.550849777889638, 62.73983125575136], [8.550266442554166, 62.73980436896851], [8.549702650226031, 62.739688291933234], [8.549158405716419, 62.73948302493891], [8.5485946240784, 62.73936694357138], [8.548030846983629, 62.7392508599889], [8.547447526345971, 62.73922396164217], [8.546844656953898, 62.739286248224076], [8.546241785156507, 62.73934853218157], [8.545658464652561, 62.73932162638486], [8.54507514535154, 62.73929471817306], [8.544491827253545, 62.73926780754622], [8.543928069135173, 62.73915170767724], [8.543344755180689, 62.73912479232275], [8.542781004546566, 62.73900868792647], [8.542586567809304, 62.73899971483411]]}}, {"type": "Feature", "properties": {"rank": 253, "peak": "Fjellhaugen (haug, 1.0 km)", "near": "Vedarabben (li, 0.1 km)", "band_length_m": 619, "drop": 271.29, "aspect": 245.74, "terrain": "trees", "approach_h": 0.37, "score": 452.0}, "geometry": {"type": "LineString", "coordinates": [[8.566735260497618, 62.778579191547884], [8.566209714362474, 62.77828479079238], [8.565645127344512, 62.77816876850138], [8.565061017402119, 62.77814193404224], [8.564476908662622, 62.778115097163784], [8.56389280112612, 62.778088257866024], [8.56332822749942, 62.77797222640444], [8.562744124111818, 62.77794538237038], [8.56216002192752, 62.77791853591705], [8.561614996414303, 62.77771330815537], [8.561050439397764, 62.77759726771902], [8.560485886936085, 62.7774812250635], [8.559940881388812, 62.77727599103061], [8.559376339645645, 62.77715994403457], [8.55881180245741, 62.77704389481949], [8.558247269824149, 62.77692784338533], [8.557663192951843, 62.77690097849937], [8.557118218222678, 62.776695733860095], [8.556573251131843, 62.77649048719285], [8.556008738327293, 62.77637442698073], [8.555444230077859, 62.77625836454975], [8.554879726383577, 62.776142299899945], [8.55433478542162, 62.775937044841804], [8.554393459149905, 62.77566948024569], [8.554413016791631, 62.77558029203784]]}}, {"type": "Feature", "properties": {"rank": 254, "peak": "Tunnelhaugen (haug, 0.6 km)", "near": "Ivarbrennan (li, 0.6 km)", "band_length_m": 605, "drop": 263.66, "aspect": 226.47, "terrain": "trees", "approach_h": 0.35, "score": 448.0}, "geometry": {"type": "LineString", "coordinates": [[11.649041806029862, 63.452467660374886], [11.648472697268815, 63.45218480009253], [11.647903599731734, 63.451901937601775], [11.647334513418345, 63.45161907290273], [11.646765438328373, 63.45133620599545], [11.64619637446154, 63.45105333688004], [11.645595834719995, 63.451039245493654], [11.645016290855816, 63.45084596507596], [11.64444725406107, 63.45056308914221], [11.643878228488678, 63.45028021100062], [11.643309214138363, 63.44999733065128], [11.64274021100985, 63.44971444809429], [11.642171219102863, 63.4494315633297], [11.641602238417127, 63.44914867635764], [11.641033268952368, 63.44886578717815], [11.640864634056124, 63.448592304486574], [11.640495842541954, 63.44831411717368], [11.640527373710466, 63.44804533853716], [11.640358748260853, 63.447771855279356], [11.64019012595991, 63.44749837183282], [11.64019012595991, 63.44749837183282]]}}, {"type": "Feature", "properties": {"rank": 255, "peak": "S\u00f8lih\u00f8gda (haug, 2.1 km)", "near": "T\u00f8rrfinnlia (li, 0.5 km)", "band_length_m": 559, "drop": 258.18, "aspect": 196.61, "terrain": "trees", "approach_h": 0.25, "score": 447.0}, "geometry": {"type": "LineString", "coordinates": [[8.69623128667182, 62.75059848314104], [8.695704903538196, 62.75030455812513], [8.695373097988572, 62.750019394022175], [8.694846733610394, 62.7497254659979], [8.69451494268082, 62.749440300029704], [8.69437771919352, 62.74916389742921], [8.693851379747537, 62.74886996595148], [8.693325050744514, 62.74857603261686], [8.692798732184173, 62.74828209742551], [8.692272424066239, 62.74798816037743], [8.692135227723254, 62.74771175588775], [8.69199803381484, 62.74743535128987], [8.691666295351194, 62.747150179173666], [8.691529108182667, 62.74687377419092], [8.691586466696247, 62.74660613684705], [8.691838365671424, 62.74634726684155], [8.692090260120342, 62.746088396327295], [8.692147611623408, 62.74582075866346], [8.692204961949827, 62.74555312095978], [8.692067776290713, 62.74527671650708], [8.691930593065697, 62.7450003119462], [8.691930593065697, 62.7450003119462]]}}, {"type": "Feature", "properties": {"rank": 256, "peak": "H\u00f8gda (haug, 0.8 km)", "near": "Ivaberget (li, 0.0 km)", "band_length_m": 533, "drop": 284.31, "aspect": 281.13, "terrain": "trees", "approach_h": 0.2, "score": 444.0}, "geometry": {"type": "LineString", "coordinates": [[8.721172359130001, 62.92177400732642], [8.720585213842668, 62.92174778568539], [8.719998069742491, 62.921721561608294], [8.719430105664069, 62.92160612009018], [8.718900506706799, 62.921312246500875], [8.718370918333944, 62.921018371037654], [8.717783791331852, 62.920992137918745], [8.717196665517374, 62.920965902363875], [8.716628727621666, 62.92085044983881], [8.716041605946698, 62.92082420951243], [8.71545448545965, 62.920797966750115], [8.714848174137689, 62.92086093578506], [8.714241860343956, 62.92092390217889], [8.713635544078555, 62.92098686593162], [8.71299082952366, 62.92122825486725], [8.712384504523186, 62.92129121312796], [8.71177817705133, 62.921354168747484], [8.711133439385641, 62.921595548902964], [8.71048869113596, 62.92183692597996], [8.709843932302137, 62.92207829997838], [8.709199162884035, 62.92231967089811], [8.708554382881506, 62.9225610387391], [8.708339453861873, 62.92264149400192]]}}, {"type": "Feature", "properties": {"rank": 257, "peak": "Saur\u00e5piken (haug, 1.3 km)", "near": "Fossdalsbaklia (li, 0.2 km)", "band_length_m": 564, "drop": 247.82, "aspect": 325.64, "terrain": "mixed", "approach_h": 0.27, "score": 444.0}, "geometry": {"type": "LineString", "coordinates": [[9.045545598638228, 63.11559888294585], [9.045096300853595, 63.115850074503115], [9.04444985435266, 63.11609295878155], [9.044197681835367, 63.11635245307649], [9.043945504710813, 63.11661194686936], [9.043317378748872, 63.11676555897344], [9.04268924624107, 63.116919168217436], [9.042042755890037, 63.11716204101429], [9.041396254766697, 63.1174049107386], [9.040749742870902, 63.117647777390246], [9.040103220202498, 63.11789064096915], [9.03945668676133, 63.11813350147522], [9.03881014254725, 63.11837635890839], [9.038163587560108, 63.118619213268545], [9.037517021799749, 63.118862064555586], [9.037264762578896, 63.11912154552738], [9.037246394934682, 63.11921081113406]]}}, {"type": "Feature", "properties": {"rank": 258, "peak": "Bj\u00f8rnhovda (haug, 2.6 km)", "near": "Grynningslii (li, 2.2 km)", "band_length_m": 859, "drop": 274.53, "aspect": 214.65, "terrain": "open", "approach_h": 0.94, "score": 443.0}, "geometry": {"type": "LineString", "coordinates": [[8.74704705167034, 62.34423860322044], [8.747102940236662, 62.34397092181407], [8.747158827671083, 62.34370324036872], [8.747214713973635, 62.34343555888438], [8.747078650406396, 62.34315921793077], [8.747134536133528, 62.34289153646643], [8.747190420728858, 62.342623854963115], [8.746614585398731, 62.342597875675395], [8.746038751200476, 62.34257189401086], [8.745462918134194, 62.34254590996953], [8.744887086199988, 62.342519923551414], [8.744311255397953, 62.34249393475653], [8.743735425728193, 62.342467943584865], [8.743159597190804, 62.34244195003645], [8.742583769785892, 62.342415954111274], [8.742007943513554, 62.342389955809374], [8.741432118373892, 62.34236395513073], [8.740856294367003, 62.34233795207536], [8.740280471492992, 62.34231194664328], [8.739704649751959, 62.34228593883449], [8.739128829143999, 62.342259928649035], [8.73855300966922, 62.34223391608685], [8.737977191327714, 62.34220790114801], [8.737401374119585, 62.34218188383251], [8.73682555804494, 62.342155864140324], [8.73624974310387, 62.34212984207151], [8.73567392929648, 62.34210381762603], [8.735098116622869, 62.34207779080393], [8.734522305083134, 62.34205176160521], [8.733946494677381, 62.34202573002986], [8.73337068540571, 62.341999696077906], [8.732794877268217, 62.34197365974937], [8.732219070265007, 62.341947621044234], [8.731643264396178, 62.34192157996252], [8.73106745966183, 62.341895536504246], [8.730491656062064, 62.3418694906694], [8.729915853596982, 62.34184344245801], [8.729915853596982, 62.34184344245801]]}}, {"type": "Feature", "properties": {"rank": 259, "peak": "Engelsbekkh\u00f8a (topp, 0.8 km)", "near": "Langoddlia (li, 0.5 km)", "band_length_m": 633, "drop": 276.77, "aspect": 14.32, "terrain": "mixed", "approach_h": 0.43, "score": 443.0}, "geometry": {"type": "LineString", "coordinates": [[9.351898961911102, 62.68423539584339], [9.351847723562619, 62.68450335888245], [9.351796484163733, 62.68477132188751], [9.351745243714403, 62.68503928485856], [9.351694002214604, 62.68530724779558], [9.351642759664307, 62.685575210698595], [9.35159151606348, 62.68584317356762], [9.351540271412087, 62.68611113640263], [9.351489025710107, 62.6863790992036], [9.3514377789575, 62.68664706197057], [9.351386531154242, 62.68691502470353], [9.35152966975651, 62.687190836954585], [9.352061589883935, 62.687482347022126], [9.352399128817845, 62.687766007055934], [9.35273667413139, 62.688049666339374], [9.352879830354672, 62.688325477380275], [9.35302298912596, 62.688601288297676], [9.352971751376657, 62.68886925168889], [9.353114913386472, 62.68914506253843], [9.3530807547636, 62.68932370481743]]}}, {"type": "Feature", "properties": {"rank": 260, "peak": "Kl\u00f8ftseterhaugen (haug, 1.7 km)", "near": "Snotlia (li, 0.8 km)", "band_length_m": 848, "drop": 439.4, "aspect": 304.97, "terrain": "mixed", "approach_h": 0.92, "score": 442.0}, "geometry": {"type": "LineString", "coordinates": [[9.045055145359028, 62.87481265861427], [9.04446858300913, 62.87478779477173], [9.043882021782046, 62.87476292849449], [9.043295461677895, 62.87473805978252], [9.042708902696775, 62.87471318863588], [9.042122344838798, 62.874688315054556], [9.041535788104069, 62.874663439038564], [9.040949232492691, 62.874638560587904], [9.04036267800478, 62.874613679702605], [9.039776124640431, 62.874588796382646], [9.039153233816, 62.87474244867881], [9.03856667917511, 62.87471756029932], [9.03798012565813, 62.87469266948519], [9.03735722360986, 62.87484631369995], [9.036734315138075, 62.874999955083055], [9.036129579156619, 62.875064325111445], [9.035506659849796, 62.87521796093446], [9.034901916932293, 62.87528232560532], [9.034260801965951, 62.87552522408496], [9.033619676427247, 62.87576811952175], [9.032978540316028, 62.876011011915644], [9.032337393632154, 62.87625390126649], [9.031891763849984, 62.87650509362832], [9.031837184742338, 62.87677289705928], [9.031782604509353, 62.877040700453314], [9.031728023150997, 62.87730850381043], [9.031477906143797, 62.87756800069557], [9.031032248575931, 62.877819190011266], [9.030586583333424, 62.87807037782679], [9.030140910416106, 62.878321564142105], [9.029499689376612, 62.87856443970607], [9.029249541556359, 62.87882393227189], [9.028999389210329, 62.87908342433966], [9.02874923233841, 62.87934291590929], [9.028499070940468, 62.87960240698084], [9.028480865302264, 62.87969167420285]]}}, {"type": "Feature", "properties": {"rank": 261, "peak": "Postmyrhaugen (haug, 1.3 km)", "near": "Sylen (li, 0.2 km)", "band_length_m": 542, "drop": 245.91, "aspect": 267.32, "terrain": "trees", "approach_h": 0.23, "score": 441.0}, "geometry": {"type": "LineString", "coordinates": [[8.440021800834057, 62.701251535287014], [8.43943935412477, 62.70122419782461], [8.438856908634353, 62.70119685795231], [8.438274464362904, 62.701169515670124], [8.437692021310522, 62.70114217097807], [8.437109579477315, 62.70111482387616], [8.436527138863388, 62.70108747436439], [8.435964551438577, 62.70097095430902], [8.435382114994074, 62.700943600081544], [8.434799679769151, 62.700916243444276], [8.434217245763907, 62.70088888439719], [8.433634812978454, 62.7008615229403], [8.433052381412889, 62.70083415907364], [8.432469951067315, 62.70080679279718], [8.431887521941839, 62.70077942411097], [8.431344825257487, 62.70057371839769], [8.43078226917091, 62.70045717788843], [8.430199848897626, 62.700429802285186], [8.429617429844821, 62.700402424272205], [8.429035012012594, 62.700375043849554], [8.428432721341958, 62.700436827812545], [8.428432721341958, 62.700436827812545]]}}, {"type": "Feature", "properties": {"rank": 262, "peak": null, "near": "Ivarbrennan (li, 0.4 km)", "band_length_m": 657, "drop": 329.29, "aspect": 175.23, "terrain": "trees", "approach_h": 0.49, "score": 441.0}, "geometry": {"type": "LineString", "coordinates": [[11.671234435318391, 63.45496260087985], [11.671265687369647, 63.45469381406691], [11.67129693876151, 63.45442502723527], [11.671328189494002, 63.454156240384904], [11.671359439567139, 63.453887453515875], [11.671390688980944, 63.453618666628095], [11.671421937735438, 63.453349879721664], [11.671453185830641, 63.45308109279648], [11.671484433266569, 63.45281230585263], [11.671515680043248, 63.45254351889005], [11.671546926160689, 63.452274731908794], [11.67157817161892, 63.45200594490883], [11.671609416417958, 63.45173715789017], [11.671640660557822, 63.4514683708528], [11.671671904038535, 63.45119958379672], [11.67230370030779, 63.450944778536034], [11.67233493685834, 63.45067599127925], [11.672366172749912, 63.45040720400373], [11.672397407982531, 63.450138416709514], [11.672428642556211, 63.44986962939662], [11.672459876470981, 63.449600842065], [11.672491109726849, 63.4493320547147], [11.672522342323843, 63.44906326734569], [11.67255357426198, 63.448794479958], [11.67258480554128, 63.4485256925516], [11.672616036161763, 63.44825690512651], [11.67264726612345, 63.44798811768272], [11.672678495426357, 63.447719330220245], [11.672688905047604, 63.447629734395264]]}}, {"type": "Feature", "properties": {"rank": 263, "peak": "Vinndalshaugan (haug, 0.5 km)", "near": "Setlia (li, 0.3 km)", "band_length_m": 524, "drop": 165.94, "aspect": 80.42, "terrain": "mixed", "approach_h": 0.19, "score": 440.0}, "geometry": {"type": "LineString", "coordinates": [[9.289470624420096, 62.60590661502112], [9.290034921957103, 62.606019715183784], [9.290599223890773, 62.60613281311393], [9.291129120158686, 62.606424534007836], [9.291676230514618, 62.60662694032477], [9.292240550474268, 62.60674003181668], [9.292787674342467, 62.606942433924], [9.293352004707437, 62.607055521037], [9.29393353673266, 62.60707929289622], [9.29451506981275, 62.6071030623459], [9.29507941014276, 62.607216142587646], [9.295660947061714, 62.607239907308475], [9.296242485035235, 62.60726366961973], [9.296824024063215, 62.6072874295214], [9.297405564145553, 62.60731118701347], [9.29758222464629, 62.60740841923099]]}}, {"type": "Feature", "properties": {"rank": 264, "peak": null, "near": "Tunga (li, 0.5 km)", "band_length_m": 769, "drop": 357.23, "aspect": 5.11, "terrain": "mixed", "approach_h": 0.75, "score": 439.0}, "geometry": {"type": "LineString", "coordinates": [[8.551405068073686, 62.162846153709616], [8.55115714307617, 62.16310482525371], [8.550527742005098, 62.16334566455463], [8.550470542572574, 62.163613250731004], [8.550413341988683, 62.163880836866745], [8.549974659062856, 62.16413058957219], [8.549726710783698, 62.164389258237925], [8.549669501756338, 62.16465684395066], [8.549612291577372, 62.16492442962279], [8.549555080246778, 62.16519201525429], [8.54949786776452, 62.16545960084518], [8.549440654130567, 62.16572718639545], [8.54938343934488, 62.165994771905126], [8.54951697711587, 62.16627127526499], [8.54945976168991, 62.16653886079381], [8.549402545112155, 62.166806446282], [8.54934532738257, 62.167074031729605], [8.549288108501127, 62.16734161713656], [8.549230888467788, 62.167609202502916], [8.549173667282524, 62.16787678782863], [8.549116444945293, 62.16814437311375], [8.549059221456078, 62.16841195835821], [8.549001996814834, 62.16867954356207], [8.54894477102153, 62.168947128725286], [8.549078316210487, 62.16922363258142], [8.549211863702629, 62.169500136335856], [8.549726965317468, 62.16979447602391], [8.55024207691457, 62.17008881391658], [8.550413782998602, 62.17018692614846]]}}, {"type": "Feature", "properties": {"rank": 265, "peak": "Kornfonna (haug, 1.4 km)", "near": "Stensesgjelan (li, 1.8 km)", "band_length_m": 711, "drop": 370.96, "aspect": 249.03, "terrain": "mixed", "approach_h": 0.62, "score": 439.0}, "geometry": {"type": "LineString", "coordinates": [[9.618955927205779, 62.62871081801441], [9.61837365112056, 62.628688391733846], [9.617791376032578, 62.628665963038316], [9.61720910194194, 62.62864353192781], [9.61662682884875, 62.628621098402334], [9.616044556753113, 62.62859866246191], [9.615462285655136, 62.62857622410654], [9.614880015554919, 62.628553783336216], [9.614297746452568, 62.62853134015098], [9.613715478348196, 62.62850889455079], [9.613133211241895, 62.62848644653571], [9.61255094513378, 62.62846399610571], [9.611968680023951, 62.62844154326081], [9.611386415912513, 62.62841908800103], [9.610804152799574, 62.62839663032635], [9.610221890685235, 62.6283741702368], [9.609655892880316, 62.628262347149374], [9.609122428973523, 62.62797180080159], [9.608588975482213, 62.62768125251967], [9.60805553240611, 62.62739070230374], [9.607522099744953, 62.62710015015385], [9.60698867749847, 62.62680959607008], [9.606455265666392, 62.626519040052536], [9.605921864248451, 62.62622848210127], [9.605388473244382, 62.62593792221633], [9.60503288502702, 62.62574421455218]]}}, {"type": "Feature", "properties": {"rank": 266, "peak": "Knollan (haug, 1.8 km)", "near": "Ber\u00e5bakken (li, 0.6 km)", "band_length_m": 662, "drop": 258.95, "aspect": 215.51, "terrain": "open", "approach_h": 0.51, "score": 438.0}, "geometry": {"type": "LineString", "coordinates": [[8.750075881359988, 62.83650590823714], [8.74949040480948, 62.83647982639041], [8.748961987060582, 62.836186078699306], [8.7484335798294, 62.83589232913866], [8.747905183115645, 62.83559857770858], [8.747376796919038, 62.83530482440913], [8.746848421239301, 62.83501106924039], [8.746320056076152, 62.83471731220242], [8.74579170142931, 62.8344235532953], [8.745263357298496, 62.83412979251913], [8.744735023683429, 62.83383602987396], [8.744596975268514, 62.83355966771766], [8.744068658395829, 62.833265902753546], [8.744125752179501, 62.832998241691136], [8.743987713029762, 62.832721879035056], [8.744044806216198, 62.832454217993316], [8.743711642111819, 62.83216915339317], [8.743359451879265, 62.83197330831853]]}}, {"type": "Feature", "properties": {"rank": 267, "peak": "Styggolderhaugen (haug, 0.5 km)", "near": "Oldrin (li, 0.5 km)", "band_length_m": 590, "drop": 255.57, "aspect": 228.04, "terrain": "mixed", "approach_h": 0.35, "score": 437.0}, "geometry": {"type": "LineString", "coordinates": [[8.938718870022042, 62.615514495208934], [8.93819236065073, 62.61522147974444], [8.937665861635507, 62.614928462411], [8.937139372976098, 62.61463544320873], [8.936612894672237, 62.614342422137675], [8.936068149430543, 62.61413865463365], [8.935523411714822, 62.61393488509003], [8.934996961771581, 62.613641858246304], [8.934470522182927, 62.61334882953411], [8.933944092948598, 62.61305579895347], [8.933417674068313, 62.612762766504524], [8.932891265541805, 62.61246973218729], [8.932364867368797, 62.61217669600189], [8.932189403611863, 62.61207901685826]]}}, {"type": "Feature", "properties": {"rank": 268, "peak": "Piken (haug, 1.3 km)", "near": "Melan (li, 1.8 km)", "band_length_m": 818, "drop": 367.64, "aspect": 341.81, "terrain": "open", "approach_h": 0.87, "score": 437.0}, "geometry": {"type": "LineString", "coordinates": [[9.10080375299471, 62.48083523855808], [9.100557746238264, 62.48109490887716], [9.100311735100888, 62.481354578708356], [9.100065719582469, 62.48161424805164], [9.10001266505336, 62.48188209979044], [9.099959609444234, 62.48214995149324], [9.09990655275505, 62.482417803160075], [9.099660524483303, 62.48267747162867], [9.099607463923185, 62.48294532313057], [9.099361428478913, 62.48320499098228], [9.098922413378144, 62.483456474106646], [9.098290414208535, 62.483699770628164], [9.09804436084613, 62.48395943593868], [9.09799128290853, 62.484227286609915], [9.097938203890351, 62.48449513724516], [9.097692140562685, 62.48475480180968], [9.097639057672275, 62.48502265227994], [9.097585973701168, 62.48529050271418], [9.097532888649324, 62.48555835311243], [9.096900833018184, 62.485801642657975], [9.096461758184029, 62.48605311731085], [9.096408661334072, 62.486320967136095], [9.096355563403083, 62.486588816925305], [9.09630246439103, 62.48685666667853], [9.096249364297885, 62.4871245163957], [9.096196263123613, 62.48739236607688], [9.096143160868184, 62.48766021572203], [9.095704051567322, 62.487911687570126], [9.095264934820348, 62.48816315794553], [9.094843516003074, 62.48832534385923]]}}, {"type": "Feature", "properties": {"rank": 269, "peak": "F\u00f8ruhaugen (haug, 0.3 km)", "near": "Hagan (li, 0.8 km)", "band_length_m": 561, "drop": 198.95, "aspect": 107.81, "terrain": "mixed", "approach_h": 0.29, "score": 435.0}, "geometry": {"type": "LineString", "coordinates": [[8.514255605398786, 62.64111050520725], [8.514836959275442, 62.64113751782634], [8.515437876850086, 62.64107534499041], [8.516038792043465, 62.641013169540265], [8.516620146071219, 62.64104017474054], [8.51720150129829, 62.641067177536215], [8.517802413061302, 62.6410049944576], [8.51838376896291, 62.641031992341574], [8.518984677819438, 62.64096980414163], [8.51958558429405, 62.640907613327535], [8.520186488386654, 62.640845419899286], [8.520767843912187, 62.64087240785736], [8.521368745097426, 62.64081020930788], [8.521950101296138, 62.64083719235428], [8.52255099957356, 62.64077498868363], [8.523132356445005, 62.640801966818344], [8.523713714514564, 62.64082894254839], [8.523713714514564, 62.64082894254839]]}}, {"type": "Feature", "properties": {"rank": 270, "peak": "Vinndalshaugan (haug, 1.3 km)", "near": "Setlia (li, 1.5 km)", "band_length_m": 641, "drop": 285.99, "aspect": 81.13, "terrain": "trees", "approach_h": 0.48, "score": 433.0}, "geometry": {"type": "LineString", "coordinates": [[9.295751031099966, 62.59662172286444], [9.296349543855415, 62.59655616902364], [9.296930873647392, 62.59657992621663], [9.297512204492861, 62.5966036810011], [9.29809353639171, 62.59662743337707], [9.298674869343838, 62.59665118334454], [9.299256203349145, 62.596674930903475], [9.299837538407525, 62.596698676053904], [9.300418874518872, 62.59672241879577], [9.301000211683084, 62.59674615912911], [9.301598716519168, 62.596680582705865], [9.302162889169683, 62.596793632570076], [9.302727066212102, 62.59690668020223], [9.303308409314903, 62.5969304109914], [9.30387259352974, 62.59704345407293], [9.304419623690418, 62.59724580970563], [9.304983818300078, 62.59735884840899], [9.305548017301449, 62.59747188488006], [9.306129374306286, 62.59749560407657], [9.306710732363006, 62.59751932086443], [9.307257791044307, 62.59772166568452], [9.30743442898697, 62.59781888524713]]}}, {"type": "Feature", "properties": {"rank": 271, "peak": "Sjurshaugen (haug, 2.1 km)", "near": "Seminglia (li, 0.3 km)", "band_length_m": 533, "drop": 225.33, "aspect": 170.49, "terrain": "trees", "approach_h": 0.23, "score": 433.0}, "geometry": {"type": "LineString", "coordinates": [[9.237661515410107, 62.67138327001548], [9.237713756854175, 62.67111535983486], [9.237765997227982, 62.670847449619224], [9.237818236531547, 62.67057953936863], [9.237870474764906, 62.670311629083095], [9.237922711928093, 62.6700437187626], [9.23797494802113, 62.66977580840715], [9.238027183044057, 62.66950789801675], [9.238079416996904, 62.669239987591375], [9.238131649879696, 62.66897207713107], [9.238378109671453, 62.66871217159197], [9.23862456503836, 62.668452265566856], [9.23867679123752, 62.668184354818955], [9.23892323937304, 62.66792444818153], [9.238975461695745, 62.6676565372724], [9.239027682948688, 62.66738862632834], [9.238885685335891, 62.66711271147797], [9.238726282835492, 62.66692610012132]]}}, {"type": "Feature", "properties": {"rank": 272, "peak": "T\u00f8ttveterhaugen (haug, 0.3 km)", "near": "Steinliin (li, 0.4 km)", "band_length_m": 564, "drop": 250.03, "aspect": 210.46, "terrain": "trees", "approach_h": 0.31, "score": 431.0}, "geometry": {"type": "LineString", "coordinates": [[9.862897897923698, 62.861457155793104], [9.862357763891838, 62.861167517405576], [9.861801980664435, 62.86096727089689], [9.861261866426956, 62.860677628479664], [9.861113154091107, 62.86040229304111], [9.861551526530251, 62.860148419434424], [9.861794198765397, 62.85988739129043], [9.86164548507558, 62.85961205638631], [9.861692462894089, 62.859343874817185], [9.86134806573017, 62.859061386166864], [9.861395045149541, 62.85879320470187], [9.861246340294143, 62.858517869438614], [9.861097638116549, 62.858242534038276], [9.860557579838822, 62.85795288939436], [9.860017532179125, 62.857663242772034], [9.859477495137172, 62.857373594171435], [9.858937468712703, 62.85708394359258], [9.858593123869307, 62.8568014486506], [9.858444454651755, 62.85652611072636], [9.858100120901607, 62.85624361467204], [9.858100120901607, 62.85624361467204]]}}, {"type": "Feature", "properties": {"rank": 273, "peak": "Kjerkhaugen (haug, 0.5 km)", "near": "Fjellsl\u00e6ttet (eng, 2.3 km)", "band_length_m": 529, "drop": 202.39, "aspect": 239.05, "terrain": "trees", "approach_h": 0.23, "score": 430.0}, "geometry": {"type": "LineString", "coordinates": [[9.921463934980448, 62.84739202897673], [9.920892523721717, 62.84728141668196], [9.920352062278834, 62.84699199770323], [9.919811611449013, 62.846702576741336], [9.91927117123199, 62.84641315379634], [9.91873074162749, 62.846123728868314], [9.91819032263524, 62.845834301957346], [9.91763443434725, 62.845634274909855], [9.917094035129413, 62.8453448439619], [9.916553646523083, 62.84505541103123], [9.916013268527983, 62.84476597611791], [9.915457415333007, 62.8445659407798], [9.914870594692156, 62.844544706269545], [9.91431475359867, 62.84434466652522], [9.91395452388827, 62.84415170461222]]}}, {"type": "Feature", "properties": {"rank": 274, "peak": "Vassdalshaugan (haug, 0.7 km)", "near": "Hammarlia (li, 0.7 km)", "band_length_m": 850, "drop": 342.35, "aspect": 83.12, "terrain": "mixed", "approach_h": 0.98, "score": 429.0}, "geometry": {"type": "LineString", "coordinates": [[8.493636077156218, 62.675197481188796], [8.494198420620904, 62.67531376637657], [8.494741115174593, 62.67551922830346], [8.495283817310565, 62.67572468821587], [8.495865827933832, 62.67575178784298], [8.496467488286694, 62.675689705816886], [8.497069146255559, 62.675627621172325], [8.497651157041087, 62.67565471336975], [8.498233169032522, 62.67568180315923], [8.498815182229762, 62.675708890540776], [8.499397196632701, 62.67573597551438], [8.499979212241241, 62.675763058079994], [8.500561229055274, 62.675790138237645], [8.501143247074694, 62.675817215987315], [8.501725266299403, 62.675844291329], [8.502268024378926, 62.67604972481603], [8.502791160125085, 62.67634433665135], [8.503373191606078, 62.67637140528324], [8.503955224292001, 62.67639847150709], [8.504498008319414, 62.676603896652736], [8.505080046871454, 62.67663095826605], [8.50566208662814, 62.67665801747123], [8.506244127589367, 62.676685074268285], [8.506826169755024, 62.676712128657186], [8.507408213125016, 62.67673918063795], [8.507602227849294, 62.676748197429696]]}}, {"type": "Feature", "properties": {"rank": 275, "peak": "Midtre Gjevillvasskamben (fjell, 0.9 km)", "near": "Rensbekklia (li, 0.9 km)", "band_length_m": 919, "drop": 375.67, "aspect": 179.33, "terrain": "mixed", "approach_h": 1.15, "score": 427.0}, "geometry": {"type": "LineString", "coordinates": [[9.274186739757877, 62.71933302560384], [9.274822470460206, 62.71908897502542], [9.275458190698249, 62.718844921445786], [9.276093900472151, 62.718600864864996], [9.276535032921398, 62.71834884993086], [9.276587027450063, 62.71808092326871], [9.276639020911805, 62.71781299657188], [9.276691013306664, 62.717545069840405], [9.276743004634662, 62.717277143074234], [9.276794994895837, 62.717009216273425], [9.276846984090215, 62.71674128943795], [9.27689897221783, 62.716473362567804], [9.27695095927871, 62.716205435663014], [9.27700294527289, 62.71593750872355], [9.277054930200402, 62.715669581749424], [9.277106914061273, 62.71540165474065], [9.277158896855537, 62.71513372769718], [9.27721087858322, 62.71486580061909], [9.277262859244365, 62.71459787350632], [9.27731483883899, 62.7143299463589], [9.277366817367131, 62.714062019176836], [9.277418794828822, 62.71379409196008], [9.277470771224092, 62.7135261647087], [9.27752274655297, 62.71325823742267], [9.277574720815492, 62.71299031010195], [9.277626694011682, 62.71272238274662], [9.277678666141577, 62.71245445535661], [9.277678666141577, 62.71245445535661]]}}, {"type": "Feature", "properties": {"rank": 276, "peak": "Langhaugen (haug, 1.9 km)", "near": "Bj\u00f8rnabekken (bekk, 0.1 km)", "band_length_m": 532, "drop": 218.89, "aspect": 137.72, "terrain": "mixed", "approach_h": 0.25, "score": 426.0}, "geometry": {"type": "LineString", "coordinates": [[9.2568342009185, 62.51922926378275], [9.257465710007532, 62.51898524318964], [9.25809720879218, 62.518741219618114], [9.258728697272588, 62.51849719306827], [9.259360175448904, 62.51825316354017], [9.259991643321266, 62.518009131033914], [9.260623100889825, 62.517765095549585], [9.261254548154723, 62.51752105708729], [9.26188598511611, 62.517277015647096], [9.262517411774125, 62.51703297122911], [9.263148828128921, 62.51678892383337], [9.263780234180631, 62.51654487346002], [9.263780234180631, 62.51654487346002]]}}, {"type": "Feature", "properties": {"rank": 277, "peak": null, "near": "Brattfonne (li, 2.5 km)", "band_length_m": 812, "drop": 361.22, "aspect": 208.37, "terrain": "mixed", "approach_h": 0.91, "score": 425.0}, "geometry": {"type": "LineString", "coordinates": [[8.614486392268065, 62.20064101753828], [8.613970136067383, 62.20034690508623], [8.613453889877075, 62.200052790830256], [8.612937653696864, 62.19975867477046], [8.61280340103398, 62.199482224010104], [8.61228718077435, 62.199188105717674], [8.611770970524077, 62.198893985621595], [8.611254770282905, 62.19859986372192], [8.610738580050567, 62.19830574001873], [8.610222399826803, 62.198011614512076], [8.609706229611342, 62.19771748720209], [8.609190069403933, 62.19742335808876], [8.608673919204307, 62.19712922717223], [8.608157779012199, 62.19683509445257], [8.608023581856871, 62.19655863973066], [8.607507457580647, 62.19626450477934], [8.606991343311197, 62.195970368025094], [8.606857160291343, 62.195693912343], [8.606722979589861, 62.195417456557806], [8.606206887142852, 62.19512331714378], [8.60569080470166, 62.19482917592697], [8.60555663813375, 62.19455271918184], [8.60504057160541, 62.19425857573401], [8.604715464108795, 62.193973274601646], [8.604715464108795, 62.193973274601646]]}}, {"type": "Feature", "properties": {"rank": 278, "peak": "Svarthaugen (haug, 2.4 km)", "near": "Holtabekken (bekk, 0.9 km)", "band_length_m": 570, "drop": 289.69, "aspect": 39.96, "terrain": "open", "approach_h": 0.34, "score": 425.0}, "geometry": {"type": "LineString", "coordinates": [[8.525010283222672, 62.466743961692124], [8.525530095011982, 62.46703844903301], [8.526088689668152, 62.46715456023024], [8.526627904083181, 62.46735985650218], [8.527167125959854, 62.46756515077593], [8.527686973349928, 62.46785963049478], [8.52820683094796, 62.468154108396], [8.52872669875422, 62.46844858447953], [8.529053904370038, 62.46873408853218], [8.529573790498214, 62.46902856167408], [8.53009368683541, 62.469323032998055], [8.530613593381897, 62.46961750250407], [8.531133510137947, 62.46991197019205], [8.531268071745703, 62.47018850178012], [8.531595320153073, 62.470474000375226], [8.531922574710995, 62.470759498275], [8.531864458801016, 62.47102706270952], [8.53199903165517, 62.471303593722226], [8.532133606862878, 62.47158012463196], [8.532075490812447, 62.47184768914659], [8.532017373580615, 62.47211525362011], [8.532537346608077, 62.47240971674334], [8.532710673219862, 62.472507870713635]]}}, {"type": "Feature", "properties": {"rank": 279, "peak": "Sjurshaugen (haug, 1.6 km)", "near": "Seminglia (li, 0.9 km)", "band_length_m": 540, "drop": 219.39, "aspect": 199.29, "terrain": "trees", "approach_h": 0.27, "score": 425.0}, "geometry": {"type": "LineString", "coordinates": [[9.253090895456257, 62.67057802917145], [9.252948752202203, 62.670302127062044], [9.25261236995689, 62.67001823976109], [9.252470233610078, 62.669742337232485], [9.252328099788812, 62.66946643458294], [9.25218596849302, 62.66919053181244], [9.251849605747283, 62.668906642873], [9.251707481357863, 62.66863073968338], [9.251371129348222, 62.66834684970197], [9.250840555640929, 62.668054971591935], [9.250504218315122, 62.667771079677486], [9.25055633567094, 62.66750316330297], [9.250608451959131, 62.66723524689364], [9.25066056717973, 62.66696733044945], [9.250695310067035, 62.6667887194673]]}}, {"type": "Feature", "properties": {"rank": 280, "peak": "Uppigardshaugen (haug, 1.7 km)", "near": "Gravh\u00f8randin (li, 0.5 km)", "band_length_m": 578, "drop": 329.06, "aspect": 66.56, "terrain": "trees", "approach_h": 0.37, "score": 422.0}, "geometry": {"type": "LineString", "coordinates": [[9.037048639475806, 62.12318108627299], [9.037620617940165, 62.12320581426713], [9.038192597467054, 62.12323053990332], [9.038764578056382, 62.12325526318152], [9.039336559708039, 62.123279984101764], [9.039908542421934, 62.12330470266402], [9.040480526197966, 62.12332941886827], [9.041052511036042, 62.12335413271452], [9.041624496936052, 62.123378844202776], [9.042196483897907, 62.12340355333299], [9.042768471921509, 62.123428260105186], [9.04334046100675, 62.12345296451935], [9.043894867516238, 62.12356694603354], [9.044431696088813, 62.12377020491379], [9.044968531908138, 62.12397346179065], [9.045487795504386, 62.12426599637206], [9.046007069086723, 62.12455852911524], [9.046526352655423, 62.12485106002007], [9.047045646210732, 62.12514358908652], [9.04756494975291, 62.12543611631448], [9.048084263282215, 62.12572864170392], [9.048603586798908, 62.12602116525472], [9.04912292030324, 62.12631368696687], [9.049642263795478, 62.126606206840215], [9.049780243066989, 62.126882273803396], [9.049727536014869, 62.127150114894285], [9.049709966761787, 62.12723939524986]]}}, {"type": "Feature", "properties": {"rank": 281, "peak": "\u00d8vre Kampen (haug, 2.6 km)", "near": "R\u00e5bekken (bekk, 0.7 km)", "band_length_m": 628, "drop": 277.85, "aspect": 342.37, "terrain": "open", "approach_h": 0.49, "score": 421.0}, "geometry": {"type": "LineString", "coordinates": [[10.084061230697603, 62.34433046695054], [10.084017257916916, 62.34459875999092], [10.08397328424358, 62.34486705300321], [10.083929309677579, 62.345135345987345], [10.083885334218879, 62.34540363894335], [10.083841357867456, 62.345671931871244], [10.083797380623293, 62.34594022477097], [10.08375340248635, 62.34620851764259], [10.083709423456613, 62.34647681048607], [10.08366544353405, 62.346745103301394], [10.08362146271864, 62.34701339608859], [10.08357748101035, 62.347281688847666], [10.08295625318143, 62.34752953790645], [10.082335015126, 62.347777384082946], [10.081713766843906, 62.348025227377086], [10.081092508334992, 62.34827306778876], [10.080663660202655, 62.34852772363744], [10.080042382646315, 62.348775559158135], [10.079421094862683, 62.34902339179612], [10.0787997968516, 62.34927122155133], [10.078178488612917, 62.34951904842365], [10.077971383593862, 62.34960165674045]]}}, {"type": "Feature", "properties": {"rank": 282, "peak": "Vassdalshaugan (haug, 1.1 km)", "near": "Halsen (li, 0.6 km)", "band_length_m": 534, "drop": 211.21, "aspect": 74.88, "terrain": "trees", "approach_h": 0.27, "score": 420.0}, "geometry": {"type": "LineString", "coordinates": [[8.497331904360742, 62.678883233461036], [8.49791397937454, 62.678910325350905], [8.498496055594494, 62.67893741483248], [8.499078133020502, 62.678964501905774], [8.49966021165246, 62.67899158657078], [8.500183371200105, 62.67928620843108], [8.50076545742937, 62.679313288588176], [8.501327907956846, 62.67942954640136], [8.501909998325972, 62.67945662184463], [8.502492089900578, 62.67948369487953], [8.503054550825073, 62.67959994587447], [8.503617016278268, 62.6797161946621], [8.504179486260115, 62.67983244124241], [8.504761587841699, 62.67985950495225], [8.505343690628274, 62.67988656625363], [8.505925794619737, 62.679913625146554], [8.506119829551299, 62.67992264424232]]}}, {"type": "Feature", "properties": {"rank": 283, "peak": "Gammals\u00e6terh\u00f8a (haug, 1.9 km)", "near": "Gammals\u00e6terlia (li, 0.1 km)", "band_length_m": 829, "drop": 376.4, "aspect": 170.49, "terrain": "trees", "approach_h": 0.99, "score": 417.0}, "geometry": {"type": "LineString", "coordinates": [[9.450803182272638, 62.473449226904975], [9.450853074654994, 62.473181210344954], [9.450902966021376, 62.47291319375192], [9.450952856371824, 62.47264517712582], [9.451002745706361, 62.472377160466685], [9.451052634025023, 62.47210914377451], [9.451102521327833, 62.4718411270493], [9.45115240761482, 62.47157311029103], [9.451202292886018, 62.47130509349976], [9.451252177141455, 62.47103707667542], [9.45130206038116, 62.47076905981806], [9.451351942605164, 62.47050104292766], [9.45140182381349, 62.47023302600423], [9.451451704006173, 62.469965009047755], [9.451501583183244, 62.46969699205826], [9.451551461344728, 62.469428975035726], [9.451601338490656, 62.46916095798015], [9.451651214621059, 62.468892940891564], [9.451701089735966, 62.46862492376991], [9.451750963835401, 62.46835690661525], [9.4518008369194, 62.46808888942754], [9.45242969000148, 62.46784395717077], [9.452479555915582, 62.46757593965475], [9.452529420814434, 62.46730792210573], [9.45257928469807, 62.46703990452366], [9.452629147566515, 62.46677188690859], [9.452662388914831, 62.46659320848021]]}}, {"type": "Feature", "properties": {"rank": 284, "peak": "Geitryggen (haug, 1.8 km)", "near": "Brattfonne (li, 0.3 km)", "band_length_m": 670, "drop": 347.6, "aspect": 212.68, "terrain": "trees", "approach_h": 0.61, "score": 416.0}, "geometry": {"type": "LineString", "coordinates": [[8.648745090425658, 62.188168728729195], [8.648228699308309, 62.18787474245713], [8.647712318194628, 62.18758075437897], [8.64738686987252, 62.18729554931393], [8.646870506719432, 62.187001558311465], [8.646354153569254, 62.18670756550305], [8.645837810421723, 62.18641357088882], [8.645321477276578, 62.18611957446878], [8.645186979629493, 62.18584315197161], [8.6448615732882, 62.18555794147409], [8.644917991306194, 62.185290306665344], [8.644974408187581, 62.185022671816846], [8.64445810663859, 62.18472867255731], [8.643941815090608, 62.184434671492276], [8.643425533543368, 62.1841406686218], [8.642909261996618, 62.18384666394597], [8.642393000450086, 62.18355265746482], [8.641876748903515, 62.183258649178484], [8.641360507356643, 62.18296463908696], [8.640844275809204, 62.1826706271904], [8.640328054260946, 62.1823766134888], [8.640002729939368, 62.18209139255589], [8.639868297086783, 62.18181496566746], [8.63954298291392, 62.18152974377548], [8.639026793177926, 62.18123572560416], [8.639026793177926, 62.18123572560416]]}}, {"type": "Feature", "properties": {"rank": 285, "peak": "Tytinghaugan (haug, 0.3 km)", "near": "Slettrabben (li, 0.2 km)", "band_length_m": 577, "drop": 230.53, "aspect": 62.88, "terrain": "trees", "approach_h": 0.39, "score": 415.0}, "geometry": {"type": "LineString", "coordinates": [[8.610663114728014, 62.64789859821859], [8.6112447119913, 62.64792521257148], [8.611787753122593, 62.648130224302115], [8.612350079074785, 62.648246034030706], [8.612912409530201, 62.648361841550475], [8.613455470418321, 62.648566847036356], [8.613998538867683, 62.648771850501895], [8.61452234360332, 62.64906605230157], [8.615046158695986, 62.64936025226036], [8.61558925275669, 62.649565249848635], [8.616113087231984, 62.64985944603787], [8.61663693206506, 62.65015364038601], [8.617160787256202, 62.65044783289296], [8.617703915955634, 62.65065282267461], [8.617897802237666, 62.65066168487379]]}}, {"type": "Feature", "properties": {"rank": 286, "peak": "Vanghaugen (haug, 0.9 km)", "near": "Blokkhusk\u00e5sa (li, 0.4 km)", "band_length_m": 551, "drop": 227.82, "aspect": 145.08, "terrain": "mixed", "approach_h": 0.33, "score": 414.0}, "geometry": {"type": "LineString", "coordinates": [[9.316611033254219, 62.54382446246773], [9.317242598172523, 62.54358017204404], [9.317680715146723, 62.543327992575854], [9.318312260781902, 62.5430836970912], [9.318943796089343, 62.54283939863077], [9.319575321069195, 62.542595097194685], [9.320206835721597, 62.54235079278302], [9.320838340046707, 62.542106485395834], [9.321469834044665, 62.54186217503324], [9.32210131771562, 62.54161786169532], [9.322732791059714, 62.541373545382164], [9.323364254077097, 62.541129226093865], [9.323995706767912, 62.540884903830516], [9.32441666949155, 62.540722020668845]]}}, {"type": "Feature", "properties": {"rank": 287, "peak": null, "near": "Huslia (li, 0.7 km)", "band_length_m": 884, "drop": 472.36, "aspect": 40.21, "terrain": "mixed", "approach_h": 1.14, "score": 413.0}, "geometry": {"type": "LineString", "coordinates": [[8.681695800512358, 62.6324854194978], [8.682220012976572, 62.63277937246744], [8.682744235790445, 62.633073323591105], [8.68326846895426, 62.63336727286868], [8.683792712468287, 62.633661220300134], [8.684316966332801, 62.63395516588538], [8.684898373735686, 62.63398147141434], [8.685441690428343, 62.63418620021503], [8.685985014670587, 62.63439092699166], [8.686566432478163, 62.63441722570266], [8.687090727411146, 62.634711161363064], [8.687634072836886, 62.634915881976305], [8.688158387137205, 62.63520981385682], [8.688682711789584, 62.63550374389059], [8.688819414797573, 62.63578014695878], [8.689149938007295, 62.63606531244499], [8.689674287373624, 62.63635923904465], [8.690004825075047, 62.63664440267623], [8.689947721413295, 62.63691204342337], [8.690278267652214, 62.63719720650484], [8.69041499256115, 62.63747360825784], [8.69093937889222, 62.63776753053778], [8.691269943893673, 62.63805269148922], [8.691794348818783, 62.6383466107769], [8.692318764098733, 62.63864052821722], [8.6926493518349, 62.63892568616845], [8.692592266446942, 62.63919332819406], [8.69292286272306, 62.63947848559487], [8.693059621788874, 62.63975488514671], [8.69358407404196, 62.6400487982659], [8.69410853665137, 62.64034270953745], [8.694633009617393, 62.640636618961224], [8.695214559439378, 62.64066288325373], [8.69579611042816, 62.640689145139646], [8.696339625285269, 62.64089383387796], [8.696339625285269, 62.64089383387796]]}}, {"type": "Feature", "properties": {"rank": 288, "peak": "\u00d8ver F\u00f8ruhaugen (haug, 1.3 km)", "near": "Bj\u00f8rseten (li, 1.5 km)", "band_length_m": 965, "drop": 456.38, "aspect": 93.2, "terrain": "mixed", "approach_h": 1.34, "score": 412.0}, "geometry": {"type": "LineString", "coordinates": [[9.010801621789488, 62.56937299262616], [9.011364107687148, 62.569487197392114], [9.011944613231735, 62.569512131453884], [9.012525119879461, 62.569537063112854], [9.01314165082747, 62.5693834550054], [9.013722156239217, 62.56940838166977], [9.014320670726667, 62.569344037054265], [9.01491918275236, 62.56927968984286], [9.015499688030253, 62.56930460910986], [9.016080194410623, 62.569329525974084], [9.016678702737357, 62.56926517117217], [9.01725920960137, 62.56929008313633], [9.017839717567535, 62.569314992697706], [9.01842022663575, 62.56933989985629], [9.019000736805912, 62.569364804612086], [9.019581248077916, 62.56938970696503], [9.020161760451657, 62.56941460691519], [9.020742273927038, 62.56943950446251], [9.021322788503948, 62.56946439960701], [9.021903304182288, 62.56948929234863], [9.022483820961954, 62.56951418268741], [9.023064338842843, 62.569539070623335], [9.023644857824848, 62.56956395615638], [9.024225377907872, 62.56958883928655], [9.024769945471233, 62.569792261180794], [9.02535047119827, 62.56981713969393], [9.025930998026038, 62.569842015804134], [9.026493554124192, 62.569956160371895], [9.027074084874297, 62.56998103177056], [9.027654616724831, 62.570005900766276], [9.02823514967569, 62.57003076735902], [9.028815683726767, 62.570055631548804], [9.029396218877965, 62.57008049333557], [9.029976755129177, 62.57010535271935], [9.030557292480296, 62.570130209700146], [9.030944317992057, 62.57014677968566]]}}, {"type": "Feature", "properties": {"rank": 289, "peak": "Hungerhaugan (haug, 0.9 km)", "near": "Heimeseterlia (li, 0.9 km)", "band_length_m": 556, "drop": 300.56, "aspect": 296.15, "terrain": "mixed", "approach_h": 0.36, "score": 409.0}, "geometry": {"type": "LineString", "coordinates": [[9.162183993120886, 62.97767862406035], [9.161595245450194, 62.97765422550976], [9.161024377074824, 62.977540537172324], [9.160417753438008, 62.97760542106834], [9.159811127232546, 62.977670302326516], [9.159204498458525, 62.97773518094689], [9.15859786711606, 62.977800056929375], [9.157991233205252, 62.97786493027398], [9.157384596726205, 62.97792980098068], [9.156777957679019, 62.97799466904946], [9.156135529153214, 62.97823810759544], [9.155493089961489, 62.97848154309699], [9.154850640103689, 62.97872497555407], [9.154226079540695, 62.97887911872786], [9.153601512484158, 62.97903325906424], [9.152959034923665, 62.97927668259865], [9.152316546696639, 62.97952010308824], [9.151674047802922, 62.97976352053293], [9.151049448697822, 62.97991764921418], [9.15040693061877, 62.980161060674476], [9.149764401872654, 62.9804044690896], [9.149121862459316, 62.98064787445948], [9.148907680284351, 62.98072900890603]]}}, {"type": "Feature", "properties": {"rank": 290, "peak": "Rat\u00f8yrabban (haug, 2.7 km)", "near": "Kontrabakklia (li, 1.4 km)", "band_length_m": 605, "drop": 239.3, "aspect": 252.98, "terrain": "trees", "approach_h": 0.48, "score": 409.0}, "geometry": {"type": "LineString", "coordinates": [[9.019793537213056, 62.92704435886774], [9.019187686426667, 62.92710864357354], [9.018600106081427, 62.927083660641784], [9.018030801484056, 62.92696941035937], [9.017461501430795, 62.926855157824185], [9.016892205921677, 62.92674090303628], [9.01630463541199, 62.926715910631934], [9.015753628536032, 62.92651238670251], [9.015166063829003, 62.9264873896098], [9.01457850025468, 62.92646239007728], [9.014009224181208, 62.92634812384322], [9.013439952652185, 62.92623385535666], [9.012888975195397, 62.926030320534885], [9.01233800544271, 62.925826783639735], [9.011805335829466, 62.92553398075934], [9.011272676827641, 62.9252411759765], [9.010703437877142, 62.92512689677754], [9.010703437877142, 62.92512689677754]]}}, {"type": "Feature", "properties": {"rank": 291, "peak": "H\u00f8ghaugen (haug, 1.0 km)", "near": "Seterlia (li, 0.2 km)", "band_length_m": 648, "drop": 297.89, "aspect": 90.9, "terrain": "trees", "approach_h": 0.59, "score": 408.0}, "geometry": {"type": "LineString", "coordinates": [[8.822650011363791, 62.909066866264986], [8.82318045789689, 62.90936035889933], [8.823710915013148, 62.90965384965079], [8.824260233153533, 62.90985810554418], [8.82484725648098, 62.909883893235715], [8.82543428097513, 62.90990967849125], [8.826021306635877, 62.90993546131081], [8.82660833346311, 62.90996124169433], [8.827195361456724, 62.90998701964186], [8.82778239061661, 62.910012795153364], [8.828369420942664, 62.91003856822882], [8.828956452434777, 62.910064338868246], [8.829543485092847, 62.910090107071596], [8.830130518916762, 62.91011587283891], [8.830717553906416, 62.91014163617014], [8.831304590061702, 62.9101673970653], [8.831891627382513, 62.91019315552436], [8.832516316968848, 62.91004044282447], [8.833103353092197, 62.91006619621433], [8.83374685547538, 62.90982424346059], [8.834352708311972, 62.90976075700658], [8.834958558655915, 62.90969726791526], [8.835564406507112, 62.90963377618664], [8.835955760620081, 62.90965093686972]]}}, {"type": "Feature", "properties": {"rank": 292, "peak": "Gammelseterhaugen (haug, 0.4 km)", "near": "Mari\u00f8ya (li, 0.1 km)", "band_length_m": 591, "drop": 244.19, "aspect": 94.85, "terrain": "trees", "approach_h": 0.46, "score": 405.0}, "geometry": {"type": "LineString", "coordinates": [[8.675265822406374, 62.80883266296912], [8.675908319681486, 62.80859142000812], [8.676512375254827, 62.80852859211965], [8.677116428385132, 62.80846576160177], [8.67770126702845, 62.80849213772793], [8.678286106856671, 62.80851851143032], [8.678851739190735, 62.80863409217908], [8.679436583136736, 62.80866046113452], [8.680021428267334, 62.80868682766617], [8.680606274582427, 62.808713191774025], [8.681171920264598, 62.80882876332588], [8.681737570496166, 62.80894433265055], [8.682303225277096, 62.80905989974796], [8.682849687508899, 62.809264674769665], [8.683415353005326, 62.809380237508535], [8.683961829054848, 62.80958500835926], [8.684546697646004, 62.8096113563041], [8.685131567420903, 62.80963770182501], [8.68571643837944, 62.80966404492196], [8.686320497523687, 62.80960117485383], [8.686924554222813, 62.809538302156376], [8.687509425234545, 62.80956463778054], [8.688075115804384, 62.80968018202758], [8.688679170807482, 62.8096173017569], [8.688679170807482, 62.8096173017569]]}}, {"type": "Feature", "properties": {"rank": 293, "peak": "Skaftet (rygg, 2.6 km)", "near": "Stenlaupbekken (bekk, 1.2 km)", "band_length_m": 539, "drop": 283.49, "aspect": 329.28, "terrain": "open", "approach_h": 0.33, "score": 405.0}, "geometry": {"type": "LineString", "coordinates": [[12.032593974211876, 62.93234064966123], [12.031976619006562, 62.93259713595665], [12.031359253006, 62.932853619483936], [12.030741876209998, 62.933110100243056], [12.03012448861837, 62.93336657823388], [12.029507090230924, 62.93362305345635], [12.028889681047472, 62.93387952591035], [12.028272261067823, 62.93413599559581], [12.02765483029179, 62.934392462512626], [12.027037388719185, 62.93464892666073], [12.026419936349813, 62.93490538804001], [12.025802473183491, 62.9351618466504], [12.025184999220023, 62.9354183024918], [12.024764238936978, 62.935678904172335], [12.024540197355199, 62.93594365347888], [12.024119423719412, 62.93620425314713], [12.023895372194941, 62.93646900135873], [12.023868047991774, 62.936737899079], [12.023840723221797, 62.93700679678226], [12.023813397884993, 62.93727569446853], [12.02380428931343, 62.937365327026825]]}}, {"type": "Feature", "properties": {"rank": 294, "peak": "Knatten (haug, 2.2 km)", "near": "Hauklii (li, 0.9 km)", "band_length_m": 760, "drop": 352.32, "aspect": 331.14, "terrain": "open", "approach_h": 0.88, "score": 404.0}, "geometry": {"type": "LineString", "coordinates": [[9.411948521278077, 62.13662360763006], [9.411326376604245, 62.136868435723684], [9.410720735631468, 62.137023923796384], [9.41009857291715, 62.1372687461505], [9.409476400180944, 62.137513565585714], [9.408854217422723, 62.13775838210186], [9.408232024642338, 62.1380031956989], [9.407800700816978, 62.13825573978586], [9.40756025029202, 62.13851601619961], [9.406938031456928, 62.138760823663524], [9.40669756935577, 62.13902109843766], [9.406266218032439, 62.139273637408415], [9.406025745914008, 62.1395339108926], [9.405785269566525, 62.139794183906645], [9.405735678661959, 62.140062192833184], [9.405495195415632, 62.140322465256745], [9.405445600842294, 62.14059047402972], [9.405205110696766, 62.14085074586277], [9.40496461632166, 62.141111017225626], [9.404533220135402, 62.14136355024929], [9.4041018167109, 62.141616081840475], [9.403479505680215, 62.141860872642646], [9.403048086330045, 62.14211340075632], [9.402616659741145, 62.142365927437396], [9.401994321310571, 62.14261071122927], [9.401562878795028, 62.142863234432525], [9.401513244151774, 62.14313124130356], [9.401463608508507, 62.14339924814138], [9.401413971865198, 62.14366725494598], [9.40136433422182, 62.14393526171739], [9.401331241903959, 62.144113932879876]]}}, {"type": "Feature", "properties": {"rank": 295, "peak": "Langh\u00f8a (haug, 0.9 km)", "near": "Kvannriset (li, 0.5 km)", "band_length_m": 787, "drop": 400.42, "aspect": 39.26, "terrain": "open", "approach_h": 0.95, "score": 404.0}, "geometry": {"type": "LineString", "coordinates": [[11.0853352910492, 62.198455533422106], [11.085875655344607, 62.19874045596026], [11.086416029807463, 62.19902537646134], [11.086956414438013, 62.19931029492527], [11.087496809236498, 62.19959521135198], [11.08803721420317, 62.19988012574138], [11.088577629338266, 62.20016503809339], [11.089118054642034, 62.20044994840795], [11.089658490114717, 62.20073485668496], [11.09019893575656, 62.20101976292438], [11.090739391567809, 62.201304667126095], [11.091279857548704, 62.201589569290064], [11.091436837305405, 62.201863644865625], [11.091402069973809, 62.20213230780828], [11.09175080511301, 62.20241179552475], [11.092291300197592, 62.20269669393709], [11.092831805452967, 62.202981590311396], [11.093372320879375, 62.20326648464759], [11.093912846477064, 62.203551376945605], [11.094453382246279, 62.20383626720535], [11.094993928187264, 62.20412115542674], [11.095534484300263, 62.20440604160971], [11.096086627191717, 62.2046013709768], [11.0966272021883, 62.204886253028754], [11.096976016999964, 62.205165728131526], [11.097324838203196, 62.20544520239772], [11.097313264850378, 62.20553475729626]]}}, {"type": "Feature", "properties": {"rank": 296, "peak": "Kolla (haug, 1.9 km)", "near": "Negardslia (li, 0.5 km)", "band_length_m": 546, "drop": 246.53, "aspect": 205.6, "terrain": "mixed", "approach_h": 0.36, "score": 401.0}, "geometry": {"type": "LineString", "coordinates": [[9.088300538554936, 62.70440169159117], [9.088354205085022, 62.70413385408693], [9.08801905763771, 62.703849585984884], [9.08748951226684, 62.70355710102047], [9.086959977333763, 62.70326461416532], [9.086624852896264, 62.70298034297052], [9.086289734805506, 62.70269607104039], [9.086343415607983, 62.70242823444438], [9.086008306242078, 62.70214396193041], [9.085478810855939, 62.701851469894244], [9.08494932590607, 62.7015589759677], [9.084419851392193, 62.7012664801509], [9.083890387314042, 62.700973982443884], [9.083360933671337, 62.70068148284679], [9.082831490463805, 62.70038898135962], [9.082885197245856, 62.70012114635049], [9.083133281284024, 62.699861533463356], [9.083186984124985, 62.69959369828773], [9.083186984124985, 62.69959369828773]]}}, {"type": "Feature", "properties": {"rank": 297, "peak": "Blakhaugen (haug, 2.1 km)", "near": "Gammals\u00e6terlia (li, 1.1 km)", "band_length_m": 853, "drop": 393.83, "aspect": 359.71, "terrain": "trees", "approach_h": 1.13, "score": 400.0}, "geometry": {"type": "LineString", "coordinates": [[9.451895217912925, 62.45504237180886], [9.451845373336335, 62.45531038954392], [9.451795527745322, 62.45557840724594], [9.451745681139842, 62.45584642491496], [9.451695833519874, 62.45611444255094], [9.451645984885388, 62.456382460153904], [9.45159613523636, 62.45665047772385], [9.450967515827145, 62.45689540889181], [9.450338886148227, 62.45714033710655], [9.44971024619945, 62.457385262368035], [9.449467449938542, 62.457645581171], [9.449417578099018, 62.457913597701655], [9.449367705244429, 62.45818161419927], [9.449317831374746, 62.45844963066382], [9.449267956489933, 62.458717647095376], [9.44921808058997, 62.45898566349385], [9.449168203674821, 62.459253679859295], [9.449118325744461, 62.459521696191686], [9.449068446798856, 62.45978971249103], [9.44901856683798, 62.46005772875733], [9.448968685861802, 62.46032574499058], [9.448918803870296, 62.46059376119078], [9.448868920863429, 62.460861777357934], [9.44881903684117, 62.46112979349204], [9.448769151803495, 62.461397809593116], [9.448719265750372, 62.46166582566111], [9.44886233322145, 62.46194154094329], [9.448812446849608, 62.462209557032644], [9.44876255946226, 62.46247757308896], [9.448712671059383, 62.46274558911222], [9.448662781640945, 62.46301360510245], [9.448612891206917, 62.4632816210596], [9.44856299975727, 62.4635496369837], [9.448722704294871, 62.463736013812074]]}}, {"type": "Feature", "properties": {"rank": 298, "peak": "Litlnebba (haug, 1.4 km)", "near": "Hjellbakkan (li, 1.5 km)", "band_length_m": 1130, "drop": 470.95, "aspect": 105.26, "terrain": "open", "approach_h": 1.83, "score": 399.0}, "geometry": {"type": "LineString", "coordinates": [[8.486383801344399, 62.62278462072737], [8.487023661743708, 62.62254420978723], [8.487663511817475, 62.62230379578558], [8.488303351565838, 62.622063378722466], [8.48894318098893, 62.621822958598024], [8.48958300008689, 62.6215825354123], [8.49022280885985, 62.621342109165404], [8.490862607307955, 62.62110167985742], [8.491482777975774, 62.62095042655399], [8.492083326827071, 62.62088834959145], [8.49268387330522, 62.6208262700164], [8.493264805383975, 62.62085336721211], [8.49384573866447, 62.620880462005545], [8.494426673146597, 62.62090755439676], [8.495007608830255, 62.62093464438571], [8.495588545715343, 62.62096173197235], [8.496169483801753, 62.62098881715672], [8.496789626358405, 62.62083753993418], [8.49737056340545, 62.620864620108435], [8.497951501653485, 62.62089169788041], [8.498532441102414, 62.62091877325007], [8.499113381752124, 62.62094584621742], [8.499694323602522, 62.62097291678242], [8.500275266653498, 62.62099998494512], [8.500856210904951, 62.62102705070546], [8.501437156356777, 62.62105411406343], [8.50201810300888, 62.621081175019064], [8.502599050861145, 62.62110823357231], [8.503179999913474, 62.6211352897232], [8.50376095016577, 62.62116234347166], [8.50432232242205, 62.62127857615748], [8.504883699186788, 62.62139480664152], [8.505464656480381, 62.621421853388014], [8.506045614973544, 62.62144889773208], [8.506432921302034, 62.62146692596007]]}}, {"type": "Feature", "properties": {"rank": 299, "peak": "Svehaugen (haug, 2.1 km)", "near": "Langranden (li, 2.1 km)", "band_length_m": 603, "drop": 254.48, "aspect": 77.17, "terrain": "open", "approach_h": 0.51, "score": 399.0}, "geometry": {"type": "LineString", "coordinates": [[10.027469942886984, 62.20000641627912], [10.028044323187373, 62.20002706257523], [10.028618704380818, 62.20004770649617], [10.029193086467215, 62.20006834804194], [10.029767469446465, 62.200088987212546], [10.030341853318468, 62.20010962400794], [10.030916238083122, 62.20013025842816], [10.031490623740329, 62.20015089047317], [10.032065010289985, 62.20017152014298], [10.032639397731987, 62.20019214743758], [10.033184348649577, 62.20039162439604], [10.033744024074187, 62.20050167318802], [10.034318419247901, 62.20052229358989], [10.034892815313588, 62.2005429116165], [10.035467212271145, 62.200563527267825], [10.036041610120472, 62.20058414054388], [10.036601300016056, 62.20069417792213], [10.037175701333775, 62.20071478652519], [10.037720692295641, 62.200914246008935], [10.038295098766588, 62.20093485001656], [10.038486567788308, 62.20094171749123]]}}, {"type": "Feature", "properties": {"rank": 300, "peak": "Snekkerhaugen (haug, 0.9 km)", "near": "Hevleslia (li, 0.4 km)", "band_length_m": 615, "drop": 228.42, "aspect": 300.89, "terrain": "trees", "approach_h": 0.54, "score": 399.0}, "geometry": {"type": "LineString", "coordinates": [[9.677791094352257, 62.562307731211824], [9.677162015545843, 62.56255367645731], [9.676532926371143, 62.56279961875765], [9.675903826828, 62.5630455581128], [9.675274716916263, 62.56329149452264], [9.674645596635777, 62.5635374279871], [9.674048516743522, 62.563604616836194], [9.673435407106757, 62.56376117385346], [9.672838320210847, 62.56382835745329], [9.672225199786787, 62.56398490904229], [9.671612072995885, 62.564141457871486], [9.671014974676398, 62.56420863355327], [9.670401837098474, 62.564365176953935], [9.66978869315379, 62.564521717594616], [9.669191583411376, 62.564588885358056], [9.668578428679949, 62.56474542056995], [9.66796526758184, 62.56490195302175], [9.667545792817934, 62.565065886372416]]}}]}